method,dataset,fit_seed,status,native_validation_value,artifact_bytes,elapsed_seconds,job_sha256
ARF,02a45777900441ce,23,ok,-126.56121266153957,110961,19.829048770014197,0918a464b36a97856f9a7a93dd996075de882a2440e01d750080a21007e6ef58
ARF,02a45777900441ce,23,ok,-318.8492927991786,2521898,32.83815699722618,a28f3d62ead30a890abb84694927c78f8a18000e975d72bbec3ee0d69d95abe2
ARF,02a45777900441ce,37,ok,-68.44441120206886,112270,9.837401136290282,912111f7f72a4d7a50c7a3cc5b9d996a307fb7d8f4a5599e22202d4fef03ff46
ARF,02a45777900441ce,37,ok,-383.90736253844284,2575578,14.159825965296477,acbedb01a4b03d0a7c01b2e499a1921e63a9c460d7fed49aaeb1b998942b25aa
ARF,02a45777900441ce,53,ok,-363.3120836504233,2484679,13.337760107126087,148b2c6b9024e2304d59b810bef6f786d59ea9374ceb8e99fcbc7f2dad51af9e
ARF,02a45777900441ce,53,ok,-123.01200430313925,105870,9.508905986789614,c82bc65faf4e37851b72d0dd470c8907934475638dfa29294816b00774b08123
ARF,02a45777900441ce,71,ok,-424.66420889853515,2500298,13.930890860036016,36bd59046fc72ada24d555169e72a2558d023369bb2e6b8c7d5e5a7698ace42e
ARF,02a45777900441ce,71,ok,-102.62630919182473,113912,9.19335443014279,673c3c9bb86f40cdcb65430a588efeeb280ad0e1bbbe5061bc10a6b1e93da78b
ARF,047e62b52a3f4ede,23,ok,13.795620029876487,612106,10.93216244224459,57cb489abde62817ac8861470f714ed6489d0850bad7f96b23938ced536393e6
ARF,047e62b52a3f4ede,23,ok,13.720981329159754,364564,9.357461280189455,e41346650068ad95dec32ab752d0eb1db195a7e6368aedbb1d4f8550a11eb9a3
ARF,047e62b52a3f4ede,37,ok,13.712568807274538,643856,10.611450068186969,57478d04a95c9b53fe93f1e6e070f3e5ca03c2c27020de94e0153ba4f8c9cb79
ARF,047e62b52a3f4ede,37,ok,13.589689424285558,371994,9.347128218971193,6aa7b4e2626cc6e8b5ce315647ea5e68ea5d44e0f1416673251bca41e4bb4c3b
ARF,047e62b52a3f4ede,53,ok,13.54116995710354,372286,9.0203213468194,192f5e5e7a0205da5d094877e1d1c161794b31027960b5c3981ed1bb1de77c64
ARF,047e62b52a3f4ede,53,ok,13.669803740393942,617564,9.631239512003958,995b7480517f49c721787bd1598bd780d535cf2798c22b6f690e2ba67233894d
ARF,047e62b52a3f4ede,71,ok,13.678763541364484,394503,9.281587752047926,5209e2810acff3d66a3e2f66f0822b332f85d34c54e23dfea76445bc08575a85
ARF,047e62b52a3f4ede,71,ok,13.691474443436196,638284,9.686276402324438,d035488185384f6d23d4b5d0b94b31b208c743c7c3c078d072817c2f0684c507
ARF,04c80944e971cb3e,23,ok,3.132375541871804,229752,9.462525459006429,2c951fe6d111aee1560d4dd562165df7a51e5748eb7e60c1806f576181caa1fa
ARF,04c80944e971cb3e,23,ok,3.149404298710032,136419,9.094171664211899,8690c25896171991af40cc45a2f906a32ea8481ff4b12a11bbd9db4bc15b559e
ARF,04c80944e971cb3e,37,ok,3.1524743499841392,239263,9.617206988856196,1983748de26652337edc5dc1e2076ea5381e1c0caf544e905633aaf66f5ec0ef
ARF,04c80944e971cb3e,37,ok,3.169903294919245,143768,9.517144929151982,48379cb06901f06b51cbfd32f363ecef1c082f4ddcc8555d6964179b3c075463
ARF,04c80944e971cb3e,53,ok,3.1229487088059438,133177,8.430387122090906,d0a338dcdeac1b4c014d6b448a36628b91a729127a61c4ffb951878e2a5bd838
ARF,04c80944e971cb3e,53,ok,3.1418927935938994,225981,8.922685544006526,f7f38c756521fdac8de7f2527c7cbc6614a8e7d01dcea6f85f89be85d883db2d
ARF,04c80944e971cb3e,71,ok,3.134306988243072,144689,8.53091071313247,65c0eb4b973b0f8a7b0e02bad7e243c6b9ac212fc517ee3bfa2f3e41ede4667d
ARF,04c80944e971cb3e,71,ok,3.1470697297212618,241847,9.080114574171603,b2b9b6b2aab90c829150dcf3fd9ef14fc0ce609c4ac161fa1447dfdac4c60976
ARF,0561d673cb73c27e,23,ok,8.594755674229813,893688,20.781311638187617,59f1d20369fa8c8699b9919c3d02a3b8d927e9e41670519384030db32b0d88f5
ARF,0561d673cb73c27e,23,ok,8.65816286146635,1514792,19.854231883771718,a4293aa7e6618e7cab38319270457c6435bf5a3cd5a4c79ae31c08c1aaffb1d0
ARF,0561d673cb73c27e,37,ok,8.754239748744832,1542863,15.052430195268244,6648c980672d996fab699483aa38dc2b5b2df8474271e8d345080b62fae5a1fb
ARF,0561d673cb73c27e,37,ok,8.684777196433041,936683,11.482282137032598,9d95fd37540d38f9fd092961cfbb8c13acd2b79b065f7990a7523811e6bef037
ARF,0561d673cb73c27e,53,ok,8.672397992554124,941155,11.21566886920482,2934ed82cfac92ccf4256cbfbff193a8454b92e27cc6e24733484215d5308315
ARF,0561d673cb73c27e,53,ok,8.672781185854415,1571661,12.843612737953663,5b45c08fd6957321e2b0a102c5c97b5ac01d3709aaa652ce8a5521c4120b8a72
ARF,0561d673cb73c27e,71,ok,8.634408965738112,1621829,12.449385451618582,6efe7d6908e472e988a8852ba79e7e3e7524c745d5caa1beb031e79ee52fe093
ARF,0561d673cb73c27e,71,ok,8.615687251755123,957450,11.460453591309488,737d18c6527ee5d81b2571b5c1c7d5bf94b8ada175fa27dde48d37e6d150facf
ARF,060b9fff8092db17,23,ok,-2.0798643496840463,9166096,45.006704985164106,d39fe96cfbf55e951f65ec321a9cc148e5d192a79f7fe326757836021af135e6
ARF,060b9fff8092db17,23,ok,-2.1733894292494957,5491178,32.010731868911535,dfaab3c4fbf196b3f4cea658897a7e330bd663f77887878b294ae652647c5db1
ARF,060b9fff8092db17,37,ok,-2.0944512943036484,5514626,22.27592430310324,d6551da2bf0a64a6cdac792e618dbfcb79ad8843294684ccb6f3b2e63fbf2bc8
ARF,060b9fff8092db17,37,ok,-2.0256587797507537,9184267,28.814423027914017,fbcc163fee5508e1e89beea44998700aecca28cd1850e8d4c2056a5803f7dca8
ARF,060b9fff8092db17,53,ok,-2.098032666800967,5503181,26.804563055280596,4243b3336a7233ef729cc1c0c7906c1cbc6231d2b465a60a10edd64da42fb8e8
ARF,060b9fff8092db17,53,ok,-2.0087729775256893,9350681,53.83945037564263,6b170b9d148902b650e888ff22b9a2e151e5d634aa5a4a192c1e99994c70eb03
ARF,060b9fff8092db17,71,ok,-2.0494786606600495,5457057,22.185651327017695,35b3dd077481eca36a8882e8990542a70aefcced3195a3c0eb7f937f0678739c
ARF,060b9fff8092db17,71,ok,-1.951915937018937,9122304,27.883980727288872,e7cc0b65d968c6394ea45b49fa76037d4555ec68601b3df9a38f0c7d81b0c858
ARF,06b0312a585b436e,23,ok,-4.2673750220813735,451525,22.785794799681753,b9cc4a57b009c55e5fa2d5375eb206be68e6ddd23362e063d4d7b4682d12f95b
ARF,06b0312a585b436e,23,ok,-11.790534264727746,2840375,38.455275646876544,d327ae91c746a5dbd34d51a6381c0685bc3ff6571a2069c33ed55a7649499521
ARF,06b0312a585b436e,37,ok,-5.2242801890714885,2865768,14.726924865040928,32d8bcfc51af655cfc3d7d2f9f2126dc550fa9b831db85e702eaf6f1af18853a
ARF,06b0312a585b436e,37,ok,-4.45816092992904,477825,9.982006994076073,f3257565d8059412500f840ae06bfe7555377310f7c23a2f9b2a5a060da92d6d
ARF,06b0312a585b436e,53,ok,-4.142449872134969,450890,11.736321208998561,54aafaf4c27975244c31d98d4ed9b6ec68867255065111e8497f03a7f2776746
ARF,06b0312a585b436e,53,ok,-15.605569196339347,2864216,13.883465927094221,a9e7248b2c3f4ef593790a11673c4a4bfcb7cdd0d9b2dc3cad00bb64cafcb17b
ARF,06b0312a585b436e,71,ok,-4.203720381214943,486337,11.212579834740609,0b00c9b8d38b3b50c8953affdbe4d87967ff177d778c39e87d48273c58d7e012
ARF,06b0312a585b436e,71,ok,-15.3648023967561,2912602,11.164535760413855,6b99ad20c60f7a7f0a5e4de408324282580d54cbd496c2c9fdfd92ad5f34f979
ARF,0779d3fd5b3133a2,23,ok,2.1701397320253633,360314,10.44267178978771,8f16151686c0e7e65b4f070bef7e22a9d25652d84adbd4f3077c9e3f19e2bc15
ARF,0779d3fd5b3133a2,23,ok,2.1584838397407364,217050,13.635208409745246,dd0694b04bfece3ac3de9adadef7a56db4cc09a682e368b34450e80b7f89255d
ARF,0779d3fd5b3133a2,37,ok,2.2362739110871726,369910,9.51308702910319,1652df3ce525152129590fb19e4ed95d383b5ac02a706374a7335d485b0402ca
ARF,0779d3fd5b3133a2,37,ok,2.246698294024064,221180,8.947947264648974,75aa2fd36edbb318b754ce652981ab2b3f1ca5ae8c0955c2d6ffd129ff8b98db
ARF,0779d3fd5b3133a2,53,ok,2.213267418553719,380852,9.361073576845229,59ebf84abe03434a90b7d6be17dd462a6656744ee124d5f99c19d591578a0730
ARF,0779d3fd5b3133a2,53,ok,2.255416614826587,229860,9.033225188963115,5c89e6243044d9efcca0e1ed7041878540940f5589db925c7cad2a664856eadf
ARF,0779d3fd5b3133a2,71,ok,2.1635694840466195,378007,9.706996289081872,9ec76cc795248162ec162868e950380c5eaa55d1819a2f4a5cc61c401bc8112b
ARF,0779d3fd5b3133a2,71,ok,2.154914891522936,227978,9.161880649160594,c663a57fc478ccf73109d9ec4cce0eec479a48a793148cd0f15f40669d2b838a
ARF,07f38946316c039b,23,ok,0.9523561780638669,4267127,26.527172478847206,1df0786cf6ed7147b9cdfd723578a12613c19fc65b22a6482746486aa0646f01
ARF,07f38946316c039b,23,ok,0.9131748021612444,2569156,20.963059931062162,60ff17768215b6d0eea1cef69d4cc7d26f6ff141010e185a345c1b6204cf08a3
ARF,07f38946316c039b,37,ok,1.0556918613771977,4072637,17.99666739627719,2d003bd04980b93e4912fa76dae6f10e07b9c049abd3ea273a40621568e425bd
ARF,07f38946316c039b,37,ok,0.9720397491244732,2443078,14.421246651560068,cd9dc5a1a1e0d5566b5e51fe484c9bf41861e5b9e94f4925a83ed6093c864f4b
ARF,07f38946316c039b,53,ok,0.9739047052386256,4146782,26.586298550944775,0a5b8395e87765a50f4a98824bf5f614cb1cf39dcf7d5a67d70b5e6a9062de09
ARF,07f38946316c039b,53,ok,0.9122749708282062,2492143,26.23186603980139,958586aaf50ee6f4d94c20d1abd3146553ca663638b2411e78d6293c3dea2ce0
ARF,07f38946316c039b,71,ok,0.9888853735451869,2541319,14.63898504478857,3e1cb9437cee561b6a58984c59ee78f6fd6850107f4e534c3d8f1f7129986179
ARF,07f38946316c039b,71,ok,0.9890508081533184,4248842,17.628648538142443,806d0dde382517b264e0d0f1d6b54ea93ddbd07af1b8f69a80609548cdde862f
ARF,0a8428ef25a69175,23,ok,9.512203752810231,2623850,26.312768920790404,10e38058d54a3aae5c44c7c75102d3ce6aae43564ffd5693dfb5943e37b28661
ARF,0a8428ef25a69175,23,ok,9.677907225841587,4453542,18.162084593903273,c4de697c107625436d5921e735968e22887315ea2f574ea3bef3114cb8887641
ARF,0a8428ef25a69175,37,ok,9.7325338599708,4473715,19.880622083786875,15ca1059cbbe86b3e3caf9724f05cc70e5e97398eff573aa490f64e99ec39ea2
ARF,0a8428ef25a69175,37,ok,9.468084423400908,2681355,17.11175209702924,f34ac8470a616aba2e6578c6ef50bee1afdf6ac1670e1a6751680f35c59b0790
ARF,0a8428ef25a69175,53,ok,9.704887093774044,4379803,35.952917483169585,9ee53c6deca97059dc14e71367e080155421d48b3f3def40c996e090fff83c6c
ARF,0a8428ef25a69175,53,ok,9.568126165700319,2695004,23.242523750755936,bd1040cd0890a10154e5fdfccbd89dcdc5d0d41881352516d6cb4ed6788f05b0
ARF,0a8428ef25a69175,71,ok,9.531060022277247,2737837,15.419349112082273,564faef26ff0db793513b78245f03b82688b7f295e9ec004f22197d3700f139b
ARF,0a8428ef25a69175,71,ok,9.482984526141557,4394824,18.841344750951976,ed8f1d1f1766eb7bbe5b86c7a23a6e5eab62fe7bcf401b5573ff471d986b9f32
ARF,0d482c1dd7cc6592,23,ok,2.259306137250005,143676,9.888886090833694,06518dad4d74fca4a2ac9880da087c820ec39aeb7e6084a7f99e3aecfede95d8
ARF,0d482c1dd7cc6592,23,ok,2.1361440014456696,72582,8.649574893061072,0e122b9121dce0675b837375acfd9452aff7c44802a767bbdee74e5a93663526
ARF,0d482c1dd7cc6592,37,ok,2.285479667388601,69222,10.498904639855027,3e163291f5b265a5fabefa71c989d0a46860db1278c6ca73c7229152ae966f35
ARF,0d482c1dd7cc6592,37,ok,2.24643247388037,148723,9.591593036893755,974acb49333dd59256c57dbf2e99f307f3799bf28e49e0d62e1d22b561c2bffa
ARF,0d482c1dd7cc6592,53,ok,2.4274051948436903,142521,9.66550441691652,35f3d993a884a4f94221eb6a4ad7f87b5ebede9770114a71ab6f7bc100975c97
ARF,0d482c1dd7cc6592,53,ok,2.279363424677394,72770,8.966092666145414,9d1d463973cd744f0560019093b02edcc1cfde401d9b3b9284e80ad82af5df3b
ARF,0d482c1dd7cc6592,71,ok,2.16461404466488,66167,8.588768121320754,45f9eb3844290bfd4fe67b0f9d59d82184f8ccc813041ea6fa70179ca23454d0
ARF,0d482c1dd7cc6592,71,ok,2.3450696968336495,141365,8.595155315008014,a793b43a4372d8b321a90562f788192068ad294dcf03363efa34952fe0deeeec
ARF,0db59fd2579600d0,23,ok,-1.7652993748662515,216476,10.411058290861547,b48c95132a3dbfcc63142b21058f39c27bacde77d3cb2f3bff6d2c3941f72ede
ARF,0db59fd2579600d0,23,ok,-1.692454040952956,362394,10.309632048010826,e3181013cee15adff003ecd5daaab4ab132cd164b85654ba1f437e78d70338f8
ARF,0db59fd2579600d0,37,ok,-1.7000414994602908,215869,13.62970759999007,33e1164dafa3fcb3ef968c8c8b560226185b341a537cdd103629e684a1238e84
ARF,0db59fd2579600d0,37,ok,-1.6929002429927298,366458,11.344755567144603,51796e781379be285b4355b76f6c7b4c1bc78e12d2c5bcc09420e284770f6732
ARF,0db59fd2579600d0,53,ok,-1.6483570972015305,361476,9.90424710419029,2eca7fe3d29337c8baafff041e69e4bbbdc18690ff7877b10fbd605cfbc356c4
ARF,0db59fd2579600d0,53,ok,-1.665674864481496,218042,9.268783221952617,df46f93d79242988e38d8d5dfe3ebff90dbb0f2753e07112530afbc99a606ab0
ARF,0db59fd2579600d0,71,ok,-1.724779354251089,214655,8.713646944612265,72aa961268cdc675d32c1d5b97db84f58be6870283380aeff03b683224456b0b
ARF,0db59fd2579600d0,71,ok,-1.7128974915650144,361573,9.609912742860615,c93d15c4b683594d8a9d72b38eea14c4d6df3237c26241db2849cb919408357b
ARF,0f86a714ec5f3ac6,23,ok,1.5198417803511557,8553791,22.638227507006377,0dc8753ccaf13d8ec55f45f213e43a675cb829707252a9b091d97be2da3ac395
ARF,0f86a714ec5f3ac6,23,ok,1.3080475509382061,5073318,13.866857523098588,9d57b358126e2e25f38715162f52d257d9400e42fd9b9ca503cf4d4363d34808
ARF,0f86a714ec5f3ac6,37,ok,1.5753546608073117,8289768,25.528708963189274,59c346dd63f157a2c94b6e6d94e5c60e5ff5c6a1472b2beabbf73e0b753dca3d
ARF,0f86a714ec5f3ac6,37,ok,1.4766776465654163,4978800,14.947031963150948,94a480fc312c4644fab4c7cbf4d3003ee6a737542070a276c1ba9ab11dfbc03f
ARF,0f86a714ec5f3ac6,53,ok,1.5300956204144263,5018360,34.57322594895959,5ae6cbe4946b35f5608e531d81b6800dd6317d592ea62cc38b09d45453f6f846
ARF,0f86a714ec5f3ac6,53,ok,1.7021898737561898,8439171,32.74334034975618,e57e43fa3d7d73eaef3acc297e47809563433f851fbd165da510bc6fc529a556
ARF,0f86a714ec5f3ac6,71,ok,1.4970537255637912,4997244,14.34228220069781,6ae334207c16cb1cb226c04841b452aafd6d446921c19e719dea496735acc5e0
ARF,0f86a714ec5f3ac6,71,ok,1.6892478277127625,8383091,23.197850200813264,91b1c315e7c299f1140bc36ba95e747e2868f52535d74f6bdd1b1754e33d2370
ARF,167578f5deba4977,23,ok,3.990556666439945,1571231,12.373231451958418,8168b01f687476ce63d931a6ec8a8cd9d5b60ce710db0d49df241833e18bfc16
ARF,167578f5deba4977,23,ok,4.0241001201883835,935756,10.968752932269126,cb2b6c5b3b67ee74038f04f8c4de5afbb92402c80fd14fa3626d8fdb8f9aa7e2
ARF,167578f5deba4977,37,ok,3.8866601701564836,960150,11.046554025262594,0144550655266c9dc14462b20720826e15492bee5179ddc71fef9a251f82d7ea
ARF,167578f5deba4977,37,ok,3.9603390002544177,1609103,11.796443819999695,aa528b411ed46bdd9b060e2617be01b4741c57383c1f56d10962739be2835837
ARF,167578f5deba4977,53,ok,3.9972308500769222,1611328,22.610339468345046,41c26eb23199631b931175e3ce6e8694f1dfab3a37ac21193311891cb54587f8
ARF,167578f5deba4977,53,ok,3.9740879211723215,957402,21.892892587929964,a57b9ae1e0907c00b80b235a7ce43150e3dba4cb68f9e8eceef316bcbb618b28
ARF,167578f5deba4977,71,ok,3.9331014217263345,979557,10.679630457889289,3206af6d8e7b12c6b1e6fc1b7c86f6f307465929b30707192504d098a287a952
ARF,167578f5deba4977,71,ok,3.9799854440387614,1628698,11.724197010975331,df436080b64db8963fab3c216d14c6945d8e82419aa83fc59dbba3ed29b4376a
ARF,19f2c3c2d67defd7,23,ok,1.7397991875219823,2653787,13.131163354031742,d29b95487baa26349617af7996312937317e490daeec01a8b9dfd3aeb0ec7f8d
ARF,19f2c3c2d67defd7,23,ok,1.7133586083048533,1585653,12.019927176181227,e3d1713d26e32fc61a49f706a2245cb9491c87271c3c8beb4084a52d91822652
ARF,19f2c3c2d67defd7,37,ok,1.6958488062228594,2693979,15.068426982033998,70231a7963f11f7db6e6d69a4de1a9c4528a7a1b0e59ff919206078df6770b6a
ARF,19f2c3c2d67defd7,37,ok,1.6730670773106007,1619708,13.082677749916911,d705f3cd102674609b2e14e07289716f3db9628dbc4c7d1cf9d532282f61f00d
ARF,19f2c3c2d67defd7,53,ok,1.7226517214237065,1591923,13.998022763058543,5f239a7dde9df02ee020a49cce71d72b8ec4f1c1d4cf240c4064b45173fbc644
ARF,19f2c3c2d67defd7,53,ok,1.7288649556442797,2648022,15.20206494210288,84ff10d551fe87762c490f1ae0bca475d3490f9b6b44f0f7553cf2b1085ea36f
ARF,19f2c3c2d67defd7,71,ok,1.7109098573986554,1599361,11.816235583741218,612a738627df4de7ac43aeb9513bd7b14e5c568f894e8d57e149c52267531ac2
ARF,19f2c3c2d67defd7,71,ok,1.7431191859457709,2688831,13.845522800926119,fb706bba30867f36e56642a25c34f15197cd15b9468792329d5cddb45f9aae1c
ARF,19f4780b53b3fa41,23,ok,1.5843169347818806,121497,9.26196160307154,37641f873815aa25b08e7d79da845cd2677c95bbbfa3c752a0c950e2f8d42e00
ARF,19f4780b53b3fa41,23,ok,1.5843169347818806,121497,8.593384189065546,3fba348eff60787e07250b134ca744e26f5d2b1cde489e92385ea1bb00a99470
ARF,19f4780b53b3fa41,37,ok,1.5482216394259496,116118,9.29467157414183,62748d2543c3d364293040e52b5b74e32e7b5189f19e7dae04716435fc94b066
ARF,19f4780b53b3fa41,37,ok,1.5482216394259496,116118,9.062884900718927,e7bec581dbe9a454639fa976aceed3c9f3d5c82977ce1f7fe0ff80dc2f83bca8
ARF,19f4780b53b3fa41,53,ok,1.6588196902081704,125516,8.58054265473038,6cabd9ec553925f2cd7ae71b0af03813c487d489e3ff6163239f7a06aad31efa
ARF,19f4780b53b3fa41,53,ok,1.6588196902081704,125516,9.214389620814472,d6327a6e506d8e5410f1a0b0b4c1ec15f375fac0b58a1abec906c6cbc6861b32
ARF,19f4780b53b3fa41,71,ok,1.5455755031525449,122610,8.4032585141249,9b574f5f400c022c2a67fbdc38dfb3c5708c9dc303ac15560b0d433bd15652f7
ARF,19f4780b53b3fa41,71,ok,1.5455755031525449,122610,8.488278233911842,ddcb6bb0c39598d06ec575600eb807f429d3da3c41395b28d01a624a15ae04f6
ARF,1a4456d1cc71a26a,23,ok,2.9404835601490857,2478905,12.988450842909515,d1a1d669c47df13339b5e02e8d4d280bb3bd0eb4ea18f318e1682c9747ca8c7e
ARF,1a4456d1cc71a26a,23,ok,2.965797741311562,4162561,15.924678841140121,d39b46eb42082aaa4b8b85b11f3235af37522992e27cf1ad83d335dc86ba6c9e
ARF,1a4456d1cc71a26a,37,ok,2.98007122860378,4106970,18.50146211963147,2854138de21c8684513a35bdae433ddeed946a73adb49d9c7d4fbedeffad659b
ARF,1a4456d1cc71a26a,37,ok,2.9614800790187337,2453449,15.463028327096254,4961312d00cf5406d0090580c56443e89cdade77fe0f5e467d43626b382cfd09
ARF,1a4456d1cc71a26a,53,ok,2.963788244113515,4150508,17.09821382816881,5a584cc08eff2f54b76e83b859a37cfb6841cde5d086e19c8385c3fd311a172a
ARF,1a4456d1cc71a26a,53,ok,2.937077830734014,2473182,14.772729161195457,eacd9f7e2e05fe2c169d71e10afdef3c7c373cb6a02bb52a4bfb8c5b64045ee2
ARF,1a4456d1cc71a26a,71,ok,2.9472984890642318,4163456,16.14321251399815,08d772aea406221b1f9a39abec97fc0e39964a888b297a1fd4a7c305465143e9
ARF,1a4456d1cc71a26a,71,ok,2.913369479775068,2476232,13.469759607221931,5acff5fd0f125b9a290ccbc6644ce6983035b18e366f722b0ceeaf7ae2d8fb68
ARF,1a803b27c2400dc4,23,ok,1.17678981277005,2664707,14.072889578063041,40aba23501020472ea8b63ead07290b6e8a4fdb05e3b1eef054b2c316569bd33
ARF,1a803b27c2400dc4,23,ok,1.1533401908611902,1584091,13.09990345314145,bf0ff9b751409d8a7d0c37770b87b25d0e46135de18b7b007ea0fd619d8dd81c
ARF,1a803b27c2400dc4,37,ok,1.18261089976564,2706611,13.104694096837193,0854bf48b6878ad4cda7819d1d16dd04580be4d304053475c14400cd7c90b07e
ARF,1a803b27c2400dc4,37,ok,1.1741656734030501,1626848,12.229853854048997,421ea6ab4bb89d9890c5384a340d49cce07a8fea9509ca91f7a039184d21edb7
ARF,1a803b27c2400dc4,53,ok,1.170312937506051,2675852,13.933069866150618,6038f0e88031168085d7e726e56d5e32bb0a918bffec57fa92e9413e4f82d81b
ARF,1a803b27c2400dc4,53,ok,1.1643483543139244,1600424,12.341213192325085,f376793cd28748c07f728b2d797457fc5d0e19b354d1712fa510cd73d0eda264
ARF,1a803b27c2400dc4,71,ok,1.2023513871301972,1626189,11.98406991828233,756fa69d154adc264979e6455aba9bfb0976ffd4c0a62e19a08f0082944368db
ARF,1a803b27c2400dc4,71,ok,1.2144352250798176,2703472,13.4247049218975,fd9f0f7e9cdb4d5f8edb03b7ee81ae14cb21f429d006ea57c74c8c8e0f535055
ARF,1cb97b1d7314d43d,23,ok,-5.578204692407763,21999,8.7836409881711,6054dcc25ed2a153d5d3ebc77368e2c3485e8129df20735066b64aec7eebb628
ARF,1cb97b1d7314d43d,23,ok,-27.701238890831213,456971,9.730126204900444,fad1a8384529ec0363c6a30fab3cb76fbfaea89a34876d2ef1540960e39553f8
ARF,1cb97b1d7314d43d,37,ok,-27.931855315068862,439661,9.98853748338297,bc9600097201aa1958c207574785fa70f5df907bc357509056c3dfe9a5fe94d4
ARF,1cb97b1d7314d43d,37,ok,-5.473402461934171,18446,8.354773161932826,d97c478378da62ce1288ed1efff8abf3d20bad4dc544bed7988bd76ca1cdd665
ARF,1cb97b1d7314d43d,53,ok,-28.107969020405044,439450,9.145359931979328,405d9f624d11f2f09263e37eb5b5dbdac1cd3fea06f7c4a554740780b80570c8
ARF,1cb97b1d7314d43d,53,ok,-5.728389819788956,21605,7.896256422158331,e6e3b307b9587574590cdb426f24af5e985b6056f1157e73b116e8cd6f645fd8
ARF,1cb97b1d7314d43d,71,ok,-48.20223680379034,451407,9.345785208046436,1c52e204a8c9b6ff6545dedc80fdd0982b167a05d7e4a639523f123df7c5639d
ARF,1cb97b1d7314d43d,71,ok,-5.53016988108815,22530,8.148380423896015,a0be216cb4563ec6a7316c2ce18ed77bcc14638bfdffd125151aff96dc53bdbb
ARF,205f4b4982b9ea49,23,ok,3.8691080261525057,3475453,34.98192995088175,ee40ccc0f413be92173462480ca550a7e35c4c0a35c229728eeab9e848596424
ARF,205f4b4982b9ea49,23,ok,3.8540037573250916,2097357,31.206883474253118,f191d9669b197b679a516b92d6bf6d06a070b2164bb7de44526d02e86db61fbd
ARF,205f4b4982b9ea49,37,ok,3.8851180227021085,2100081,14.484171258751303,a732d56cf40a00ab4451f4eb18a9f4e246e8d3b797f941d3d9cbe401d4ac9ab4
ARF,205f4b4982b9ea49,37,ok,3.9096259015281554,3497878,16.892553831916302,abecef8cfb2c1e527d3339f06335b522a980e87755df085c5330c1492594bed5
ARF,205f4b4982b9ea49,53,ok,3.8613068802285495,3678866,17.203766568098217,8cd41972c12fadf2cd674307f9c3e9337eac3e16d34d5b7320d21eb19c5fa1ff
ARF,205f4b4982b9ea49,53,ok,3.8088904654836635,2221487,14.039207545109093,a44345de98b3ed0170ef5f5af86523ab4996ef6f9460a2d76d65d8766a04f3b7
ARF,205f4b4982b9ea49,71,ok,3.815788731973535,2108667,14.730390531942248,0f3c5cf96776344dcc41ef603d5a30f256230de3e1bea999f0a03a7602d8e1b0
ARF,205f4b4982b9ea49,71,ok,3.863745045121372,3484301,16.83879880979657,1eb2e5102916d0f8e3adf9b6e6017e1f875ba860be4ce598cc00fc4c79da86bc
ARF,26eff843be35d831,23,ok,-0.9396622347083775,4573349,17.74486621003598,b62ff66f6959fba3cd6e585a57a5ed70f3daac21039c150634605e5ade70abdd
ARF,26eff843be35d831,23,ok,-1.0185721998925596,2743306,13.24292287696153,d119faf7c09f73009d497efa4063397337360c6b21c4cabe23d98054976d5654
ARF,26eff843be35d831,37,ok,-0.9886793571374012,2720943,14.431915319059044,0dc8c2c7d519562e156e022b92a2909625e0f404f1f49f96d5dd48d8b8b8259e
ARF,26eff843be35d831,37,ok,-0.8809504510529027,4511952,17.17296781204641,7fee676ebf757a3319933525cb8b5580ab9a5d96f75c622644b243b245d1240b
ARF,26eff843be35d831,53,ok,-0.9146550876904408,2695300,25.200289491098374,4b4cee40274d86a5b2787d223dbf714a721fd90e5c56ad2fe58846fa537331be
ARF,26eff843be35d831,53,ok,-0.7776273198170455,4468622,20.332232389133424,77274df346f997a1459ff1229b663749d840b6edf20c75de4cce4087f87e7685
ARF,26eff843be35d831,71,ok,-1.0063919939827028,4542622,17.59200938977301,3e5502cb0eccd98706dce087a824cc9e17bcc31465847795d8549d42aa55045a
ARF,26eff843be35d831,71,ok,-1.0243591222350488,2713611,14.629542388021946,fcc11352b6621d42b7b93b3e95548a098efd5469c54aff62d27716259f7705ec
ARF,282f8ddb43b5e677,23,ok,-0.7400208991362787,2748487,27.82981023704633,28d5164c87941b9081f2ce84a1e24620bc9f485dbbc9084aa39952d3abf71dad
ARF,282f8ddb43b5e677,23,ok,-0.6939465410289101,4555719,50.650189659092575,d7068039530dab75bccd9f876cf872ebe1753223b0ec624057ed6a67a5ee18a1
ARF,282f8ddb43b5e677,37,ok,-0.6916396255869302,4507341,17.834995647892356,7bc98546b4b89ad2f412c3319d9331a7a1077ed91633baf288736993c1a6f11d
ARF,282f8ddb43b5e677,37,ok,-0.7371536390638366,2701649,14.859682883135974,a01e876827edbf700f318533ffb4544b2acbec44a1a9b230cd739962ffda2829
ARF,282f8ddb43b5e677,53,ok,-0.7851289479884065,2685097,14.48102977592498,62b141b3fb5593cd2f3855038dd61cc9af0b90e29a2449a87fa73def4b7394be
ARF,282f8ddb43b5e677,53,ok,-0.709691262308776,4471862,17.381088278256357,f79d20d3c476624ad1084d6f431e2c2df603be7d2a0c17142aaeda20262a3c64
ARF,282f8ddb43b5e677,71,ok,-0.7103323215045938,4544773,17.279326745774597,348e3c1ab8b7659372b46f1eb439e7f619bb38e6dd60bf236712603218647d17
ARF,282f8ddb43b5e677,71,ok,-0.7773774585923116,2751863,15.37283704103902,706f6dc4cbe8bab70f13d0099bc03f7b6e4e7d027e2ca13471ea75b8bef5cc19
ARF,297b7688a045c583,23,ok,-9.60305243045687,2687654,14.366389804985374,3e4a3a1c85f6264d30e3fbda10d6030dd0b6c02953b2bd56fdb7546db1de4157
ARF,297b7688a045c583,23,ok,-8.79274891228195,235025,10.292245413176715,f759cc64ea59f14466132bf77a3a80bbc9f772f01251118ab801cc883698a0f4
ARF,297b7688a045c583,37,ok,-9.551684870300647,2583574,15.848615962080657,c225e45c0e3815c857e14cd87b6e15df8b9f680ac74c197d0b910bc47390f846
ARF,297b7688a045c583,37,ok,-8.759548915310406,239645,8.881337068974972,e7cc3fe3b5d321b28508a4e73386a9c34af6e499ec610019be493470516e8538
ARF,297b7688a045c583,53,ok,-9.591468601244896,2777510,11.993884661234915,6f69ef318476efd1fc30819925c9dcd14b543175e30436292f7a217c9783fc45
ARF,297b7688a045c583,53,ok,-8.755699412678286,229899,8.623481176327914,ed4c1b1e0a512d427e3b6a6efa17126f1957280b31bfc8ef68a6f8868faa96e2
ARF,297b7688a045c583,71,ok,-8.770598762552625,230225,8.453906960785389,213b48a53b32e1282a1dc48e598ac8a0c430732c7954d609391386322f0ec95c
ARF,297b7688a045c583,71,ok,-9.241827348050654,2664808,11.948149015195668,31d7d9a365e527a4fa50079d7971a91bb8a2c68a0f4f0e1023d877ed4755048b
ARF,2c8d0985f3557d2b,23,ok,2.4306346447757488,1061767,10.576238696929067,79f1734a54a115c7cfa0a34cf0c20c73477b1c7d4199c1157fa7b25e20e27c2e
ARF,2c8d0985f3557d2b,23,ok,2.4390706699016182,1767957,11.554359269794077,df90482eff19921ec261ad3fd551a5661a00494f990a3d5bde9282c5c4df2adb
ARF,2c8d0985f3557d2b,37,ok,2.4397057442881938,1776404,11.218932052142918,a0dfa31a0a6a95b95fc83e41923b0fc3b7653bf4814be5738489bc95000e397d
ARF,2c8d0985f3557d2b,37,ok,2.449254176899556,1057554,10.386744548100978,bb5a30de389c15a84b5128f1b1a845c772b675f243400782cd334a65bb24a473
ARF,2c8d0985f3557d2b,53,ok,2.4407658816012985,1738482,12.122022465337068,71d99105780790cd7ed2ecc5d52c06c68ffd15059eaa5d3914da062ff94e302e
ARF,2c8d0985f3557d2b,53,ok,2.425406618628151,1037295,10.75930841313675,89d0927edaf2ab76901411810a2870256410dc03c3c6e743a77082d1320d5415
ARF,2c8d0985f3557d2b,71,ok,2.448712062783272,1050647,10.792479437310249,61bf09a35a4b9b982f7da002ffed46a954f56001dc4f46c8eb3ed939b03ba9d6
ARF,2c8d0985f3557d2b,71,ok,2.465535337296119,1755700,11.732924554962665,cef38cc31b9d0a4c8215355b894b988eda99d639e30eec413195b0a52b87cabc
ARF,30ca2887550f0d8d,23,ok,-425.377885934941,6833510,33.62060962384567,2dc467a179d9b1ef76f0600ef9922bc16506fd91563250cb6435036373ca9ddb
ARF,30ca2887550f0d8d,23,ok,23.609274894126766,288895,10.264451251830906,5c1af8b02aa7187d409930afb65d34054acff5166dba9f5662a7a0210b8f65dd
ARF,30ca2887550f0d8d,37,ok,-318.7083857770319,6841119,31.22534113191068,b5464b77f16f5ca4bc74d49e207aecdef471c88a10093d8d91c1d6025a320562
ARF,30ca2887550f0d8d,37,ok,41.23653886750425,275327,9.570496883708984,e82d977345090eb2599ae44d374ad91e38bc374650b81c1c088f3cbd5349ad78
ARF,30ca2887550f0d8d,53,ok,-440.4821301702167,6781741,37.532672171946615,16a0a8292ada4d3ecabd373dbf5f98924524851d28fbb2cfa682805b6f2d3829
ARF,30ca2887550f0d8d,53,ok,38.29087780092445,258132,10.126310332212597,358cb0663efa4487a4bee94bffc61314a9c3c2b0e919867b9893f4b7c349ff7d
ARF,30ca2887550f0d8d,71,ok,-411.3355172451696,6849427,28.062752164900303,c9eec5cd9e7de569cc4974a5bc6ca2503e98d2970f0ace6d7b59c13bc0bdb9a8
ARF,30ca2887550f0d8d,71,ok,37.738605992951335,287109,9.811122750863433,e2759a6c6f3df84e364a6876c3f7360f58e6633c83a208e4cfeed07d0f537e7c
ARF,3408a6a513c627a3,23,ok,8.685082368642222,303453,9.377401317935437,f496274a0c3f041536e0025206cb747dc436ab7056b3978adcd8692d5df2be59
ARF,3408a6a513c627a3,23,ok,8.719314913873507,506391,12.35385804111138,f5166d0eb92f74484cc570297d5da705bfbc6e8f55c96bde630f352f5bb7ffe3
ARF,3408a6a513c627a3,37,ok,8.760867828828472,317613,9.08741892920807,c3889e40aa6c3ae3a2bf2bd2422005994f3fe7f2a7d27f2a6fd0f009c5720675
ARF,3408a6a513c627a3,37,ok,8.802068330810656,524719,9.573379327077419,ff34d246b0a47e198bf60d241f9e7527772689e20f3f2173667c0677599c2ddf
ARF,3408a6a513c627a3,53,ok,8.827066340321986,517154,9.92531183315441,5df6769a2062cff4fb3d53ce4facad286741fb91b485cc70693c33c406849f82
ARF,3408a6a513c627a3,53,ok,8.809146463724188,304873,9.258082184940577,82dac29b9fe10ec5fc90c8311dfe8a6dbaee9b7464ddb20c6819b47282c284da
ARF,3408a6a513c627a3,71,ok,8.963534661334412,331714,9.379504449665546,2e3945d607f276dbae2c9d8f1bae175f84310177b653820e965e2f41c228aaec
ARF,3408a6a513c627a3,71,ok,8.963015101719593,559667,9.513050524983555,5ad28b4c903cce29dd9049d7672ae4b2694eb502f713e729588ae27ac258b1ad
ARF,35a9aa9b88f0e4d1,23,ok,1.3233764105242776,2577570,14.052614827174693,b3df6eb144a521720c0138c3ef19058a46a677f93e9583144ad713f01542fb19
ARF,35a9aa9b88f0e4d1,37,ok,1.4084438033196613,3207895,16.69396655075252,86dcbd7bf89fa05083c6ecbef9b68e33b24d21828d0a8468f7105127b03476da
ARF,35a9aa9b88f0e4d1,53,ok,1.3984176896216853,2601652,14.570125848054886,a654bcfefa3363ec9b83020ccee89c4ca19b83a5f68dd2968e063c7f07cfe4f2
ARF,35a9aa9b88f0e4d1,71,ok,1.4054216118532121,2612757,13.759206925984472,04ce993cda171dace8c705bfc956616e2a10625c9807c03d1091f4ee48267cbb
ARF,3d3321e27d14f9aa,23,ok,2.6420956699891986,2298825,39.58443820010871,61f046baa1bd7480e882879e70375bd16f8dbab01ca2daea87ed3d2f20addc57
ARF,3d3321e27d14f9aa,23,ok,2.647718014859187,1376260,30.9393624891527,c0f1741c8c1de75297e3acc2ab9ced221d7547cabf91d6e44fe1a33cfdab826d
ARF,3d3321e27d14f9aa,37,ok,2.6205116355586,1325824,12.907172698993236,03a788a5882c400a487e6fb589d1cdd2a50d8a9d74176be0d44440236ab5056a
ARF,3d3321e27d14f9aa,37,ok,2.645767976255465,2249340,14.631015975959599,03d8638503174695476a860692e9ae46db594b5d631acabb579a939e0acd242d
ARF,3d3321e27d14f9aa,53,ok,2.5910023006482925,1330432,11.936027796007693,9913a68b2c3238aca461df6b8b04596aa0c1b976f15a06d9ab850978f3f27de0
ARF,3d3321e27d14f9aa,53,ok,2.62989370279554,2237249,13.943493872880936,ff21a35b091cec1bee06f4385b1f83aac75da2b639e8b742c40b7c616aa8ac79
ARF,3d3321e27d14f9aa,71,ok,2.6123886633165903,1375364,11.28122081514448,3912320262702b469f44dc870f7c75da10cdb9f7bac6fc1281cc191679738572
ARF,3d3321e27d14f9aa,71,ok,2.6110308849861985,2311197,12.8131815190427,3a01454a3c8cd75284ceb68768359a3ae6f40a4e562d12e86cc1a274e1e71242
ARF,44eaabe4cb923766,23,ok,3.665295902790248,320337,8.78152298880741,7db312caf1533f0d76907c61e163d1c1ff3d83e362496e0ab05e32540af7fabe
ARF,44eaabe4cb923766,23,ok,3.665295902790248,320337,9.323621368035674,b7d855622a0dad967f9e9f1eee9e444d3b92bb7996d541a03f590b15555885df
ARF,44eaabe4cb923766,37,ok,3.5833494151215697,325910,9.783037980087101,8870a133eaf9885aca4c9a401ad7e7934cdfbfe9c7617bd7c00e22ad6b9825d4
ARF,44eaabe4cb923766,37,ok,3.5833494151215697,325910,9.458428850863129,b04b357ed0c95f6ff9ca84f3eb7fe5edb45acc0de525518f8d9050d5e0b72b68
ARF,44eaabe4cb923766,53,ok,3.6880132388098295,320553,8.905103780794889,1c8b170eb2ec11e7716d9bfcc840fb5bb362783ca5adf9b9c628324bba798dd8
ARF,44eaabe4cb923766,53,ok,3.6880132388098295,320553,9.068912996910512,59b45f2295f03648ddcbe802992627a783dbaed12fc8e788dae5c0eb83814c27
ARF,44eaabe4cb923766,71,ok,3.6209315142220238,338823,9.28675089078024,a296c88403f58f9b313870f5cd15934b980f1251e127899af3f2c6aea888b3e6
ARF,44eaabe4cb923766,71,ok,3.6209315142220238,338823,9.095112866722047,da684597dc48df009aeefc3ba210d5e70b8ee0f8b5442030111b810b5707afb3
ARF,46b25db9396c8209,23,ok,29.07285945089302,3740255,17.560926280450076,eb2a10e371124100470014593dd34215c352b491079832307964e28db1854657
ARF,46b25db9396c8209,23,ok,29.07285945089302,3740255,17.489690190181136,f4b59967018cd2b3ae93c6991e88a87a7dcbb4b353f3199975389d329dbdfc54
ARF,46b25db9396c8209,37,ok,29.064848547782734,3699119,17.678036662749946,8398a84d0fe235345253bdcc9f0f75c263fa8dca154908aa2e17a05cbcd316bd
ARF,46b25db9396c8209,37,ok,29.064848547782734,3699119,18.027027756907046,c3cbefbccb4768343640d40c58d6ab37b2c3cc6f6c0a76cb23bc3daf94af5511
ARF,46b25db9396c8209,53,ok,29.03465850417563,3785385,20.328659932129085,3c8f1fc4af646382ed9fc63e864f650dea0a5eed96dcb0452ffd1ff665b86b1e
ARF,46b25db9396c8209,53,ok,29.03465850417563,3785385,18.24395497282967,53adbcd3c04671dca2f1d3a4bac15fb684e96e8977787e48129641a7a15dc432
ARF,46b25db9396c8209,71,ok,29.17287007616941,3771870,18.34554795222357,861cf6a99a0e9e46ee5e817dca21350aa9d912daae4c8f3bf6816121225f149b
ARF,46b25db9396c8209,71,ok,29.17287007616941,3771870,18.45928865717724,af8dd746b4393f1991b03080254343c4ab88f641dd3c5e28397ea0374fefd38c
ARF,46c5a59e5ae42037,23,ok,-3.2024570461402977,2565120,12.954179701860994,19e67c142206d890d9bfe0155ed71fb663ae35fbba5986ada9f5e397606158b6
ARF,46c5a59e5ae42037,23,ok,-2.825165077443019,423537,11.38297335896641,3171d960f85671b1397a103abb042f3e6aa87fef47a7aa2e74ea981be766abe0
ARF,46c5a59e5ae42037,37,ok,-3.0746077421709233,2561802,13.069775871932507,4a60f998702a78246418142035efa9a536ce33f18bcdba093bd3d87f1032a416
ARF,46c5a59e5ae42037,37,ok,-2.62917324439601,434772,10.312488027848303,f74e37dae17d73fd687d1c7e5e517fdf7e390e72501f5ef471f0a1892f9665a0
ARF,46c5a59e5ae42037,53,ok,-2.8458524277054256,425322,11.465353914070874,4322b69ab4843471188eb25f4bb47befb13cdc2148721bcf97ff1eb93f131aab
ARF,46c5a59e5ae42037,53,ok,-3.307635994039103,2628421,14.372173317708075,f8ede05bbb37a57d4ba931ebbae7d459f48a73da1575c90a7c2d83a803d1486b
ARF,46c5a59e5ae42037,71,ok,-2.9276007616671267,2610092,14.285788125824183,43723b68a51b29a99705a4e3fd3a75af86fae4fa7c5f3c56ecc6bd0c7b5b8265
ARF,46c5a59e5ae42037,71,ok,-2.746826152832014,444432,11.253251073416322,a8fe60c1de1980dfc73f67b542fb98184399ae5fe7c07dacfbbd9dbb4be3c306
ARF,471f11cc2d38853a,23,ok,1.4325227079543237,1626091,12.641595588065684,12fbda9fc34f350c352c9335997ca8d2621a4495ea0ccd07c5246d2338035081
ARF,471f11cc2d38853a,23,ok,1.4325227079543237,1626091,12.304530478082597,4fb35226a8af0689d319cc7b7e062098de5f486c6ce6c5bcdb75cb5d0cda39e3
ARF,471f11cc2d38853a,37,ok,1.4310077286915617,1617240,11.390047260094434,8777141f50c02f5da439e89cf20b18726f9758a59e0c312246d64b89a68c406b
ARF,471f11cc2d38853a,37,ok,1.4310077286915617,1617240,11.439429285936058,c05695e9afc91a172fd15c835edc00ca75e12f35ff18738b279943a709437138
ARF,471f11cc2d38853a,53,ok,1.3815517209746406,1636662,12.327364626340568,7c8e25e4518d779bed48aaa91a182b94c37e9d1ce7abeb2aa50c7e5f8fc3528c
ARF,471f11cc2d38853a,53,ok,1.3815517209746406,1636662,12.198416910599917,dd0fec0d31b76471247733c3257a2527231a4fcae488c57d735b5912801a1c2f
ARF,471f11cc2d38853a,71,ok,1.4488335156179522,1618591,11.87903995020315,5a4567ee84ce7809a09b464f687395255e8b331489781b0fa2f35b620f724fc9
ARF,471f11cc2d38853a,71,ok,1.4488335156179522,1618591,11.992841657716781,fd592428820a8cee1f5288da51e667dab9ab84a56f7de02347f5a96f646a2de5
ARF,47c581af5de1136b,23,ok,-3.4332967079521164,4630027,16.884471524041146,298be94523c1a8066c9058cce8e8150ea96079dc0645efa01cc49f12f91463fb
ARF,47c581af5de1136b,23,ok,-3.511474359629575,2808818,12.184517060872167,3a45296c1e9e1152f61786b4946b77c7b8a1569a7483c190173188203a1cfbd2
ARF,47c581af5de1136b,37,ok,-3.407594373121709,2820305,11.919515266083181,baa93d4bd90173c61cb09d18b14e0ab4a2f26ed4bc02faefbb9c1db07c30509f
ARF,47c581af5de1136b,37,ok,-3.391794985200506,4700565,14.66654596477747,d89a573eeb0c79d3f95ebe4b80cca4c0a55c78dfe432edd72106cc02f8f4445a
ARF,47c581af5de1136b,53,ok,-3.4634835967449664,2880788,13.18935785908252,4410c7c015ca24aca8f7fad850b8b296d4df6478b9f716d7592a8a84bf258761
ARF,47c581af5de1136b,53,ok,-3.2417506335548762,4755413,15.67313914000988,d1a3f0d287ddf905c83e937561cae51f48825ecf3604592ef11001054a22e9f9
ARF,47c581af5de1136b,71,ok,-3.408797543293858,4696872,16.991208592429757,2fe03da472445b70fb97b7695085bee1e2cad32ed898abfb88559001a0a421a7
ARF,47c581af5de1136b,71,ok,-3.501783810648378,2824186,13.566517570987344,b49909dcd6c1ef4afac13b76cbaec3dad4398e2a20e2b75bdbeae60c9556573e
ARF,48b7a3bf81e5f3e5,23,ok,-2.861551895376908,1387206,11.061988469213247,8f490964cc5e02ad76e71a42e0d631991edab546a7a42152d82e44666ac75751
ARF,48b7a3bf81e5f3e5,23,ok,-2.9585060808830743,2356191,12.95974670862779,d67fadb6a19e96b82e1316433845956fb916a4f2ff937531dbe3cdaada21c72d
ARF,48b7a3bf81e5f3e5,37,ok,-2.873860946435061,2415613,13.146120285149664,638be04c490b4f075ed27edebb5efadcea1f2571a47027f08d13303fe3cc580f
ARF,48b7a3bf81e5f3e5,37,ok,-2.9002516835401,1423392,10.875860302243382,a767d51dc19bc263a88554c023645887e33277b2e6f94a492289826799be9784
ARF,48b7a3bf81e5f3e5,53,ok,-2.950258681127623,1412833,10.390162236988544,0de5b198a47a3260046f99fc4229e98e067f847631e5d7efa1a984d1bfc618da
ARF,48b7a3bf81e5f3e5,53,ok,-2.9457887352405288,2465552,12.233430576045066,2101a15847e2db9ae4ded9c51eb00847cc37fd243540e198708b5281fef8ceda
ARF,48b7a3bf81e5f3e5,71,ok,-3.15934829546235,1430822,10.47326777689159,0b7372f31c84423f4d9a3e21043c66eb89ecb863a84e5ef61fb5903d9be279bf
ARF,48b7a3bf81e5f3e5,71,ok,-3.0843788872621705,2367463,12.755135165061802,5f1ca16bfd080033a92cdea740cb86e198e1edaee1d7514d510a618e6df46137
ARF,4a354d98c965b01f,23,ok,1.9519244979764274,699591,16.882331029046327,a145dd5bca4961c44c4cf8ee3254e3185eaff341bd41849de503aeee4dc23bd0
ARF,4a354d98c965b01f,23,ok,1.9519244979764274,699591,16.874306617770344,bbca23bfaebbb469d4f675e4bbbeeb1b5f5d4cc0504a39b4e56579019506d5e3
ARF,4a354d98c965b01f,37,ok,1.9695385354210557,659229,10.517127678729594,6eb9c69bf377b820b4818c938ead84fa473f225dd239df4c49774b90763d8404
ARF,4a354d98c965b01f,37,ok,1.9695385354210557,659229,10.092670776415616,d3406b3b7e4aae28587cc76e89f892321e9a7c95a52ec98da6654ad9e9ba9b67
ARF,4a354d98c965b01f,53,ok,1.9360753961077681,694135,10.17845577094704,34192d4b52166e819d7ec3a0078a4deb4e41649a0250f4de2745bd5c7879b33c
ARF,4a354d98c965b01f,53,ok,1.9360753961077681,694135,9.96776270493865,ea5e073235d3385b2d5d83470db471aca8b153620471e4e1bee6839fcbc0661d
ARF,4a354d98c965b01f,71,ok,1.9798043140641148,671675,10.36593363666907,9d4b257590dc2d3fda3ce2c78de189465c7ea5597a37c4a8e7fc6c3b1a6aba4d
ARF,4a354d98c965b01f,71,ok,1.9798043140641148,671675,10.540594349149615,d12c62622fe557265cb35b3adb1f83db451976c3742a2504537cf78102e744a4
ARF,4aa84fff8ad0cd26,23,ok,2.387364687589344,2739138,29.868923211935908,2b2679291486ce885e7bdc233221db2bf3022e12f0e32163bd1e342efe07b29a
ARF,4aa84fff8ad0cd26,23,ok,2.387571244136175,1643103,12.795813641976565,546ee4235695dcce0902ad8183c202cc448c362ee84a77341d8f07dddaee0fd1
ARF,4aa84fff8ad0cd26,37,ok,2.3507945783183377,1637030,11.283920207992196,845419eb555e795bf434b5dbddf77316f240b557e38d8c3659a4d12cbbaf6998
ARF,4aa84fff8ad0cd26,37,ok,2.3793510905068267,2722289,13.195143642835319,f2e7e29a3903d9f802d4a7e6b1f091a37234195f8ded9fac07d9ffc775789c28
ARF,4aa84fff8ad0cd26,53,ok,2.3605572743133347,1642071,13.483068082015961,7f30621de1cabd6fe30145deea09cce0946de67d172ce683bb86c5d7ca2e2211
ARF,4aa84fff8ad0cd26,53,ok,2.3751152738123715,2736950,14.721605614759028,a520ea7691d6bc99617593948ff6062249f9fdb897340737ba7e80f962d6c64e
ARF,4aa84fff8ad0cd26,71,ok,2.4083122400393613,2767518,13.761288194917142,365b40e1af134fe76ef5317a100c760b02068dd95c88361a0bf928ebea3d909f
ARF,4aa84fff8ad0cd26,71,ok,2.384393577726247,1648969,12.584167188033462,510a2fecf0ba3b6008dc3fa29dbd4284adc9e362c1087901103606c52ebbcc35
ARF,51730b348b1bbd14,23,ok,2.9765855361753073,41289,13.04709808388725,5324a92354ef08f93783259d92c76c9b18b80463b1da9423e407b62912a9efb7
ARF,51730b348b1bbd14,23,ok,2.2731008925871965,472715,14.492968408856541,a02d5c3c309f7669d2bd6dd3d216bdb46dd90d4aed1bc712cc58465693ab0767
ARF,51730b348b1bbd14,37,ok,3.0337408980106857,470912,8.86524455808103,41eb11448b5fc76cfe734c9dd815e38eed0175b91773910fcf3c7035dfd8bf91
ARF,51730b348b1bbd14,37,ok,3.581845963783938,38982,8.082369148731232,c02d27583b03702617a0ba1e6217dc161f48b4e1f3a697b52f112a182a2b3b74
ARF,51730b348b1bbd14,53,ok,-6.114835057652539,476245,9.314141083974391,f56c1c783d1143396afcfba175502052704d2506e487bc19658b80d3a4810ff6
ARF,51730b348b1bbd14,53,ok,3.592719047766859,40227,10.811985119711608,f710e2a442b5aa5fa1b4274715db1cbffaf8f66a49eab7950a19992fdf891ce0
ARF,51730b348b1bbd14,71,ok,-15.104880481324667,458505,8.58585776668042,368208671298781bc81f1b3a65c1a55cc971c278ec4df73b80c7690dfd0014ea
ARF,51730b348b1bbd14,71,ok,3.775314177153727,41302,7.837548674084246,f726ddac97f770aba4c723898e11b80001241ad652c0030bf08501dc3b7bcba1
ARF,54b221668673164c,23,ok,1.4889377992619826,3291690,27.823729782365263,0f0c24dc4ab3d238a220938d25be4445946617c8c217563acba8e8c036e76f77
ARF,54b221668673164c,23,ok,1.4443648929913189,1954544,26.78291290998459,da857c211ae74e00dc1495636a18fda614e7d889b41040027986b51293a700a0
ARF,54b221668673164c,37,ok,1.544260765183115,3195812,14.050920175854117,3f005132ad76c7020c292ff3b19b6d508218d039b3f4d7ede2ffd5c974e84b9f
ARF,54b221668673164c,37,ok,1.5080316001871044,1899203,12.348483839072287,78d2467fed6014f7e3575d42cbb594faf25e7fa8d5170e58916f647bcd32ae50
ARF,54b221668673164c,53,ok,1.502906585267559,1913228,13.665398712735623,d4fd3efea992b156a47801ed973bd7208e35ed78062abd230edf6deb0c0e0dda
ARF,54b221668673164c,53,ok,1.5212704812510263,3183371,16.007229056209326,dd0891b783c5c8dc2e6f8d977db7563b47b634a810d45f5c06aca76131c8ae76
ARF,54b221668673164c,71,ok,1.5291809911307397,1925918,12.767217825632542,65369b5b2aa8e15cd4f8dc6155444b5e2eaa5d098dd2c8a8cf960be3bafad63b
ARF,54b221668673164c,71,ok,1.5542710194160856,3208861,14.71433930983767,ea3bc010358b62a9c8b4c80a1fb36f22a0d767637a21f000d110d988e1f00498
ARF,552665868f8f72ed,23,ok,5.480130100748238,447842,9.954610157757998,1657a6ed9e9290faebaa64d60f878101c78258561d63df1a7b120db9f97a8e20
ARF,552665868f8f72ed,23,ok,5.444582182601266,267903,9.556316199712455,9eee3028559cd56137614ab1acec432dcfb323b3dbe4e9c4dc3baebbff8abb10
ARF,552665868f8f72ed,37,ok,5.492162954565344,272289,9.463344211690128,8d47c936249cde038438e072003ea58e332b9a20cd7bc2fa8c910060532b9d17
ARF,552665868f8f72ed,37,ok,5.5119618347530235,456693,9.631155148148537,a1f0f60a496a5b9fb8c71ccba3e087f2ff8a66798661df6db00802980096f3eb
ARF,552665868f8f72ed,53,ok,5.56953469692981,292056,9.157368233893067,f06a71986648735b2e2d64c13da88adb76dd5520fe8614a661f79e6797ba219f
ARF,552665868f8f72ed,53,ok,5.606097565901513,490116,10.013168259058148,f14b5328eee60bb855668816cb2024e397e0750dc3c50f9177f63c788a9ba151
ARF,552665868f8f72ed,71,ok,5.532573575423072,278371,9.015244299080223,20a2b94dde518d0f457023ec05ce02ff92f9043edd0f18d6714f102cb6463832
ARF,552665868f8f72ed,71,ok,5.521519325136879,459955,9.445383570156991,a71df2576a43d67c78c0acd13d6eae3035b420811b426ef46fb049092617262e
ARF,585fef2a1cb6b33f,23,ok,12.41615122154347,262805,9.32586660888046,6c515405aa1d3bdf24154db95d18f85a723d8076e311574acbbaac1598c00079
ARF,585fef2a1cb6b33f,23,ok,12.41615122154347,262805,8.929498372133821,919d7bbc7c6cf8454f7933e117fe312c2ee2ab9f1f136cde949850602c0c1779
ARF,585fef2a1cb6b33f,37,ok,12.44858241030312,266402,11.521418801974505,21aa75af408dfc8138c1b7debbcb021211dc862d446827e17ded30bf6108ba21
ARF,585fef2a1cb6b33f,37,ok,12.44858241030312,266402,12.825757348909974,872f9d41c0ccb67054a6c1fcb0d81d4f6de18cc70bfc9a6bb3eeadfa5fec87fa
ARF,585fef2a1cb6b33f,53,ok,12.339062630737757,254624,9.798780694138259,787c78e6d78929b4e437aaf7ffe613cad3336aa10c83ff976fde78db68e909f9
ARF,585fef2a1cb6b33f,53,ok,12.339062630737757,254624,9.17048896336928,aad6d3fc1eb60c69e832e78102ccbb6c6a4fef09fc425fb32a24fc6c8ec07f45
ARF,585fef2a1cb6b33f,71,ok,12.401532460628726,258575,8.83584461035207,c072c25b356f1a90a9d566e4785d1f0eba4a59c552603e35e434084d246c7059
ARF,585fef2a1cb6b33f,71,ok,12.401532460628726,258575,8.886937516741455,ff8b7ece0526ae0b661bbb240a5cc13116042821f525c7d1520ab82c7e0c4aae
ARF,642738a361f1c63a,23,ok,2.031227683039367,1049440,19.71432748204097,525671202c7f82f21c5c974795434418dc37f3294465d057f5afab0563ba13b1
ARF,642738a361f1c63a,23,ok,2.031227683039367,1049440,25.534739470109344,efabc763df70696f0475a0d0f8779fa132ea3937cf26601fc0458ed0d29f1032
ARF,642738a361f1c63a,37,ok,2.029740782270756,1024233,10.472760677803308,0d9a31cb7a10930c7cf032fd6731fc78a7199ac260aeffc966cb708f8bef913f
ARF,642738a361f1c63a,37,ok,2.029740782270756,1024233,10.612194998655468,377ecb24a9dff73b9c2d72afb2af9acd88fbd8db039a3278ea1ea236b366c7f4
ARF,642738a361f1c63a,53,ok,2.0513939297839436,1069401,11.835372993256897,bd2616334ad6ff8d198d261bc169340aed2e204168f180d672e33c3b74e47a7c
ARF,642738a361f1c63a,53,ok,2.0513939297839436,1069401,11.19635681482032,fccc0e807739b6cc4952a74604ddff21fe660f725b1303fb3544892ee644e301
ARF,642738a361f1c63a,71,ok,2.047208042976089,1035346,10.593047593720257,9ac57ade8c33e4bed2593604f35c9347619424b58206df0a335e6f8843935603
ARF,642738a361f1c63a,71,ok,2.047208042976089,1035346,10.94614643510431,f16fe6dac499e525d709bff021a6a5848e747c980430a28c0807d47d7b35ffd0
ARF,64c64f0f9983c48f,23,ok,5.822915362601818,299097,13.65073536010459,2a2f4a05cc40547223c3f9699c1ef47377c93598782923aad91d7d9af870ce18
ARF,64c64f0f9983c48f,23,ok,5.843811764835187,496685,9.51094448985532,57c79fce1bee333d0671cbd94a4b52b4c8b93c88f646804860aca8f0b65e8c69
ARF,64c64f0f9983c48f,37,ok,5.750596042865275,448993,9.763029330875725,0549930b00eba07837af19338bb98c908c2fdb735a0131d161a55b74143a3574
ARF,64c64f0f9983c48f,37,ok,5.7860402147668,276164,12.455676422920078,6666ed412035a5fb5c6de2da61f348437acef456b314a58fcdb171b2301ff4be
ARF,64c64f0f9983c48f,53,ok,5.777055427972896,282139,9.733937666285783,5140a6dd50eb3e8fe1b38faf69ee4d3c02e9cc25e7385a9dc76708ac078243ad
ARF,64c64f0f9983c48f,53,ok,5.798246700558161,472688,11.038126366678625,52980d52bb470b221f44ebe1a66cd5deef838d33de0303e5548753291d929e5a
ARF,64c64f0f9983c48f,71,ok,5.749870476799118,270420,9.117166051641107,9b6e78d731680958cf6b69fcb32726c632b95d11225e46ad114559b3cc683b75
ARF,64c64f0f9983c48f,71,ok,5.73569198130221,457541,10.143014340661466,df82b3442440abb57eb6a16abd55c2e0132e47108047c7497a5ad55381184ec9
ARF,654566a1f91408aa,23,ok,196.75799516379712,32785566,189.54028410091996,d4f6be25865a55ec30b09feb949ad983b72e6fd55d64296dfd53c53f93af03df
ARF,654566a1f91408aa,23,ok,187.83739378403152,20249385,175.97747451579198,f3d78d1233a3086ff75b31f271bd732e36ad36723521a10d0ef12e9bc5589d51
ARF,654566a1f91408aa,37,ok,192.12814486771128,33469541,124.67526593897492,11edcde65eb7f2553bb360f6e72a31f7222153b95328df38cdb6e9d0e33bb88e
ARF,654566a1f91408aa,37,ok,190.59510342679457,20824417,102.32630691723898,2b49c4032fad2cb0af1937bdb23e96a94e21bcfd05efcab5f2c566e6950bce01
ARF,654566a1f91408aa,53,ok,194.49500504532725,32517903,98.17945665307343,8c37e1074ba89ec470ca4ab34766bab7169387e2f221290c8d557d0b9f3bcf3f
ARF,654566a1f91408aa,53,ok,190.05296618125934,20485521,93.88339529233053,b6b31869fa04e43543fdbf4a766ddace0b4cb70b6ff34fa607df9c8a755b55af
ARF,654566a1f91408aa,71,ok,191.90214954917258,20829641,97.88235439313576,15d5a79f52b8456ecca8ce0910fa4121667bec67db4b7502113303dc87a3ce58
ARF,654566a1f91408aa,71,ok,195.09905757643938,33319235,134.17362865945324,4e5b988ddb8a770aa636aa42969646156f45b56be183493236ff8a21371a676c
ARF,693890aae9dc860b,23,ok,2.8910797127108694,154073,9.578436015173793,561f3f1d294e86e0e68d14f8f3c7ce2b228a8f27a7e72970abdd92f050a3968c
ARF,693890aae9dc860b,23,ok,2.8917610754230823,253710,8.84270368469879,a79f88b2f7c10a3e13d71dc8daf0bad039a5c5808492840b94f01aef24ecfcde
ARF,693890aae9dc860b,37,ok,2.82820567622064,146023,9.755124806892127,68478ba8159dd5fe53c937d012f1fd6a7aeee83d54c718480445d58bbdac65ba
ARF,693890aae9dc860b,37,ok,2.8565118607793436,245347,10.078473469242454,e80521c1409434857d99d831796acd9a9870c6c266b874e39bfce12b1f269f23
ARF,693890aae9dc860b,53,ok,2.8325026903721615,145852,9.76312060514465,1965d235b40366c5058e18ff93d2689f73d556cb60a8976335cbc9406bd81c68
ARF,693890aae9dc860b,53,ok,2.8677716313605806,244363,9.248527841176838,399024452be78c63957e9026b2022afac2d010de5e8033468131553d864c5161
ARF,693890aae9dc860b,71,ok,2.8973253355962956,149700,8.557640319224447,02f4c8695fa89ad6fac05e07c7604c308776d340d9b16502225a87f0fc77a527
ARF,693890aae9dc860b,71,ok,2.880763138176446,250739,9.347520973999053,4a49cb44b2359d7464701fc27a4d3bbbf0230ce843c90bc4c4999c3f4875c38d
ARF,6cacb11611345a24,23,ok,0.3962924352087279,2205223,36.41017821803689,e058846af8420539717b26c140747891ae8d6cb8603c0d12bbeb2e954e7b64e3
ARF,6cacb11611345a24,23,ok,0.3952614158183836,3691874,47.34116669697687,e81b75531b05ef3f57c18fcffa5cd3ba21b56ab9e16f552faf071b6f0b8c644b
ARF,6cacb11611345a24,37,ok,0.3085664724851348,2190028,12.073185936082155,3a598266f242dec27246f24abc272ebf684b2cc4aa7998a0867bd18dda5cef3a
ARF,6cacb11611345a24,37,ok,0.34143954836133744,3670868,14.59401553682983,62c83d73fe2d2f9973b2d38e068d017283d26f70c28e4be100a248eccc5c35ff
ARF,6cacb11611345a24,53,ok,0.3774390700624264,2210071,13.875183577183634,419693a9f60f4abc375364517ae72165c92d2661076224d078b5bfc916162b14
ARF,6cacb11611345a24,53,ok,0.3990817151117234,3673837,15.5065034981817,d63dd28b95033ce1925c2ea07ab3a2b71ab391ac2bb29df80127ee7510ce771c
ARF,6cacb11611345a24,71,ok,0.3883394343877751,3676221,15.339927544817328,3b246a116ef1e3332c649faab8fae7910855bc5ff3ae559b24955c24cf85d9eb
ARF,6cacb11611345a24,71,ok,0.3736817776296623,2207150,12.937938170973212,fd9e422078d7e3281c626c29d9c5ea1cfac11f548b0fdd12447f91e6608ed238
ARF,7291b347fe0238fb,23,ok,1.7626549214328406,3215863,66.1018650229089,2a16d74205473bbfed344d2d8521f40484cebb2b7c3567e1301190fead772a0f
ARF,7291b347fe0238fb,23,ok,1.7548374127113604,1935629,40.211603501811624,e66bf4a4a3f7ccedf4ad93b64955f82c0f3c231cea36f5865331b403aedb05e6
ARF,7291b347fe0238fb,37,ok,1.8090628010607275,3302462,13.846032590139657,02edea550633534d4c745542f5d8d5e2cfed3e083bb789b00ee9cef15a46f942
ARF,7291b347fe0238fb,37,ok,1.776206804280872,1988309,11.941264832857996,a72ef7d392b0b855f7a69475d48740fa08453b9632ce82b376f70bcf81c7d82f
ARF,7291b347fe0238fb,53,ok,1.7359567196512262,1931421,12.353854327928275,72ba22bace5020b1c5532dd38315d6e50ba9cb41c9663c62be78274a80559191
ARF,7291b347fe0238fb,53,ok,1.7852379669621004,3254699,14.25538463005796,f6c9272fdf94045b83f648ea51d0bbcdf19057076d8f8804b7973272978c49e6
ARF,7291b347fe0238fb,71,ok,1.8082069444670288,3215904,14.486240577884018,e4555656d12f4ad6dce09da8c5544b67bf8da9968802d175f554febbcaa49047
ARF,7291b347fe0238fb,71,ok,1.8050509192530857,1925986,12.671606125310063,e9258c7053a548a7ccb1a9117572ff40553ee2f962818da271133c96b68271c6
ARF,7423783f7e38bb9b,23,ok,8.013703538296628,548945,10.121788836084306,700411219d5cca6c3882565adb89e67da706aba2bb827b4e492ef7fbbdb1e93b
ARF,7423783f7e38bb9b,23,ok,8.00990339811123,329605,9.248949280008674,96ca36031894f37dfdf4ae5d628a5f313d519a90e2f467fe330504613f787cb8
ARF,7423783f7e38bb9b,37,ok,7.850034234195961,333033,9.283829092979431,3d89bee32c8832b736d041d6f983114db1a6473bc7e5f6c89a0fee10f906b9d3
ARF,7423783f7e38bb9b,37,ok,7.888119774564319,561740,10.184211371932179,7c17aa464e9d6decd880d5cf4356ff7a9ee8362f0c762a2e069dc697b0e819a6
ARF,7423783f7e38bb9b,53,ok,7.926245719911798,342220,10.058828411158174,5e2c5570a24ad39b4ae4011689b3afd3394f6e22aff51936d19480f75baadfa4
ARF,7423783f7e38bb9b,53,ok,7.96536670401718,559684,9.680818192660809,e181ef72b243e985bfb41adc93063264e777f701707cdc758a5faea45e0e5d32
ARF,7423783f7e38bb9b,71,ok,7.9161109419007625,343131,9.997035376727581,ee62823bd3c57359b084f9c36571f62ab537deca406c03d84b7d95f60bb052b9
ARF,7423783f7e38bb9b,71,ok,7.9591148012929525,565300,10.388839236926287,fc13e24d332505d36c151a86b8169876231f5474805ccf90aeb7259f854c1e13
ARF,7a3d123dd555110d,23,ok,-3.5669987571225215,5750269,40.79557394236326,50210f3e468a2baf7e3228041e327aeca7fc4e1cea1a9c6bfc3bb83fb6bf23fb
ARF,7a3d123dd555110d,23,ok,-3.500870600298596,2962683,20.850116486195475,ed1c62e9731e6f57103259947d7818b62a2ad8e64c0f9f518e8e3736cf466dae
ARF,7a3d123dd555110d,37,ok,-3.529828287140295,5747927,18.487799772061408,bd19cdde2a7211303d4f2ebba06b00e1c0fa8b5f7f181b7cdfa3cbffb07dbde5
ARF,7a3d123dd555110d,37,ok,-3.492004118229062,2889481,13.646396107971668,e491af25b3b87812b63c4ca1223cde317a51c98174eccb56046fed78bd299189
ARF,7a3d123dd555110d,53,ok,-3.6356460940320985,5826048,18.219056925270706,9106b0fa0720d482cb340a7aa0a46c9c5aa3b4b8995e50b08a3fa82d67b6e27b
ARF,7a3d123dd555110d,53,ok,-3.5249110934715446,2917674,14.389547187834978,f433bbdfdbdca536183f8d2fa997d88f4fcddb5441f25ced0dc83b2022ebaeec
ARF,7a3d123dd555110d,71,ok,-3.472134583662545,2929514,13.389880353119224,76f0191fbdce6cfb83fa63b6fc28a9d2058b64124bc584d63449085fab409e39
ARF,7a3d123dd555110d,71,ok,-3.5377207187917,5662560,16.92947408091277,80620c9661e07cfb6501cff345fe82a84e971b2404b6b8243c33d3821351d0b1
ARF,7c8943b160464add,23,ok,1.159469126781416,385237,9.927620974835008,63ca4e04b2f59cb20c3000329df856149cb1fa9ea92c525aabd5e077126fd6f4
ARF,7c8943b160464add,23,ok,1.159469126781416,385237,9.092926546931267,df3c790749c279add2349946d64e0aea09f7250583654b930966b1ce0d9d5b7c
ARF,7c8943b160464add,37,ok,1.1259980154241918,362368,10.046076022088528,cb136dd9f98ed6ac11a9c67ee16b1ec124ae7c08996763f8381120af882c79af
ARF,7c8943b160464add,37,ok,1.1259980154241918,362368,18.00038201920688,ea3c5dc2e35fe4241a2c53b3b662cfe8dfde886acaa9a1b35007251ff16ae481
ARF,7c8943b160464add,53,ok,1.1841722746106302,380472,9.328493332955986,2b5fda7122298b83aca66da1e7621a96dc388ae58e4e3fb666a80708a2037da5
ARF,7c8943b160464add,53,ok,1.1841722746106302,380472,9.14043137198314,531a41eff32ff0f55c9161c95d64d1e70e06eb6a0ac27f2b60aba5bda66bace3
ARF,7c8943b160464add,71,ok,1.2116434971133825,390867,9.659958638250828,3e7dcd0d7ef557f0aaa100c38100a79a8a6c342faf8cc05a8de2ac5281590adb
ARF,7c8943b160464add,71,ok,1.2116434971133825,390867,9.449136312119663,6616f25b310a743218676b80f25a3f0dc27652a1a0dc77bce4f7a75bbacade9e
ARF,7e51711baa1b1fb1,23,ok,1.4077323806798592,3117231,55.79358978802338,b3f1ed5aae31e7220e639030610ccbcc379a732fff25a88408de623be8a466e0
ARF,7e51711baa1b1fb1,23,ok,1.388952148801949,1854887,70.1194216767326,f2eabe1418d2eb680c53a651f4a848c0b00bc9bba51d2310dea11bd46b8c7b07
ARF,7e51711baa1b1fb1,37,ok,1.4067118952887976,3209056,14.617586098145694,052b8498787a5fbd6c9468da1bdc4c96400c83c4058b9f95efd2697f7bc83326
ARF,7e51711baa1b1fb1,37,ok,1.3779768590504355,1903680,11.892043998930603,dbc8e658dc03ac0b050fe612c6f04d70f58fe2dfa713975cac31458b93bf8883
ARF,7e51711baa1b1fb1,53,ok,1.3988626300032627,3209576,13.80105155473575,0c897747801cd7d7a9d21b8ce02a5ec5a631ea2e1b883d60ea5a221fa567afe4
ARF,7e51711baa1b1fb1,53,ok,1.3976880968963485,1931039,12.45302824024111,1efcbb73e7a1aebaa7363e459d1e1940da2fc6e61ae4cd7258400aaca9fa7040
ARF,7e51711baa1b1fb1,71,ok,1.4018403498462066,1854740,12.420892839785665,4c2a8bdc38e3f1c2f474de79a1205138159b667c1b1b4e10c9a3cdddf7cfd347
ARF,7e51711baa1b1fb1,71,ok,1.4231049634694763,3096314,14.204360643867403,6fb628a4f3db24392511fe281ced0d206ebbd994493bfe6bdb9255e041123ed0
ARF,80589368fa78f21a,23,ok,16.196715824347432,2123672,59.79514027480036,1ca04fe4b075cb0c92c8a47e11459d53b242411ee1f66817cb1555d6640efff0
ARF,80589368fa78f21a,23,ok,15.968452227138082,1199510,47.057913810014725,5381aca14020126927152657a78b0bcc9bda8cc5dbb1f028f7577c8281f71312
ARF,80589368fa78f21a,37,ok,15.308576688517586,1186953,12.037554954178631,0f9023975d66a28c30479bdb1837c7d0af3778af4c3641fadad1b6c2b0c99afc
ARF,80589368fa78f21a,37,ok,15.288851754281618,2143093,12.732725866138935,13f6152ee0c7e4b1c0c343be644ca06ada864cb1f4c9a50fea17d20e67d7307c
ARF,80589368fa78f21a,53,ok,15.706987543266415,1213850,11.614527605939656,0c05f062766437fac3d3614d1fb91cf92bcb300732a4b9037bee8dcd977a9ab6
ARF,80589368fa78f21a,53,ok,15.844108879334394,2178416,12.609996597282588,0e77e505af77ee80be3b354c2ca54d0901e17c3c38cad51c6b41ddf0010c7a56
ARF,80589368fa78f21a,71,ok,15.35384286554607,2119546,12.804288351908326,b454ebe61e8d9b6cc951e266793582dfd9010d0f746c4cd687d4b829b3a416d0
ARF,80589368fa78f21a,71,ok,15.216170749990306,1200429,11.832951619755477,bf0c5ed171d423dcb198f6b7b33ce7f2402437eeff51f1f633f99a313723690d
ARF,8164950b155f7f56,23,ok,2.665294998872077,2778538,27.15288185980171,540d011f1ee30ae2c3482dd0e65ab7f74780dd3480b91b7bf847687f00162da0
ARF,8164950b155f7f56,23,ok,2.64646690844306,1674418,23.61602671118453,d8dbadaf1661e59c2506e0e71e9dce36b869c3c76a1a2e31cc48f050ce61a3df
ARF,8164950b155f7f56,37,ok,2.6567500911907262,2769493,13.518730612006038,0ae8a60a4e6daab31a1eb090e46b9441120ea554dcd74dc0c234cf5e92852b56
ARF,8164950b155f7f56,37,ok,2.598683733149423,1662785,12.51434599980712,a028c8fa10f020294a156253094ab4d2aa82c617b1700ea1ee4c2bc1b4bb19a3
ARF,8164950b155f7f56,53,ok,2.638762423621943,1650872,11.56319068185985,7f0d908bf60c79cb4a34b51eeec5fcfd9c2a7d274060c76ecb7299abf7487ef5
ARF,8164950b155f7f56,53,ok,2.656538947670492,2744788,13.053977135103196,bbae7bb7e29ee3530980ad0d46eca03e2d3bdd2444ea9fcff396f27e4f64dba5
ARF,8164950b155f7f56,71,ok,2.613062420574278,1656574,11.899003674276173,3477100974469e2cc296cc1aca33fc5ab36d01a58320d5079364837cdfcf0a2b
ARF,8164950b155f7f56,71,ok,2.6554460856162727,2761438,13.257227237801999,f5b50e6b8cf5e82344eaae3c9e90d4a51bd148f5aa2259e98688237c8e7cceb6
ARF,85a31ae409944a1b,23,ok,2.136348884308279,2223378,18.785687368828803,3e5ce3cb1b4bdf91abfcbd08760b582d4207f32257629a3ed60732507090c44f
ARF,85a31ae409944a1b,23,ok,2.1266684280699515,1314992,23.607704838272184,6a78cff064442b864d98d5c185163bec4964241a6bf3812ba97330eceebe98c2
ARF,85a31ae409944a1b,37,ok,2.1182239250387984,2214258,14.347312964033335,2b1ce6327f9310f96dc9865e0a50310c816f45ab348b396470a31cc3b5aff1c1
ARF,85a31ae409944a1b,37,ok,2.1123668023293867,1332729,11.758920438122004,9888555a6ead17b07ab6b4dff71374fd6bf02031f66b71e6d234fecc914ac2f5
ARF,85a31ae409944a1b,53,ok,2.15850582105436,2223514,12.327591276727617,27ad38aa78b7c68cc0aba4bc1a75cbfa79fec24f42a022a0afe33d09221f0bf2
ARF,85a31ae409944a1b,53,ok,2.1399315261898484,1327859,10.991913489066064,501097c5da7a7bebd7b75cf7d31ba9d7ec29a7a03eec095b5aea2aff7b2aaa67
ARF,85a31ae409944a1b,71,ok,2.122860834293223,1342545,11.503617176786065,0edce53555de061da6626afb363d1f59d38a8f1b7e1fbb1304dc36bd29c55a73
ARF,85a31ae409944a1b,71,ok,2.130059296030147,2247361,13.023045415058732,c67261e2e3442cb6321eb7fe64fbaea233e10bfa8a1544c48f8909e799eccb20
ARF,8d859cfa7b51a351,23,ok,0.2964023800627688,1428634,20.107090095058084,039ccad1ed23d24f82473fabf21626f03e369e809c9ace6c3ac1aafbea03b6d5
ARF,8d859cfa7b51a351,23,ok,0.3146937470283287,2385385,26.359446548856795,078510763a7d80be2d7ba08539474db85d0ac2d064566befbc4cbc9d9cd2c390
ARF,8d859cfa7b51a351,37,ok,0.3075007315781114,2349162,15.391803311184049,affe4da34d6834223b846f14cc8ef62c090157bc8eed9ce1451ede333834757f
ARF,8d859cfa7b51a351,37,ok,0.28686115631036935,1424725,13.403792620170861,fc1313ea453a890a966b11e8a1a8ff2848a2f24e9dfe27825f900956697f7926
ARF,8d859cfa7b51a351,53,ok,0.27854476262997535,2360481,12.194356602616608,54c079899a0aa8728f68d1a07940f9733007e2116faa2bdf5133d22dc90b5ab0
ARF,8d859cfa7b51a351,53,ok,0.2657114915444115,1410459,10.530616021249443,e1f9237cef751c6667528891ee3f25ae2302e30b01a58d97b8793874225c4c93
ARF,8d859cfa7b51a351,71,ok,0.3507655993335851,2377690,13.862868528813124,2e7dcbdabf27843d0c0c00d372d72a00b9c6a66d788f09a47a5732218bf171c6
ARF,8d859cfa7b51a351,71,ok,0.33817101064295096,1421928,12.57749336026609,5ee9f3face60422ecfddf7427bc1485f768ac7ebe338ba365a58e488ff729901
ARF,923483635406b213,23,ok,-85.53315921012297,107466,13.610098955221474,5297a698a8eac67eb2d2d442afb3263180c9573a9948f4396b31430351bd60fc
ARF,923483635406b213,23,ok,-318.9113355718727,2512756,27.488300868775696,bc07c6c5007856cc214152fa38cd12fb15352e7b3589df7c4cba341e5f520141
ARF,923483635406b213,37,ok,-116.4169391952605,112695,10.244517021812499,9cac8dfe95236296fbfe78805b470dc0452a23ed4b18ee8248aefc5e05ce3a2b
ARF,923483635406b213,37,ok,-367.11618946519326,2523252,14.572076688054949,b04f00a3572938c38668ae757c3c35d4d63ae7466cc1f643d2aaf5cbc81e7d16
ARF,923483635406b213,53,ok,-27.21542501227783,103124,8.798848600126803,116bf3c4348a67240514ab205cdafdb3006092305679889bb45b05a988c9009f
ARF,923483635406b213,53,ok,-264.6521254060189,2520652,12.543174765072763,474f1baf4df67298c25bac69ba825a1126a78db94bc9f156d4f7554610e46bef
ARF,923483635406b213,71,ok,-404.7106011529428,2515021,13.230489055160433,d2bab7a870d9d5402812acfd614834166f473f6ec9c755a76301654f17a8e549
ARF,923483635406b213,71,ok,-171.18002409716024,105658,9.186903677415103,e9ab7508937d8e455c6573b2961440b310dc7c164602a81b31b15f7c0591b36d
ARF,9312d813229df035,23,ok,4.5689550695874095,578485,17.547659054398537,0ee421d8a11e131fee33e4a5125c0a60b25232b324ba2d90d88ab157d6c92abe
ARF,9312d813229df035,23,ok,4.5555306341442465,352471,11.566462188959122,8647b80d7071b58466ea482173640335e7e79b92331e0efd14f2f1b78057d70e
ARF,9312d813229df035,37,ok,4.535936851437711,342694,9.649472861085087,6767e0b0e8b3854e8c7e3ab53c74059238b0c6c5f7ba2f2e54e2d2c656327b12
ARF,9312d813229df035,37,ok,4.537185543330071,570133,10.144979330245405,a0bea38308a11378ed658162849095c73ecfd35df0e33dbcef746894cee43574
ARF,9312d813229df035,53,ok,4.5606106732470435,577475,9.518270761705935,bf80e5f56baba0fc4b0a08b81543dde15cda82190adbf20663d2be070e9f7a54
ARF,9312d813229df035,53,ok,4.576801176478571,330146,9.07707154424861,e9a7a66cbd25d3f1fad8dba84a3c0f28c02dc16a6549092e408ead1d0a5a6d86
ARF,9312d813229df035,71,ok,4.617798535250829,361643,9.570278482045978,94f7ebc824a1d43b7a3f817dc241b772da0ece379495956f4f2a622609faa32a
ARF,9312d813229df035,71,ok,4.682242292143819,603950,10.593200454022735,e2e00c34f379566880873b1c23de69e609bb0e744a82098658f29a84a0166e07
ARF,94a00ea67f49bf84,23,ok,1.5802052325808822,616854,9.50848931260407,ddc92c3d1122c59bee9a5a82be5883abb8bc4e8f31c808c3a345f2ef3342aa5e
ARF,94a00ea67f49bf84,23,ok,1.6108053389339487,367064,8.99681783420965,fe24997d0872a34a57cb33badf4d4b5c06604567b04174e3d61f2fe511796155
ARF,94a00ea67f49bf84,37,ok,1.6466595677181441,631826,9.994279121048748,4ac463aac53d5498e3756ac08e4e4040db83426cc763d352dcab4b7198d91212
ARF,94a00ea67f49bf84,37,ok,1.6400253109002416,377043,9.71594410436228,a3a58cec9ef7d0b0868cc88b52fcc4bab97d346790a9bc45aaf6c9a1c27f0a2c
ARF,94a00ea67f49bf84,53,ok,1.624045370877452,358441,9.323944753967226,b6fe1ebcb862e08dfe19cbfbcb582cb73a98bc930f2cf8e6892974190e8641bd
ARF,94a00ea67f49bf84,53,ok,1.5919801207010762,604925,10.030141702853143,deb54d6ede9a8a86e8c71e95f00e5fb2c48c02cc06fc166bd0426c6e4afa2d63
ARF,94a00ea67f49bf84,71,ok,1.6002774429892774,347421,9.714516163803637,2758eab53cb11d042d0e1c088d0a236148d137730ab46a41ecc0bb361695e9cb
ARF,94a00ea67f49bf84,71,ok,1.619742054468832,589142,10.345226515084505,4f909e17d94f70f20ed12a3ec4ee1008ca9b033268e95ea9d36de9d2a889814c
ARF,94bd4520b8ceb3f0,23,ok,1.6614669163254712,1875535,35.956510949879885,645164dad04ba21efe4392dd7af3555741e34a4484e95dbb405b179161374e72
ARF,94bd4520b8ceb3f0,23,ok,1.6859750495995616,3179702,32.753810858819634,846b6ef13910792564ed7346689ec1a546ec5c59a6a9ef8242920bc716e93226
ARF,94bd4520b8ceb3f0,37,ok,1.7079243947351432,1968701,15.171057377941906,106798d7123650f8ee85fdc7bba46ad0aec9a93fe0c1cb3906c265b9e7f22527
ARF,94bd4520b8ceb3f0,37,ok,1.7309002068282882,3235910,16.958822833374143,63d927a85891708bc55062026c56113584308ea27a1ec88e57f06d2884742bd4
ARF,94bd4520b8ceb3f0,53,ok,1.6748415616862342,3245048,14.213793037459254,07c13f0e671f15e719681455b381ed64339a2e113b7f58d70c5a55f2ff650ccc
ARF,94bd4520b8ceb3f0,53,ok,1.6658744942007013,1947996,12.829034501221031,fc941aef48453cdd230aef8d19cff2cee0dfd51eef49eda7ec9ba54e2e363cf4
ARF,94bd4520b8ceb3f0,71,ok,1.7095282791030473,3263742,14.128019799944013,18efeb3e2705cdb2abc92e4935145e043860f654ff679c3b16da4daae26991d5
ARF,94bd4520b8ceb3f0,71,ok,1.6937316940250526,1969701,14.900891497265548,830fecfd61b68b32f1d26d1cced702ce9fb6a459c93ce32b54efc45953583f0c
ARF,956d34f13e7af830,23,ok,-0.0120535091129453,9020129,38.7592296032235,7ee722c01f1a99990d2dedc40b9800733e1e3f05f8e4ef5e7ae1b1498288225c
ARF,956d34f13e7af830,23,ok,0.010891722949575161,5320027,28.40783397713676,9e40e02a3dd769af174de58a85f6006d1926f4c11fddea58db83f08c076f6afd
ARF,956d34f13e7af830,37,ok,-0.10138038516927841,5285663,19.522193192038685,17dd3afd9b68188673bc8928f243d8b082fc440f831f300917b70414f29a1541
ARF,956d34f13e7af830,37,ok,0.005571540316377129,8770609,25.463072374928743,c600c8ae22cb5e22444048fc42be2268ed8e77da3b1ebfe7bfcd8cf10c46d4eb
ARF,956d34f13e7af830,53,ok,0.001771470627857533,5276775,20.82947472995147,af78e8b1623dea25f08423629e0fb587d80a4ec8265fb3a1875bc9ecbe671a79
ARF,956d34f13e7af830,53,ok,0.05922841174173454,8784942,26.99629956902936,c6b0917b0d3c10d3695e10954429669fd0b6556b86e8a9e9f923f81e76bd12e2
ARF,956d34f13e7af830,71,ok,-0.014634101679093374,5172299,19.433060217183083,2fc3007fb0479cbe6a85923e2a5b504e05413cf1c54c974542050cd8d1015ac8
ARF,956d34f13e7af830,71,ok,0.060264007332377946,8654331,25.16218146495521,30b689b4a81e7b793f1661c1aafde5ed6045fe350a25198e4e235a5d701221ff
ARF,9a10c15885022034,23,ok,14.018201862981785,743545,10.475942836143076,65df254c42c4694524392d844e6b29fcf27379d5dfe16dac49f14045cc28f1b7
ARF,9a10c15885022034,23,ok,13.752953523601093,447380,9.655312636867166,80ebaadb23e7132b1c044c9a5566cbfde767c08ddd90d686185470e34b316beb
ARF,9a10c15885022034,37,ok,14.585426916894042,461305,10.155458472203463,7cf61e0dc377d430dd0257d686315f0a82b7dcdc87907c38dcf93ad7ba3779f8
ARF,9a10c15885022034,37,ok,14.896450519916357,764058,11.147408543154597,eaab9e62672a021cf1834ae7c80e1a5f0523585cd804488b92084a1f073aa001
ARF,9a10c15885022034,53,ok,13.48756750327041,444993,9.203482404816896,cd75843af424ed4060a592ab1f0471a889fe27ac3d08fa670ad2c73882a94851
ARF,9a10c15885022034,53,ok,13.723140279494451,763380,9.832890145014971,fc48d7fda1441ee2554c1848a91d0ab3a04d431be3ce79226ee265d0be702c0c
ARF,9a10c15885022034,71,ok,13.55564058863641,494077,9.213895401917398,a1234548d40f52cc81aaed5f9fbe86bc68ede352e9b6e2b078c0e5ad69c36003
ARF,9a10c15885022034,71,ok,14.007576943457625,776166,10.133708846755326,e421370f15720246b4499742a5dcd0815655f9719e3fa2b71b91dd8f7d584af7
ARF,a04f964bc53281e0,23,ok,16.612348529160375,265864,9.764373472891748,3b000533e5cc17323c98192353cd67935d4b6567e8d83b8cda6da6a890ab24f1
ARF,a04f964bc53281e0,23,ok,16.661768602962045,446229,9.627768503967673,bcc1d4a4d7a1bff320148c55f9638f974073ab7bd2d13e1f55bf4f9c5a1836f9
ARF,a04f964bc53281e0,37,ok,16.506217433798646,263085,9.750741340219975,d8a1de68c1465b18e6206199527504dea4418fe29bb918f1a50de24ba05f98ba
ARF,a04f964bc53281e0,37,ok,16.62293095425768,451176,10.14267424074933,ec87b219b6ff1b9efc42a2d1fd9ff3b8853e38be73e029e228a7a593eddb4fad
ARF,a04f964bc53281e0,53,ok,16.67990203739737,453081,10.339246839750558,72f66f18d62f1191e07fa123c065e1bd97ff2ca1fbcea718f7a99f570a1cb0b9
ARF,a04f964bc53281e0,53,ok,16.646286369533694,265338,9.729019360151142,92f531e632e30cf696986b039bd06d9f7d96cccc633f36ce24071515946526b3
ARF,a04f964bc53281e0,71,ok,16.598804439131225,423239,9.761182378046215,4e27364330c8bf7f1f1bd3a44700010fa6653c6c21ff5e2735cda84e554f96f9
ARF,a04f964bc53281e0,71,ok,16.53967560404027,254022,10.45576625270769,ad4da3a984acde355e7d4b63973ff99a75ab680431e23d40a75f894f320064e4
ARF,a23f4bd626b76590,23,ok,1.2151326767330244,1965769,30.482133218087256,02d7a5a0c56303726b829d94c6d526abee755ead81fb795151b8a0f54c44306b
ARF,a23f4bd626b76590,23,ok,1.2437148024278626,3245657,35.4162600110285,3a3224b7e8ee56e6e8c83ebba1ddd10c16f2a06b91af044412a771900713cad1
ARF,a23f4bd626b76590,37,ok,1.241565872527846,3195978,16.756738922093064,8493648a21292766112e4326f7f5ea95ac73b904af59be50541074e02a7af3dc
ARF,a23f4bd626b76590,37,ok,1.2171476906441432,1916284,14.03009497281164,924e1685f533fe9627c5b14eca781baeedb68a277ee807f9656cab30abc3b6f8
ARF,a23f4bd626b76590,53,ok,1.2337021836673696,3208888,13.651961673051119,b9a4277ba9bea786b8b7be32afbdea6aa1d2df605e12419cd5215e85763ca4ee
ARF,a23f4bd626b76590,53,ok,1.2462941342643126,1925314,11.789761262014508,eb17246aae9d29d1e7989f4f8df24df7941694d833d5b3f4aceee6d1a60d6e68
ARF,a23f4bd626b76590,71,ok,1.2576184998725244,3200177,14.261092689819634,43827b450a4f380fb122667ca9d9170de7fd72f85ab38a2fdcdf568c45883f46
ARF,a23f4bd626b76590,71,ok,1.2378290513873014,1911412,12.0886169411242,7ebbc603d75c277dc27f5eb8240956e035237f5ab46880428f703147524de169
ARF,a32a69e7c701eb14,23,ok,-15.628410017467052,19351133,54.72881854418665,3064d1b850bfc7b7824f51648aa50a84f02c0f1e580fac6f3e8d61f4bb1529dc
ARF,a32a69e7c701eb14,23,ok,-14.90863569856866,3502416,23.8074985826388,cc676379877fa8a10acc3114f9c4294a558cdc89d6ddeed01778d5bd1b5b070f
ARF,a32a69e7c701eb14,37,ok,-16.382811421573233,19790646,39.997557105030864,86e1398882543514e1ede8586e9e35f93989f25e17cf03f1aafca291cd8e3baa
ARF,a32a69e7c701eb14,37,ok,-15.025333977125662,3508875,18.756625196896493,c4dd2976949c3b9f535059b288a333b3b7fcb6e78748cde55782cbb1584f7b82
ARF,a32a69e7c701eb14,53,ok,-14.6796004775518,3363886,16.45357259409502,3887d14299d8efc124de6692589fb5f53dfd20ae787b21c44f2df74e2177b5de
ARF,a32a69e7c701eb14,53,ok,-15.926853898094386,19414084,39.88064773194492,f61d8f9934a2fe06fe5a8946ddd4378367bbc939ec40ae5effbd6c28d86e69d1
ARF,a32a69e7c701eb14,71,ok,-16.57867703078109,19999027,38.901865939144045,d83372583830a01ceaea4fc51d6f2b4c1205a85478ecb7784fbe6741c0d17042
ARF,a32a69e7c701eb14,71,ok,-15.158979291594248,3560926,15.64620896615088,f6a067fbfd7471bd568af233265255d83c9ee75aee29cbc5f8d92f8180efb5d8
ARF,a5ba682572f53add,23,ok,3.0047588830545577,1019632,10.644758480135351,21498387c84d748b1f2f3cfcbfadd80043529496c3857cd595d46cc315385cd3
ARF,a5ba682572f53add,23,ok,2.995948352431194,603304,10.600452481303364,58a3b917077ecbd96fad76b825d5fe94ca13b88280bf2b14a6dfcb69bf88be9a
ARF,a5ba682572f53add,37,ok,2.919915101513706,605586,10.054634734988213,900ece4dea69243aabb059690f70a512f5db488b0fb12915bb9fe816656f14a0
ARF,a5ba682572f53add,37,ok,2.8583192255503977,1014864,11.379803380928934,9325936aea1409d9316cb90430c8c0c49e7035c371e5a7acbe9f1293e2da360f
ARF,a5ba682572f53add,53,ok,2.97730760482079,991521,10.682207129895687,0147c6e0663079197b78db6d73bfd8a590161dcfb103fdd292871b12a5b4e249
ARF,a5ba682572f53add,53,ok,2.849310832987277,605131,9.511121122166514,9c95650dfbf90febd1457d612766f5380de8cc2a278a093d9d060827b35da982
ARF,a5ba682572f53add,71,ok,2.953027225324013,596926,9.866876491345465,6f16ef6ab7bc8f6d55f49479a8ea937d2e8e759623dd5b3b80ea35b14c558f60
ARF,a5ba682572f53add,71,ok,2.9309573781537313,992925,11.271630019880831,7ad75b9f6a8f444d20077b74d1d91ab5086aa859fdcec90bfe694b915b1a6049
ARF,a863cd42be4d05d4,23,ok,0.3843337983268114,167242,9.037082531955093,01ef8b2d0683613571619e807e1c35a5c2582be35cc2ac974fa592966e4f3b05
ARF,a863cd42be4d05d4,23,ok,0.37525639325702376,102717,9.661725287791342,aa1f860d98d769021d89e1a905e3308e14eceadcac5856b33e85b94461f65907
ARF,a863cd42be4d05d4,37,ok,0.4695452912354865,167931,11.577999161090702,083f4fd8afd0fe1ed6d0c7e33bef7bee641868311d9cd72fb8ef101223035571
ARF,a863cd42be4d05d4,37,ok,0.4965937035395826,101189,10.449778920039535,70e5d571bde3ec6cf11b44c8fd9c8f80b28d1dd4abfd34aab6702f972f8ad97f
ARF,a863cd42be4d05d4,53,ok,0.42327388665959065,102055,8.980669992044568,0bb6b546a3ed16c64e7c32b4066e3f54e1e9fabc7a50d0d36084f77de4bc35a8
ARF,a863cd42be4d05d4,53,ok,0.4497375009018783,169073,9.244710778817534,b8371530953b1b564d8aebc85709365b2cefb5f003c5c0d219d6a6a74427c1d6
ARF,a863cd42be4d05d4,71,ok,0.5220822118919933,98877,8.304478839971125,5c65ecc27a4a1d07163d2ded3bbfdc3c06820d00c428566552a7e485589723f2
ARF,a863cd42be4d05d4,71,ok,0.5261571753947129,168704,8.619767624884844,e68732050a3303f393d2a25223c84c0a711a9c7f1361aaa150f07a9584af63f7
ARF,a97065df07a47eb0,23,ok,0.486774242527248,5007209,29.277555868029594,34c5b9d63834ab98b202bbf5405fe093e9137df53cde840eb1b8b2af97c72749
ARF,a97065df07a47eb0,23,ok,0.5667182532330878,8312852,50.54361241590232,66898edf097e532e0908a488f93f8a26b13c49634207e0e2098d875d190ab01a
ARF,a97065df07a47eb0,37,ok,0.6188809467505731,8346015,27.686978809069842,2054728d0e6b44fdc98855cd4452147998d3cf939715358caec9e1dd745709d6
ARF,a97065df07a47eb0,37,ok,0.5478602599609078,4988848,21.379703327082098,fe10c87b3dc942df871e4732307004755cc7c28b5b3fd9f457363a6b5b7b838a
ARF,a97065df07a47eb0,53,ok,0.34960527250510876,5357803,21.392980960197747,0937bc5fd85200dcfc0438851acc0dba3b0292e1a62858524c0b3e4b55d9d3b2
ARF,a97065df07a47eb0,53,ok,0.5008545886038125,8790211,28.667828619945794,0b7486445ae92bf0fae957b4f45929795fe37c91ec0274d0fcb6167575698e4b
ARF,a97065df07a47eb0,71,ok,0.4480966368534008,8536698,24.932649882044643,937acb433908a825bfe601fa494bbdaf307c782be58b799c0468d5309a5d2f17
ARF,a97065df07a47eb0,71,ok,0.35521811928406954,5071823,19.20137364184484,f71b98b70bb3866fa174d891c010e4e3871b7c9f0ef6fe85578110e35367f062
ARF,ab279eded3b3c52b,23,ok,24.4592301858004,4530086,45.401072720997036,32e9a79eec9fc2482eb3118b9822de9bed8c70652f62897a86347ad244692ba7
ARF,ab279eded3b3c52b,23,ok,25.67561094536776,7680961,36.095583244692534,ce7ea2310670ad18ae93e833d7d1dc6c5fab40e4cfd3c6a49aede8a64335220f
ARF,ab279eded3b3c52b,37,ok,24.96053507499924,4604993,26.499935692176223,497c262314099ea508af4df5e3111587208d1fe1410ac0032f2417b4dbf6b352
ARF,ab279eded3b3c52b,37,ok,25.11007084099771,7686857,33.40723345987499,98be8a69c01fa4096b52e85c7b3e2b6370e16e7433178b7d785234ad06257586
ARF,ab279eded3b3c52b,53,ok,25.945371053064445,7690007,26.70750694302842,6b9143427731a0a056af0fda7996eacd0c159fe253702d2d5e1bf5e6ea99ac31
ARF,ab279eded3b3c52b,53,ok,24.861273597849927,4497927,18.95199143094942,d371b2a7b6fa8077efea3c8fb9bad9264b96237afcb652fc51f9852f6a293283
ARF,ab279eded3b3c52b,71,ok,25.2549873601168,4593731,22.922359196003526,e324c731800be820b452e60275aa898ff5d0223617aa409c6fa6db78f5a8a93a
ARF,ab279eded3b3c52b,71,ok,25.92701287886186,7727378,32.05147030809894,e817621f08b35479e7f35c16daa1802dedd02d1b4f874993b58eea95d49f9840
ARF,aebf5d861a8365b4,23,ok,3.7508284591528787,1645224,18.246046232059598,556ef7f33badc9506ceeaae3cc1e1e921fc0be93dd13b44b055ce7f8c01cd8ee
ARF,aebf5d861a8365b4,23,ok,3.653190603240653,1010582,19.299786957912147,95fd6517960c80b44781fa4f820015fb4504dde68c26836b158f2922b3120f75
ARF,aebf5d861a8365b4,37,ok,3.8764413016578754,1641333,12.40333639504388,ab5ae352820d92fc00f5f97265ca1a89ff034a19b22409ab008650a880040d0a
ARF,aebf5d861a8365b4,37,ok,3.8422027885375565,990644,10.914444933179766,fdedb6ba303107ddfd4407097ae4c6ccb52cc45a0512255af4aeda74c44ec4d8
ARF,aebf5d861a8365b4,53,ok,3.8252329276736927,975140,11.110343382228166,6d3ebf201184c1db3ad52050699e51ff4179cef166d82d6b6c57e3c857c9582c
ARF,aebf5d861a8365b4,53,ok,3.8839869815010375,1624191,13.554460379295051,d691eb7c9e5637279b89bcbe11dec2b956864eb599ca4d97d1f0df9e1da49ae9
ARF,aebf5d861a8365b4,71,ok,3.8455764132841823,1614611,12.542721402365714,2b7f3798065d99dd9419cdc5e3350f6781a4d8053d3b1462c8ee8bbd424929da
ARF,aebf5d861a8365b4,71,ok,3.8873629190064576,964304,11.433707443997264,df24f320819e8bbf06c0eb6bac9091449b0045b77de695c83e45828d0709fead
ARF,b6adf79118a58cea,23,ok,29.468632284498298,3783158,18.46893641212955,a2497974c75ed9b168bcf1d4cc6beb5e55ce0c661addb50ec8bdc15b39f05454
ARF,b6adf79118a58cea,23,ok,29.468632284498298,3783158,16.186431917827576,a481572e91cb70800482bf3867245e29dcd5b1e281ef6f3c704cbed1a099a93b
ARF,b6adf79118a58cea,37,ok,29.19767712202974,3803981,18.863847475033253,69045ba6de002f621c7fafbf18c95673bd2ef62a8e0136a2ebd27095cc7298e1
ARF,b6adf79118a58cea,37,ok,29.19767712202974,3803981,19.98747494118288,aac80e47058135bf82f8d89130714d98918a6dcba96d35bb35544a433477c284
ARF,b6adf79118a58cea,53,ok,29.493881140386176,3777713,17.169478443916887,4703324edbe049cda8fa9c82df77e16651593c425369eb5f3b2e75996a4b4b75
ARF,b6adf79118a58cea,53,ok,29.493881140386176,3777713,17.349587426055223,98eeb490cac7f5262f6dea3f460a5a4b0c6eba7e553a799eb33d78bc163391e7
ARF,b6adf79118a58cea,71,ok,29.301891935031026,3754047,17.87233101343736,1f44c12b1e328707e2674a54300b8c530ce43ac23d436a2a60015782342d7774
ARF,b6adf79118a58cea,71,ok,29.301891935031026,3754047,18.108951779082417,7306b9d5000c3acf300a7314d4fa8703148afbd686f68cf95cfe19645f61902b
ARF,b78d323566930bd7,23,ok,-7.857846542515426,5464047,32.93671231204644,421934ed285015bfb798f9b9d2ce2adb40fc400001ed1158dd747c2214221780
ARF,b78d323566930bd7,23,ok,-8.231322594232495,10643999,37.73022845434025,72ae6545dcae351e767eae870f4eaebf6d8cce75bef4188437004b76f39c7ab1
ARF,b78d323566930bd7,37,ok,-8.1894661899474,10429753,25.712917092256248,a857afc66a0975b03b9262ecf33e7c1d7c5228c704b08513bf5f947882491714
ARF,b78d323566930bd7,37,ok,-7.887102223064666,5414590,19.44943079072982,bf4e6a15c0553f633e6c10f40c34aabbe6612b17542d1d922429fe238ea44cb5
ARF,b78d323566930bd7,53,ok,-7.80016780251299,5545222,19.24847408477217,1a572115cf5a22d5965a1b973884c2f6a2a6cbb5d3cd5a55cdbdc7c4e16bba93
ARF,b78d323566930bd7,53,ok,-8.476098255659688,10404203,27.534231503959745,d489d1b2e8ee74c477c896eb4100e23c01b64e3bf520398981f6fe68722a7bad
ARF,b78d323566930bd7,71,ok,-7.877417722568385,5425917,16.771455374080688,19823968f8e40608b081951690a54712b85fd5e46512b0d564e221ec1a728f17
ARF,b78d323566930bd7,71,ok,-8.192952602571292,10469240,22.83961565978825,739d19e2cd3c81edac49b7a354c9e1abd5aaad1586a9d3bfe6e1b176bbf781b5
ARF,b7f9774e2142a758,23,ok,6.486158860135799,303108,9.50876866094768,9f03186fb3b287190d7c22a7d9be61a43327f9428c820d8efc6c6bb62939aac6
ARF,b7f9774e2142a758,23,ok,6.486158860135799,303108,9.510786131955683,f59f7898cac9d07f216e049beac30b86f6e39e66989744e54c6e436ba4b028c7
ARF,b7f9774e2142a758,37,ok,6.516288838650858,299028,8.888975055888295,adfbbaf642ca942d9a354cfef41380ddf1520d2de16b2344f4c375d261d8cae9
ARF,b7f9774e2142a758,37,ok,6.516288838650858,299028,9.018961430061609,b22bdd1edf2856241143d6dc06dfd65897dae83d6f2d323eab756a8367f70a90
ARF,b7f9774e2142a758,53,ok,6.5211798565200585,298119,9.303268965799361,c1a59e29851d0410a3cda72550ef8cee625e188d38be3b600609b34f53828239
ARF,b7f9774e2142a758,53,ok,6.5211798565200585,298119,9.20986750582233,c69e99d52e122b743c9b235ca54727bfda4e43cba7158ecadcc4319c6f039dd1
ARF,b7f9774e2142a758,71,ok,6.697896057754755,322274,9.343952739611268,7710aca3fe73dc9fa0177abaa4820a4b0afae61b4b5f5c61d62d6318c59d9b6d
ARF,b7f9774e2142a758,71,ok,6.697896057754755,322274,9.789714209269732,79e13aba8e0fa6cc1691491f7a39909be3bcde50442f4665c2cab99eef657c8c
ARF,bc85856c012bcc1b,23,ok,-6.469037098675725,10400595,49.069606164935976,46baa350ca2af5bf7581980600febd3f26e8c8951207d72c1de5f395768f0e41
ARF,bc85856c012bcc1b,23,ok,-6.004581476276279,5403562,44.07170512992889,6e6cacb553a1998332cf0d1e05831af99b0e2f0c9fb9f011df816cfd9182f9c3
ARF,bc85856c012bcc1b,37,ok,-5.749329427381406,5606603,25.028608368709683,671eb4865ff7d8e61a0da1aef1afbbeb9b7fe01646c1679e5b6ef6892a9ca0ca
ARF,bc85856c012bcc1b,37,ok,-6.302907178777792,10152389,33.09109063120559,f405f32c33769c03575c467fa66b6d4be340ea87580d55248f60fc311dfdc51b
ARF,bc85856c012bcc1b,53,ok,-6.136111118538816,10310677,33.245500358287245,d66d519e917f92855dee9af65978f0baab0a2639405df36425f2c7f04386fa1f
ARF,bc85856c012bcc1b,53,ok,-5.8457382023674285,5521399,26.540575488004833,f93dd9c26021fac91bc427c658f458d59d955b8b696ecc499a0cfc144a3678a6
ARF,bc85856c012bcc1b,71,ok,-6.4082517521149915,10335182,28.93176948511973,0f1e5d8bf85502b6fb46fa2bd20cda236e7d3f046070bc584290c8022f2a491a
ARF,bc85856c012bcc1b,71,ok,-6.232451066526462,5614570,19.129802876152098,e592f1b9b19f6017c576560b58c10e35fdfc4b138f3fb26f3cc0878e3a1b19b6
ARF,c107ee39eb333a9d,23,ok,-0.40400155295459733,4708494,37.71479939669371,7456ba4d232623d9ecd9dda57ddf5fe3335128559a0994139ac4c6b61df9ba07
ARF,c107ee39eb333a9d,23,ok,-0.4853835390979395,2841987,23.343529528938234,91a70f10c61a7a8a8b2c7bee50fcdd24a41efb4f68bc7fd79da90d9bdf5e63ad
ARF,c107ee39eb333a9d,37,ok,-0.2852426340468117,2588650,14.69720278820023,38c782ef4b3a28dc27ebb88cd9925b33194c7ec18bacfb639c97d22aa7b1c106
ARF,c107ee39eb333a9d,37,ok,-0.31508220319411223,4393075,18.1812854539603,b6f9b25e688ca739f1af52871a9439e117a36d49124d6bce92b2805ec17321f8
ARF,c107ee39eb333a9d,53,ok,-0.4378126364550277,2723056,15.824177879374474,66e6dfee5dd28f65d6ec3f60a0dc41b28a8af4fd450d4aa5048231a9ecf0dff2
ARF,c107ee39eb333a9d,53,ok,-0.37369505160579436,4531236,18.08479006914422,f0a0a2fb6bafca15c859e3d27add4fec1dcfef70e882f1cce8370484340f8f90
ARF,c107ee39eb333a9d,71,ok,-0.30619113570396195,4542246,18.838855978101492,669b0aa43af49da02770deb5c92fbc0a62f0e263f6fc5000fdbad8cc958b1dd7
ARF,c107ee39eb333a9d,71,ok,-0.34127976257401077,2700641,15.152922618668526,c84dd0e448d3aebf85ac6b9d5c5ccedfd97032980f2d0ac459e30c3262f2932a
ARF,c30ff9405c916718,23,ok,0.07704506034330724,656915,15.04182844189927,697a7db042ea6bc1eb7ad3a8587c44128dea83d7136ff2d6ec708fba52fd9b8b
ARF,c30ff9405c916718,23,ok,0.07376714973109393,388195,8.877392255235463,74c79db35cc533d0078fa0132c42ad51cd570387e687927521b4decb11e5f9b7
ARF,c30ff9405c916718,37,ok,0.14384550771096372,392541,8.844312347937375,882adc119f0bf34981114753fb8e39c64e5a5cd49ea40ddb77d5f6d2bc78d7b0
ARF,c30ff9405c916718,37,ok,0.13963384808313078,651244,9.562001302372664,b0a088febee91c90d942e9b47157c3da0bdec7bdcb4822c57cdc2510482c0f1f
ARF,c30ff9405c916718,53,ok,0.0707109844645347,670362,9.554020712152123,c743b76ae84194041d00bcd2ece2cc9fe5052470ea9e34a2fbe9145ddd7ae676
ARF,c30ff9405c916718,53,ok,0.03305386961461549,415147,9.366342143155634,eae9892887a07e637cd394da8a908b9d747e5f0fe093bcdb46cfec0e94b30700
ARF,c30ff9405c916718,71,ok,0.14183820493157717,667539,9.796150427311659,9d06a5b25f86dd32d88da06f510a12e3c4f13d42b76dc3d452c620d399e69a99
ARF,c30ff9405c916718,71,ok,0.15485695963908475,401538,9.35054501099512,ccbc0a5fd2679f3db828f217a9ed5885c3dd02e0c9d6dbfd3f56f6f9ecdfffc9
ARF,c4f8e81b70d33a13,23,ok,-9.069075961881717,10710696,40.12479037186131,b063eb744b455eca26024caabfd0fe0eb38be8c09740a0a27095392435ccc138
ARF,c4f8e81b70d33a13,23,ok,-8.243279978427408,1799014,18.34837933583185,ccec53076dbe6a87820bcdcbe75462b360c3355fb8c9959d62dbccd8552f2e26
ARF,c4f8e81b70d33a13,37,ok,-8.884499932981798,10533706,24.17143657617271,8ebcb2a01ff15bbb4cbf99e47ccfd9e2af3e9ea09f5ef5632253e411db1a3b57
ARF,c4f8e81b70d33a13,37,ok,-8.24291646083055,1841384,11.531127372290939,ca37a86dfecbebbc927814bec5d87cf12b3cd42a332a075a713f1e50b23dd8cd
ARF,c4f8e81b70d33a13,53,ok,-8.853753401238952,10852053,27.599928298965096,9f15b60d921f3dded487d54f19ffc03d1f532991df44f222328b50368cbad112
ARF,c4f8e81b70d33a13,53,ok,-8.207817279517228,1764647,12.969782231375575,bde9873bf333325e54b498ba222727c4208ce96bd42ae3cd1203a4b6ad9c4454
ARF,c4f8e81b70d33a13,71,ok,-9.004307500330322,10464281,23.09098440501839,222ff9e59330b2d6486b8230babbecd4b2db48bdfaa8de591b10b553608a970c
ARF,c4f8e81b70d33a13,71,ok,-8.226908519144121,1836419,12.666452966164798,56173eaf71ef0f67607d0e77569f00546b609d31d42565a2949a7d4b0e6d091b
ARF,c649a4cee87c4321,23,ok,3.0606366708347013,1525174,12.526488368399441,073414c1984fdd78a819fa2b70484352d209b9b6f3aa85b60c8ba4681f21644b
ARF,c649a4cee87c4321,23,ok,3.0761713515993647,2513360,14.992740117944777,a67affa97be89fde660ec0cf8d07c393c9d4ce436f2bfb46681b5194bf0b5132
ARF,c649a4cee87c4321,37,ok,3.112339498672913,2500260,13.12317378167063,3794e22069719a04333bb521b7a0359f875e9b410f212c381eccab14103867ab
ARF,c649a4cee87c4321,37,ok,3.088960764588328,1490978,11.43848494393751,9b1224c632374c0b8de090587ef624a228be4b1a900742614ebe88826e88de06
ARF,c649a4cee87c4321,53,ok,3.052457333780202,2517057,12.49494523415342,2f0afb002677fedd6eb02237b82285ead4c5d7bbb4058864fe71f45b18e654c6
ARF,c649a4cee87c4321,53,ok,3.065559498642541,1488701,10.953079371713102,fe1e9f2ea7069d6ea48c084737ef796f4e24d9416232f459db4f05a95d1550a3
ARF,c649a4cee87c4321,71,ok,3.070724090049591,2460605,16.72263739304617,23c40caaefe457da2fc8d880896393524dc9835f9399b4d7e8e212e9fceef9d0
ARF,c649a4cee87c4321,71,ok,3.05102434070244,1461971,11.519929340109229,56268914d8ae82f595d7e12fcf7878788e90029076348f634a905958acc5d8d0
ARF,cb5bf66ef2ee09ed,23,ok,0.272163733323864,304658,10.700062280055135,b4fa3aa5dfdbf59c74c986a943bde4487b5739c3fbdac0de5ed2195e5374cafd
ARF,cb5bf66ef2ee09ed,23,ok,0.8390988998502104,24314,11.437870122026652,e588a1d1af98f7f73454aca13aaa8c0b74e264f43c240a497e04c01b1b1b1f15
ARF,cb5bf66ef2ee09ed,37,ok,0.5906494035205277,25004,8.236615625210106,9128e1b6d38dbc3204fdd21f74fa03f2ef1cfc09a2fb01646346cfcecbf7e839
ARF,cb5bf66ef2ee09ed,37,ok,0.09421959390154805,285001,9.019732186105102,bccbe0cce4efd81715e73a4971a0c2884b024aea6264818ad6c62466b2b5a92f
ARF,cb5bf66ef2ee09ed,53,ok,0.8621646998603608,24715,7.9974250248633325,587b5f482774c3158482588d4fe2c29591743f17cb6f9c97fdcff47a163d127c
ARF,cb5bf66ef2ee09ed,53,ok,0.13725365888777824,291815,8.783060151617974,e677044274bb4d1d4f8150c209e53cedaf112bb3b7d2e10eb94e2398868c843a
ARF,cb5bf66ef2ee09ed,71,ok,0.6293558440754314,294372,9.212399831041694,2af2b998abcb9e07fc540462bc6204842199618afbff82a50d3842d84ab02e1a
ARF,cb5bf66ef2ee09ed,71,ok,0.8573442606281559,22725,8.723754704929888,d6457c1f794aaa76b19ad3d15180ba6bfda20aa3d5013a024c0b25c56c4f8596
ARF,cba8393879afd1dc,23,ok,11.547147288986817,308899,9.421885959804058,53be2ef097c303d5d939fba9748d3831c88ac5efcb998e020c49a24fe293bfa8
ARF,cba8393879afd1dc,23,ok,11.471796237074837,498967,10.430547310970724,e1abdaeb768387cfc97f148b1c00733ee61f1d716a10dbb74f7162ed70435994
ARF,cba8393879afd1dc,37,ok,11.47428036118266,314175,12.40742936823517,9064e460b59c1ce8f89cdb84ceef109937486734f1ab6486b2466348fac4d9b2
ARF,cba8393879afd1dc,37,ok,11.497438818514109,535224,9.635592677164823,b69b09eb57d7cc72cb876d4d6aad1c4a2711095a1bc06ccc9446d5edda3bf0b4
ARF,cba8393879afd1dc,53,ok,11.579158422011364,322032,8.744827843736857,62117a79299ea0e59c7130115a48f0d991aa040f46c434d7fd194b7d946519fc
ARF,cba8393879afd1dc,53,ok,11.557832589557865,521263,9.40342365577817,75a625d1b48b552b854b1c7b707463f744cfe9316f6a440c50d74ad0e1a63d81
ARF,cba8393879afd1dc,71,ok,11.568427796464215,518420,9.531595904845744,46727e4c8eb60a6a477ec7c5a1755428ad884f963c2c2736a14ccab5685db8f0
ARF,cba8393879afd1dc,71,ok,11.50540357652459,316532,9.016479656100273,879a69e40ca352851da46b0d8c20c6e40fa586508071cfb31eadb0519ecfe3db
ARF,ce1a79e2d658eb8a,23,ok,2.4803359159659903,551596,10.847490041982383,2fd1df9ab10be8bdf1eaae1a45ca9286ebc0433488de2187183d9b844ce06793
ARF,ce1a79e2d658eb8a,23,ok,2.476491059255507,331048,9.918218445964158,e5cccffc4f8119246a759d3b01f92e8e8966d4e328681ca93b2f92c868dce8cd
ARF,ce1a79e2d658eb8a,37,ok,2.4586923526248143,561720,9.493000470101833,8c5043fe4c6b467f4410993fd4dbf233de00feec7aab61dd0e4d1923f23615d6
ARF,ce1a79e2d658eb8a,37,ok,2.451360244166969,331042,9.103632187005132,d3294e25646a0db62acb5b245e0f12aea0993b5c1f88ea5a618bb017284aef8a
ARF,ce1a79e2d658eb8a,53,ok,2.515396528667627,564472,10.255876269191504,83249730044ec72090b05054add55bf056f92c1f9b2396f8befb6b33f81a6032
ARF,ce1a79e2d658eb8a,53,ok,2.479974384336166,334990,9.509652238804847,f2036703b4e66a9c055860d41810f4cf90d6f10648a878c96b495dba080c09b5
ARF,ce1a79e2d658eb8a,71,ok,2.396612870402459,543636,10.139142975676805,20851f4e7e939a1544f5bf47ca49d0e2bfb70c1f7ecec00ee84c41cabecb86f5
ARF,ce1a79e2d658eb8a,71,ok,2.41195862928559,322220,9.455456994008273,31c761311d7f860d1f6c8a28de60c80e3a3986290c0aea701274af5249673747
ARF,ce837ccd24a3a18c,23,ok,6.3217205183235725,307064,12.846021538600326,8f2712f5504087135c1202d9bcc43b27d799130c14a0dd8e497ff204031fa46b
ARF,ce837ccd24a3a18c,23,ok,6.3217205183235725,307064,9.497808049898595,d04b492315c5732001df1a251e4da6ce56e156925cc2a165d17c200c3d85a336
ARF,ce837ccd24a3a18c,37,ok,6.126918736333926,280020,8.968629672192037,064976e34c7866f65137a773adb526a7597a793f76b9eb4dbf551c9b419ae413
ARF,ce837ccd24a3a18c,37,ok,6.126918736333926,280020,9.03296827385202,24dc8facc521757380db2a4331282a07639719717488b10c2ece18b4088d5063
ARF,ce837ccd24a3a18c,53,ok,6.2746610000640555,293600,9.3322139759548,a684185c5f091f0ff2b71528bd489c7f7dc29121fb3f93ed8b3bf0fcea04dba3
ARF,ce837ccd24a3a18c,53,ok,6.2746610000640555,293600,9.337722475174814,fc34bcf1fff0722d6d1fa51ec91ed21ab37cc922b118ba6160a2905aaa02dec9
ARF,ce837ccd24a3a18c,71,ok,6.265251618021093,296675,9.589759787078947,4441ad92612973ae5a4737e3efa1566402a0dc7ccfae16729cdb95151d35c73c
ARF,ce837ccd24a3a18c,71,ok,6.265251618021093,296675,9.560274288058281,e6928c9d45a034e6aa15f5c096ca3745097ad8efec2e60a4510fcfeef29b74d8
ARF,cee6f811d0bf199d,23,ok,1.4114229045197515,1918836,12.481861450709403,28804404a45e60960cd5af53b443650fc6fcee2f17cfedcd5740c78ca13dea66
ARF,cee6f811d0bf199d,23,ok,1.4094062752859202,3191379,13.823179631959647,b0289499615d2d13d154ff2993b7a2da2718e3f1f3492ef6e5c71300015331db
ARF,cee6f811d0bf199d,37,ok,1.382552802974808,1934899,12.314734200946987,a2c6282a9721b52136ff9944c2e752331820093158d578f9f2d58f0aa612773a
ARF,cee6f811d0bf199d,37,ok,1.3940491361249052,3259523,14.350150896701962,d1ccbc05556c2ba3a70254dcaaa3392031bccfa4021987c6c585330a3dd0de2e
ARF,cee6f811d0bf199d,53,ok,1.3872865799877936,1934134,11.671219740994275,6335398e9e727645a3b9afd5a0cb50862000458e28f04221174df78342382041
ARF,cee6f811d0bf199d,53,ok,1.3945935859427818,3233365,13.40154787292704,f6f81bf7e4c16cb8aa8aea6f7603990df21ccf195dfc932e8028430f6124a66b
ARF,cee6f811d0bf199d,71,ok,1.370088777036644,3179610,18.50607358524576,77a53c6e372f1198e1715c2887ec472b06de9aa0b079d64e4704e3dfb8e0c16a
ARF,cee6f811d0bf199d,71,ok,1.3663928654495932,1885007,17.37676665512845,e5e5cdcca5f0574281a0fe70c431332a1cf3964e5ece92725a568bf1900a5303
ARF,d255d3a2e1c8dbf4,23,ok,2.084247461476707,1025560,10.361029318068177,7ad5105a26f7aa1fbcc47a421e1d46c4353f603f6b380e85ae7ee67be2ae43b9
ARF,d255d3a2e1c8dbf4,23,ok,2.093315152087623,1725207,11.371043433900923,a555f7e6241bf74f80a5b1760d3b26629ea434aac3c107503dfebf8a3f78e431
ARF,d255d3a2e1c8dbf4,37,ok,2.089865678742713,1054698,10.690283825621009,675933f57b100fe94d1b0fbc7f473838cc8272486dd46e9b60067b3e0cd022a7
ARF,d255d3a2e1c8dbf4,37,ok,2.0973630951520605,1754460,11.460712668020278,b8cc4102280b34b7dfe325119ebeda1c6f063c98c4f3841a4092c9b29fd19b78
ARF,d255d3a2e1c8dbf4,53,ok,2.0790687806931256,1032170,10.240117663983256,58ab8d98accebc4e9ca70ca35dbcf1275a2d10aad7484a5d4468ea2dd03a6e55
ARF,d255d3a2e1c8dbf4,53,ok,2.0885625956781864,1729765,11.098334833048284,d69836af27447f014f034b07c9609bd58d4e71a3a55c906c2815978fcd4202f7
ARF,d255d3a2e1c8dbf4,71,ok,2.0910970125678325,1039143,11.955470093991607,3e406919e58fc2c502eeb9dd1653f0f6e46bca32052d5b24b829ce2d0caa4f09
ARF,d255d3a2e1c8dbf4,71,ok,2.0833833695941224,1737650,12.892505078110844,9bf51013f2daf621e4b162fb2533e6b85bb0074b8b7ffe937197d51671a8a915
ARF,d52bfd2b6ab1c850,23,ok,1.9119093890739827,1299517,10.787245249841362,17ecf50d144123adb8fe81d6e426477b0751a61cea3e13cdb910a39a63d3f16c
ARF,d52bfd2b6ab1c850,23,ok,1.909844531121205,2160194,12.307144433259964,4a432d784b36a465ffc13a1a679a2293c0c1eee71c3d7c25d4033a2fc54bd2d9
ARF,d52bfd2b6ab1c850,37,ok,1.9583162769428488,2039573,12.133527915924788,5ad9f8caa5ac912ab6534d894d89e3803862eaf637835b1cd87a32f50aaac2ec
ARF,d52bfd2b6ab1c850,37,ok,1.9616850803573664,1207817,10.855333968997002,f918a69576747d7f3fadc4ccb3a7356a777be54c3e79ce0f469bd872d9a039c4
ARF,d52bfd2b6ab1c850,53,ok,2.028341582705606,2030689,11.765920076984912,07efc92a54575a1afa42eb0d28e095b676b0f5e57cda0d7a9dcab7be84774f42
ARF,d52bfd2b6ab1c850,53,ok,2.038326920837921,1217331,10.290079346857965,c62abd8d6beae448a253c24b45a6f829a200e1b5df767a7e877d0f01a4e8ce4f
ARF,d52bfd2b6ab1c850,71,ok,1.9043998064317285,1275782,12.009636307600886,1d209b349fb89fb9903941f677bf46e3429f0d147c0ee9440cbfb088f56819ed
ARF,d52bfd2b6ab1c850,71,ok,1.92110078320362,2096885,13.511526585556567,f730bb43530a96ff619a54f7dc82cc1a67aaf89d61a1166b0f570a38e83b4d76
ARF,d9a3408a840c9f48,23,ok,11.079839265669701,631119,12.769590816926211,4afc186e26b7c2bd5440467390b2514d13820cd133246db4e70842060ae9cab8
ARF,d9a3408a840c9f48,23,ok,11.149412377642845,1026207,12.513757997658104,ee5112a6c28c225491649338f024c1220a607d7650d491e3bcad6b5514c6096d
ARF,d9a3408a840c9f48,37,ok,11.3452294715705,623501,10.080923674162477,a01a7e7772d5e679502ce20902bfff99e4d4ca313b97529856519c4a639b7822
ARF,d9a3408a840c9f48,37,ok,11.33671993007622,1036850,11.140803868882358,c55e5add8bddb72dec472aca21746b2262dc5d3d754034b5f45ad2b910c5e356
ARF,d9a3408a840c9f48,53,ok,11.142499075894397,605375,9.524316591676325,3765bf30d721e6b9be627cdd61351bf20b15de35cd028b7a35ed2efa830f15a5
ARF,d9a3408a840c9f48,53,ok,11.477529108929346,1029215,10.624008472077549,68628a2f17a8510abfc2262145c39ec1c79430c0683ce64350a47a6c29c26427
ARF,d9a3408a840c9f48,71,ok,11.241279122951083,600718,9.959295270964503,2b6e847df51c6dc3095aabc62745a23b5fba6a2fd2fbdf0327fd2618aef68c5a
ARF,d9a3408a840c9f48,71,ok,11.379688027437297,1054790,10.828196132089943,f9affce3e916060d2f34630705d5ae3fe3416d20478812f4474a15bbbb07e17f
ARF,da290fae0d6c072f,23,ok,1.6261973186579781,1243849,11.547544989734888,963e207162d474afd34e5acb2942f04d22fd5fc3043cf3387d13082b87cf5b7d
ARF,da290fae0d6c072f,23,ok,1.6261973186579781,1243849,11.293930722400546,a450c57b6c0911777724cbab2ef22313cc6ab4b4031a0dec1965540d178531dc
ARF,da290fae0d6c072f,37,ok,1.629737629564495,1234954,11.126137136016041,309e657ed797cedcff6538339bdf2f94fd50b388b35c11e1abc9e98628e0cd77
ARF,da290fae0d6c072f,37,ok,1.629737629564495,1234954,11.023559226188809,472f0902b55183aed0d5d7ad132141c6063736d0d9600d14ec1897d426dfcba2
ARF,da290fae0d6c072f,53,ok,1.6285126043145193,1266027,10.545203969813883,108e48dff0c7998346a498f11140d77bdcf0f08525464a0cdf09a5004b30fec3
ARF,da290fae0d6c072f,53,ok,1.6285126043145193,1266027,10.62874184595421,1250c8f8c1b0ffa6e4319cdf1f95b52565f7ac6808d443e604a28a1473adec55
ARF,da290fae0d6c072f,71,ok,1.5924186020049018,1285268,11.641011915169656,c6d4ccb85f254735c51a410e0551ffe045b262d4495ce8f98520b2c20af0410b
ARF,da290fae0d6c072f,71,ok,1.5924186020049018,1285268,11.349923085421324,efbadc40e61d29fde41b880339bffd69fbf3670f5c589a81369ed966246d5eb0
ARF,da78606950f100cd,23,ok,0.16118593825440614,2827426,14.175293425098062,533d6f3f9cfba8b943d4b2b6949932dc77f75dfac5b1cb9754db3bb6838b607f
ARF,da78606950f100cd,23,ok,0.20430664278945834,4691860,17.50318316789344,5eb201881c74afdbf1c190c762f1fd2cf9352b9c8284fe454ab9a96ed453be92
ARF,da78606950f100cd,37,ok,0.14410409120327147,4731362,17.068919111043215,d2d3d80429102a0a2316ec236003eefe9e3811ca926bc99cc1f7b4752413aa00
ARF,da78606950f100cd,37,ok,0.09590044188449984,2810297,13.919262595940381,e342bc98638462a379dedfc25b94cb5960570622ed2ceb2a2830265de902bcb4
ARF,da78606950f100cd,53,ok,0.09215337527300722,2867935,14.335631571244448,268f5dd4579c563c00b329bdf5071832ec01b0a7bcc9576ed5caccdd7010ec32
ARF,da78606950f100cd,53,ok,0.09811239245107574,4767693,17.34030910488218,b236d90fa9ce81347cbe5399fc6146274ef998c2a95fa9af7019f88219f09189
ARF,da78606950f100cd,71,ok,0.10763436582590023,2856728,14.237474302761257,abbd9b6bf2b07d688508309678e206bc90705a8ab67415df49c8ae22b247ddae
ARF,da78606950f100cd,71,ok,0.16327822324228833,4798264,19.21237447205931,e78072ece294bb42e6c341bd4e699046452e6f869eec4ccf6decfe574eecaf9c
ARF,dd16ac872ffb8673,23,ok,1.389406250586003,368811,9.472118683625013,23cf8ce9596189d3f777716d959a7b0f3d2c86bb3ab6e1dede4969e121bc4b6c
ARF,dd16ac872ffb8673,23,ok,1.3924190643341785,616767,10.092219776008278,2ede70dc39f95cc8b93b770f9d72f03829b1c1520424d1b93f5f1e16ede5a6df
ARF,dd16ac872ffb8673,37,ok,1.4889455749053169,366743,9.27072224393487,39d96cb281ea81fe592d02d683b656cf39673e7c26856d69abde2898b89cf9b8
ARF,dd16ac872ffb8673,37,ok,1.4849183107650268,606254,9.477139263413846,786392ff14a7e60c47948d002f6baf43fa862b494e12ccfc722f7191ad82fe07
ARF,dd16ac872ffb8673,53,ok,1.432495171300474,612599,10.334693708922714,52a9cd920f246eaaaed92619be99ced92f5195bc73e96536d5a44c6410380b29
ARF,dd16ac872ffb8673,53,ok,1.440134647669273,367793,9.660746494308114,b5cd975106c5b79a145813c11bbf576d66ce8dfe282ffe0f3e184d43d1aa8e43
ARF,dd16ac872ffb8673,71,ok,1.4256959749503422,588267,10.476584539748728,37dbd6880a4d4d2f6b25b003efdad055a85351bec1f6b248f7e4a29ca79208be
ARF,dd16ac872ffb8673,71,ok,1.3998400957309762,352588,9.975361997727305,d557cf346c48a2622a03395845bd5641d82a92300aac3314567a330912cc44fc
ARF,de2868ac837699fd,23,ok,-1.1351059943688033,5275373,32.06264012400061,96f53d682ac9d849006cd4d76943220e394572bb37e9705ffab6772dbd77dc89
ARF,de2868ac837699fd,23,ok,-1.1422487848269354,3162957,24.902370255440474,df8551d57520913e9c2d99799a6a86c8415840a1b1d4f84f85f192022ffbee1c
ARF,de2868ac837699fd,37,ok,-1.086510319268712,5319401,18.087347659748048,06e0d61a53da326f07447ca07542a2f5f75c1a214ac78340db2d25e2e55f2ce6
ARF,de2868ac837699fd,37,ok,-1.1019873410159058,3170165,15.436468314845115,90b55e76e350528d9d3bfa85d15355f9ae216e5ae1379ed1a02c4895b7e13e5d
ARF,de2868ac837699fd,53,ok,-1.1524800427883546,5319333,17.54718760587275,823c6d411ec0c5b574eefe048e2fe2f71d196e3b2d7ad83a9705a25ef692532a
ARF,de2868ac837699fd,53,ok,-1.181678697563009,3170949,14.537495891097933,e8fae4696f2e49c61628202349d65d74a90f636f9ead0750fca059fb49a92080
ARF,de2868ac837699fd,71,ok,-1.174199815594703,3175277,15.83266207203269,226abac4d5d11d3ba722de8b3e1ca74c5dca098362d545ddc4ef6cd42609d02e
ARF,de2868ac837699fd,71,ok,-1.0947002620458335,5300671,19.60770723503083,ff9181769b8102d801d05f8d9b730fb8c46361547ee70c4856a2406ebf01e5bd
ARF,e08f0b9931f93686,23,ok,-0.9474486877444245,2735510,22.984884177800268,c841632a3ebb5ab591051cf66603cce23817f09421a6dc1c3e0ee6aa07d6fd36
ARF,e08f0b9931f93686,23,ok,-0.9614603463428602,4538240,34.41616708692163,f03815b06c472f140509403dac373030795848c2348fd44089c910e4aace7474
ARF,e08f0b9931f93686,37,ok,-0.9943221236141714,4562858,16.598416822962463,bde52930f2a9e45ed62160233b05f17ae2e18dcb9b67e9259ea1561509835f29
ARF,e08f0b9931f93686,37,ok,-0.9936661547105591,2704722,13.625358495861292,c52e470d9e66ad4a1af499755c50b2f9c08b82dbb0494536b1a4bc8aba709055
ARF,e08f0b9931f93686,53,ok,-0.9839495628275168,2741455,11.686093252617866,289ea4890fa19a5d4fd3db76ec1f95896fddd10890341ca55913caaa9d1069de
ARF,e08f0b9931f93686,53,ok,-0.9589729116593938,4531752,13.98080371785909,7153e794981ad98acded3abc04e9756c251e12589f4af9c596fb5d0cc0bbd2ab
ARF,e08f0b9931f93686,71,ok,-0.9734423418702027,2656816,15.689747138880193,44012c1a9a1dd8d02187a9454bc0a2847465899ce3228097c633a1066c159272
ARF,e08f0b9931f93686,71,ok,-0.9580055828268962,4465379,18.982812942005694,9cb7637c9e8fc681811d758fdcfda24c477aaa9710be72fa4811c7d74775e147
ARF,e18350fb51a9d1b0,23,ok,8.320800363506239,550911,10.730542012955993,c738f2738f0e9dd182fd388820b42a2bd73949bf0382b130f8d4c32cef3cb5be
ARF,e18350fb51a9d1b0,23,ok,8.27491868671006,325712,9.755536514800042,cacd530738e890bc01526e4dde4632d1772b29bb5cc4104c173f3c2563bcbab0
ARF,e18350fb51a9d1b0,37,ok,8.20677368104427,319517,9.036864382214844,0ba4578222dbea5ba780773425afc9f8c76f8ba71b8408f60105200400f043f8
ARF,e18350fb51a9d1b0,37,ok,8.260202577740314,533110,10.04604785470292,d30715b637c76e91b66e1b81dd5b97f9aa41b04ffd34dd721d9b6294a2f06bd0
ARF,e18350fb51a9d1b0,53,ok,8.255282923230169,534564,9.934755717869848,79d5db22e015bb2077fe4d4b734fb31f01d73598f3d883aa2dc668399910dbc5
ARF,e18350fb51a9d1b0,53,ok,8.284143996369362,321677,9.481509434990585,dd8692e93accffff7fc85ea7a387024f35e19481a102224ef37219e920461914
ARF,e18350fb51a9d1b0,71,ok,8.304511102029478,327632,9.945079323835671,1b349ce55ba80399a0a99b53ac4e4da026fd109d51cdc5f263a0952164603ac2
ARF,e18350fb51a9d1b0,71,ok,8.272381871410465,529290,9.745771917980164,4447cdae5c5e6a13173a71a8fb08633c1c02d2ede258d886766e55d450f178e8
ARF,e5a3a7b3668a1cc2,23,ok,3.8612352363272797,73008,10.978971013333648,22cbf957b39593f36efb9e96681be31cd0fd98d77bc4013b95fef6e4eb229bbb
ARF,e5a3a7b3668a1cc2,23,ok,2.8129748737518265,463876,15.438035444356501,5b3e592980fa09704beb8af30dfeea11a6e115c27fd219e9b933d5bade48013e
ARF,e5a3a7b3668a1cc2,37,ok,2.754113445871147,464304,8.708007541950792,356c856ca078c4c7f974cfc44a4ba8744b65e23f70cc8eb8625fe26f1706f8e1
ARF,e5a3a7b3668a1cc2,37,ok,3.766148550928783,76253,8.072068572044373,9416d26f522069913e475e7b6d99a95190810bfa679f478510ec5632d1faa6e4
ARF,e5a3a7b3668a1cc2,53,ok,3.2919985190202894,75283,17.650271200109273,4cc42ebd212ca8d56a50009cfedeabbb57f3a63ccfd5da3c867e5481881df205
ARF,e5a3a7b3668a1cc2,53,ok,2.928350325917176,463503,13.778736368753016,b2c9b37ab9eda55b44f95d909900cc5f973bdd7324614953f045ac9e039f2d34
ARF,e5a3a7b3668a1cc2,71,ok,2.319678278516561,450044,8.68885334674269,2c5ca89b570049d4fd5d4c0f7cfb6e7d6fe8f1a8cac2c8584e5082a28e954f7c
ARF,e5a3a7b3668a1cc2,71,ok,3.6628530715240886,76506,8.972302693407983,fffb60cf62fea840286aa5d8d32ac4784a36d5bde3fe33ab6dce44ef5b692edb
ARF,e68fdd96cc63271b,23,ok,35.53078263242523,5849046,77.67898931307718,7a8c42a61d732e9fe511546d795121ac9d390cc89f7314183c829f1510098f2c
ARF,e68fdd96cc63271b,23,ok,32.83521757537706,9659283,102.96132300188765,e7e9dcb33af229182b9658a2daadf2b0b37c281f503f1c81e54b2ea77c217b5c
ARF,e68fdd96cc63271b,37,ok,24.081396290941942,5741959,26.068854935932904,5b1b6238b9db27261bb6a5bb87dbfae6089d279a50d07279fc634c2f967ef50d
ARF,e68fdd96cc63271b,37,ok,32.818040877440666,9737127,36.29267499502748,ffc7d2fbb14ce85276e92b4df6142a75347bf0b649a2c81c428663194e32bef0
ARF,e68fdd96cc63271b,53,ok,29.370929444786043,9586752,30.70179881202057,07421542c8202169e669ee228c4b4f9c98efd23691a640283913be77556c72e7
ARF,e68fdd96cc63271b,53,ok,27.897970085708792,5774356,24.747345990035683,0b9de2c4b54046d015892b513ca57f8a90d6d4944966e9033bf29a045f62ef0c
ARF,e68fdd96cc63271b,71,ok,22.210052529499084,5834884,29.910178235266358,3dd07d5559241ab94e0839c9f3ccac19b33e19a249eb8e9c27943c3ce04ca4c8
ARF,e68fdd96cc63271b,71,ok,43.693497366366536,9922673,33.45936116017401,7106dfe78b70d152efb6b5ad49b1f1ceef8add98b3e96fb3fb9569bae23d25e4
ARF,ed2efb82fce4b098,23,ok,7.696615485032762,281763,9.726755172945559,2bee27d99b0a1cce466a1693ae88d0c969a91918e110c17063e38440b05ec5c3
ARF,ed2efb82fce4b098,23,ok,7.696615485032762,281763,9.989090783055872,f0e13a64120b1a134b1f0ac0187a2083134e5dd10818f839e2b701b461ec48e2
ARF,ed2efb82fce4b098,37,ok,7.736387942509709,292904,8.873562945984304,83e015a44965161e1867017c00de6017412421676276d93d2ba4c8eb04fb92d3
ARF,ed2efb82fce4b098,37,ok,7.736387942509709,292904,8.837692450731993,c3f112759ae901d809866c617a3df88ae71fc9c5d25288ce34a5c18b52d418b4
ARF,ed2efb82fce4b098,53,ok,7.7785485383354525,292098,9.341222959104925,22d0eeb18e221ffaf538be2500c764e3c253cf6150d0d021d88f2c1804e82768
ARF,ed2efb82fce4b098,53,ok,7.7785485383354525,292098,9.470003094989806,ded55c3e1ba17fd251245a35f2790c00482b1781923413bd0110a842d4369a33
ARF,ed2efb82fce4b098,71,ok,7.812211807763702,301171,9.485011378768831,9317bf9ebdeee81875e74e811d749d0f6d9b1927227fff3286056a9cbdf06657
ARF,ed2efb82fce4b098,71,ok,7.812211807763702,301171,9.368251258973032,a5ca7b5910f40fa24db0f21755a9293b39cd1a0806b10ca8f410c7cd5065a1f1
ARF,edc9d41a298fdf60,23,ok,2.0592822445198466,1412799,17.145830580033362,8ac9b7962a922bb4c7fc8659fb50b2bd5502f9d71df1c36d121344fcc29958f8
ARF,edc9d41a298fdf60,23,ok,2.020672854085588,2419196,37.5170589662157,c24f1d39b6fd7e06cbc9c8c3e67f44baceba21293957623e2bf75f913e997af6
ARF,edc9d41a298fdf60,37,ok,1.9450911065764482,1425851,10.993515012785792,572a446db161a7dde6bd70d8973a696e6d9f92eccbd725dc2459e60f8d13aa2c
ARF,edc9d41a298fdf60,37,ok,2.001442893255032,2413601,12.485645540989935,950c421f0e8d5ce39152d71d97b460aaf8e0c447f44ce4c0a57914100b525805
ARF,edc9d41a298fdf60,53,ok,1.9998828974531653,2491358,14.577044611331075,21bc7ef6fb2e48099a17f9387c1e482d4e2140e98b25b249993a34885a1a255e
ARF,edc9d41a298fdf60,53,ok,1.9910712588980792,1512353,12.679202466271818,f16212b037fcc7f55229d5f70688348a7b8c76604980f7337c7060524fc183f1
ARF,edc9d41a298fdf60,71,ok,2.047078129493704,2393562,13.019250094424933,316eef29505fb85b86792edc4551a2bf2479f9b1a3b5e72c05627ce4d4eceae4
ARF,edc9d41a298fdf60,71,ok,2.050073616792103,1428736,11.150092218071222,de6f87ddeecf7f5e7d35933c10e77a389e7bd73700f5737391c08d448d3dae24
ARF,efd53e9c0f36d608,23,ok,14.021811081292942,712964,11.861597871873528,bb74d4b0bafbb1047977a95948842e7bd6cc2fa76763d48b5ca01e7225dd0c9a
ARF,efd53e9c0f36d608,23,ok,13.598579680157426,432597,9.846749573014677,dd3a519bc55266b6717ea1bf8baeb2c78e5c1cbc229f668fafbbb61ded4aae61
ARF,efd53e9c0f36d608,37,ok,14.85062210017298,748192,10.38510621106252,3c2e7c70219521c6291ce7367f3a0ecf6dadc2c902fd822695facce8e89232c9
ARF,efd53e9c0f36d608,37,ok,14.45740207290146,467298,9.460743837058544,9b012fac1bb693dfa56fb4847596550cfb08368c65aeced2281a7d452143c90d
ARF,efd53e9c0f36d608,53,ok,13.913562156484119,417436,9.074570897966623,280a6c2a485a77276c1fe1be360288b1f00b806f36dec82d95ed86ec29525690
ARF,efd53e9c0f36d608,53,ok,14.67571099432457,705414,9.974750228691846,50f0735911ded3c6f8f14a20592162cd9256989ccf76fd1323d4451bf949c39d
ARF,efd53e9c0f36d608,71,ok,13.786169968323966,413666,9.762302319984883,116aaf1a1bb97fc408e9aec74b113faecfb390a123e23833410f198cc1122c57
ARF,efd53e9c0f36d608,71,ok,13.855836546743127,672634,10.078520973213017,cad75b7da4e0d7fb9cc0f0c04f700e62c0242260fcabb651e9c535c5b0a00d71
ARF,f0a3d6881458f990,23,ok,3.275554799472237,1164616,30.30824134685099,64645d85d13e24fab8b95d2e93693505168b618b3e592134d14683722942fffb
ARF,f0a3d6881458f990,23,ok,3.4541918662559974,1954441,26.75903223780915,90a5c3b6e3a12eb3c5031cdb4f9f2b9538322256a364d5e3d16f698ca109bb77
ARF,f0a3d6881458f990,37,ok,3.4507548435303748,1147516,11.681901527103037,15a380087890dfeb44af48efd97d27ab646c575877e4c6ef19fd47cfbf79b0a7
ARF,f0a3d6881458f990,37,ok,3.4653252302895234,1918279,13.593093495815992,5e04fc0d0bc32548a6408e88958fa0ae5d8df62d94fc774271253989cd1e99a7
ARF,f0a3d6881458f990,53,ok,3.4785398939468832,1909560,13.106709212996066,0e3903095fb92654f003ebb689b942aba75a9201b338fe00ab21e525f5c136cb
ARF,f0a3d6881458f990,53,ok,3.3893625804357677,1132713,11.54314506566152,46127c4a4bb479f4349e59a2c0bd17135422c60686cd1f335b51f6cefcc47f1e
ARF,f0a3d6881458f990,71,ok,3.4400625904353657,1836897,13.162097674328834,23422b6ac1a4a6752732890cdf49e25528ee436636aed93c5abe39990c86d66a
ARF,f0a3d6881458f990,71,ok,3.4410961439521843,1069149,11.672846716362983,c516c3f1ef2c49034bfec203f190656e40565d5ea60a8299f9f216e1d041ecfc
ARF,f24e9383331c43e2,23,ok,11.222399240885728,4155297,37.97500403504819,499d763b3307c4329731ca882aad76e1b86e66980a926e3586308b58c0f49671
ARF,f24e9383331c43e2,23,ok,10.771804099031058,3396269,27.480293853208423,7110ba2771ccbd28c298d6185b7c269720f4667d10c26388af98819d4455cdec
ARF,f24e9383331c43e2,37,ok,11.151990489037205,4103157,18.573348226957023,b8f2fc2fc2e9299e6a7795ef1d2ce0000fda0e02c3629d41b7d09d5776b008ae
ARF,f24e9383331c43e2,37,ok,11.38289820256016,6981559,23.67208306118846,db8931b2386b564a09b9395e50cabcb516138e8272a1585e501481f755962f67
ARF,f24e9383331c43e2,53,ok,11.228346334788611,4089615,17.98077914584428,7ce82cea4bbb0d2e29fd92ced7d2720fd6ce72bdd3677db40bf23317bdf04b9f
ARF,f24e9383331c43e2,53,ok,10.846286116486834,3542338,15.750049271155149,8cb7f7b7af4ae18623291f0581295500518646cb131a8b74742d0506740bbff6
ARF,f24e9383331c43e2,71,ok,11.280806728711742,4067201,19.875998137984425,78a691dc22a29594adf2daca79d0872b4794f905c66712235a1a8a439f04fb91
ARF,f24e9383331c43e2,71,ok,11.360512967120162,6752642,24.98955396702513,91b080c0bcf001cb4c17a596f235bfb474b61c5d27bbd26e8c26ca8d1d29e6e9
ARF,f652ea96eff62654,23,ok,7.874355480842003,309836,9.492173636797816,65a6f9bde7f804da84824334644a7e626de4f60a3057ef9edac72aca5af37eae
ARF,f652ea96eff62654,23,ok,7.897455125854639,519465,18.77850023889914,ec86b8f77455ef862ab35f879263a8112c198621a8f3d8b502ff4193753f1535
ARF,f652ea96eff62654,37,ok,7.966893830962337,548887,10.25487612793222,c48177df765ae4fd7d94bb485116145b92d80f18e5ac604f2d622084da824dc9
ARF,f652ea96eff62654,37,ok,7.928167286045431,325489,9.02087823394686,d8bb4da460aebb61271c1c4a926e2744e3396e84fb4b9831e48a69f602368ea9
ARF,f652ea96eff62654,53,ok,8.026665591004146,530625,10.038245254196227,7a39474ab9efa2ac11eaa02177867869f7cc0b125c90ae8a1419b21947747a5c
ARF,f652ea96eff62654,53,ok,8.002980668488107,321194,9.793557900004089,9bbe10ccfa841a883c27cd73144a3bb20e863507df91b96985e1845a33bcf318
ARF,f652ea96eff62654,71,ok,7.986086756392629,322111,8.99562834110111,8f794e5bf80c627d11ddb9e5d0aceb12e2e045c33c33c11d3195a0ac4f72e133
ARF,f652ea96eff62654,71,ok,7.971922798492475,528078,9.912029698956758,9fbc93d13d78d9312b3b8f1f1ba27911a7664b66bac028bfc62dcd0a7e265a65
ARF,f8cf362e371e8960,23,ok,5.913034086338253,515037,17.076454476919025,4dba0ad83bbe4f2556ce59fcdeae55da3e44f079aeace430136a4cfc35892aca
ARF,f8cf362e371e8960,23,ok,5.863297701336411,295660,15.332748210988939,e2574ec15a0832575f59c2f6f9cea84bdef8e90fc79fe7957ffac176a19b929d
ARF,f8cf362e371e8960,37,ok,5.893837342607048,333265,9.832825222983956,3200d2075b8923814facfaf679ee9a5f2556054758860e773fdb525e33ddd252
ARF,f8cf362e371e8960,37,ok,5.978202539782656,551576,10.314964363351464,a62ea3ab185d158667c836945bf240953aa8e5d83288219ae2de7e52d6571473
ARF,f8cf362e371e8960,53,ok,6.051618899338806,551493,10.141770117916167,3b5e54479a82384c35dd547225c43237da89227dbeda6aa7569e02149004ce7d
ARF,f8cf362e371e8960,53,ok,6.056136054348394,328594,9.513572617899626,f58c46d386c050af6e937a824504595a0abd7d2c26a1504d3743ff1f89cc05bc
ARF,f8cf362e371e8960,71,ok,5.912001372403175,322694,8.978994901292026,55f1933cb7f41a7a18ab5e79ee09ad13d7f5154e328ca2d46294741cb7143b14
ARF,f8cf362e371e8960,71,ok,5.954280533319982,541759,9.554990343749523,7fc7afb827ed3b50985143d958cf8736eab657a853bbcc080d0d7e62768c9170
ARF,fc3812567b5fdd64,23,ok,40.21676412932384,820191,13.751867747865617,19031a4bfb0c0b87e7d46d77683a461ed5ac692eb7dbb4afe8619448d42b048b
ARF,fc3812567b5fdd64,23,ok,29.753735345528575,5700977,46.74113759724423,6ef23500b884a3fa1ff738a1cca3737786dadc2bbaa293d83015973b86f35d08
ARF,fc3812567b5fdd64,37,ok,40.05207291976171,856090,12.049742287956178,4f464dc0a5f5a9becfc0d790bde439deef771a7a5d27c53c643b10fec63aeb77
ARF,fc3812567b5fdd64,37,ok,22.853714262176688,5647752,25.856172643136233,8f8a4df3adb3a88ba95fa4dcd33e5f626e1688e89a454378bc8c18b8b76617f9
ARF,fc3812567b5fdd64,53,ok,30.201735308014836,5772493,24.679813793860376,bbc2411a31f406043eadce864ed5649beb5b86f938d301321ad3ed72e027135b
ARF,fc3812567b5fdd64,53,ok,40.77998786340572,793402,11.15761965001002,ef5c513e80a27409424cdf1bd0e56e53deb4556498ce119e4414488d87e012b7
ARF,fc3812567b5fdd64,71,ok,34.002925759445006,5794557,32.84484481392428,33af312e9f61c5d54d9e46d80df55bc797b6b5d58db7009876290f0407a41aea
ARF,fc3812567b5fdd64,71,ok,41.64235897824184,808991,13.134207077790052,4fe64c69dff42da14aac60b36fb9e43022a8ca370840defdb5f5c35d920a2dae
ARF,fe6d7ac3fcd3129e,23,ok,-3.9825136016817986,414203,11.515740909148008,e9b6097207456af6d13955460774d4f4e15598b7ec250e9deb04eb9c7b499520
ARF,fe6d7ac3fcd3129e,23,ok,-4.713113283870871,2436481,14.773219027090818,fc1cd72505cbc2f3732ee27e7c353a6e841b5583feefc97be71a0ec2a398cb1f
ARF,fe6d7ac3fcd3129e,37,ok,-3.9166362710313116,418639,10.870930849108845,090eb7f5a98b7a2ddfbc7957280e580636aa0496e6a5e6f1b2a6b93f19eccdeb
ARF,fe6d7ac3fcd3129e,37,ok,-4.558499159382389,2481238,13.692538109142333,d579a0dd1d55f88dc659b2da21049c2cee4611dc76a5ccca10009e0860f46e73
ARF,fe6d7ac3fcd3129e,53,ok,-3.9763236841359872,413643,10.276566823013127,100e8a562f0027775dc77b10b465e1236b36d6b43bc133635009b09cfd1640c5
ARF,fe6d7ac3fcd3129e,53,ok,-4.640319424239492,2498856,12.906508382875472,5403ec3d9fae499dd8bb4081b5da2e6c4f10d0956a6f197ce6b7fb39d298409a
ARF,fe6d7ac3fcd3129e,71,ok,-8.187579146685065,2537102,13.398947433102876,cd25a88c743784458ef8902d3970abc14626e0bb1c3aad58618ecf95bae41ba2
ARF,fe6d7ac3fcd3129e,71,ok,-3.8379634641442304,424615,11.027854063548148,d53f9fe4f4162a9b642d02e0818928a7099b7544660692eb6acd293a128dc804
