dataset,selection_binding,fit_seed,row_multiplier,sample_seed,status,measurement_path,measurement_sha256,measurement_pointer,eligible_gpu_minutes_to_metrics,conditional_eta_mdt
02a45777900441ce,author_default,11,1,101,measured,research/benchmark/results/tabddpm-twelve-lineage-retained-validation/panel.json,877317666864c712b84feed7170f9dccd3587780ae3b5ebbb6cecf4513adda13,/rows/6,,
02a45777900441ce,author_default,11,1,211,measured,research/benchmark/results/tabddpm-twelve-lineage-retained-validation/panel.json,877317666864c712b84feed7170f9dccd3587780ae3b5ebbb6cecf4513adda13,/rows/7,,
02a45777900441ce,author_default,11,1,307,measured,research/benchmark/results/tabddpm-twelve-lineage-retained-validation/panel.json,877317666864c712b84feed7170f9dccd3587780ae3b5ebbb6cecf4513adda13,/rows/8,,
02a45777900441ce,author_default,11,4,101,measured,research/benchmark/results/tabddpm-twelve-lineage-retained-validation/panel.json,877317666864c712b84feed7170f9dccd3587780ae3b5ebbb6cecf4513adda13,/rows/9,,
02a45777900441ce,author_default,11,4,211,measured,research/benchmark/results/tabddpm-twelve-lineage-retained-validation/panel.json,877317666864c712b84feed7170f9dccd3587780ae3b5ebbb6cecf4513adda13,/rows/10,,
02a45777900441ce,author_default,11,4,307,measured,research/benchmark/results/tabddpm-twelve-lineage-retained-validation/panel.json,877317666864c712b84feed7170f9dccd3587780ae3b5ebbb6cecf4513adda13,/rows/11,,
02a45777900441ce,author_default,23,1,101,pending_no_gpu_admission,,,,450,2026-10-08T15:30:00-06:00
02a45777900441ce,author_default,23,1,211,pending_no_gpu_admission,,,,450,2026-10-08T15:30:00-06:00
02a45777900441ce,author_default,23,1,307,pending_no_gpu_admission,,,,450,2026-10-08T15:30:00-06:00
02a45777900441ce,author_default,23,4,101,pending_no_gpu_admission,,,,450,2026-10-08T15:30:00-06:00
02a45777900441ce,author_default,23,4,211,pending_no_gpu_admission,,,,450,2026-10-08T15:30:00-06:00
02a45777900441ce,author_default,23,4,307,pending_no_gpu_admission,,,,450,2026-10-08T15:30:00-06:00
02a45777900441ce,author_default,37,1,101,pending_no_gpu_admission,,,,460,2026-10-08T15:40:00-06:00
02a45777900441ce,author_default,37,1,211,pending_no_gpu_admission,,,,460,2026-10-08T15:40:00-06:00
02a45777900441ce,author_default,37,1,307,pending_no_gpu_admission,,,,460,2026-10-08T15:40:00-06:00
02a45777900441ce,author_default,37,4,101,pending_no_gpu_admission,,,,460,2026-10-08T15:40:00-06:00
02a45777900441ce,author_default,37,4,211,pending_no_gpu_admission,,,,460,2026-10-08T15:40:00-06:00
02a45777900441ce,author_default,37,4,307,pending_no_gpu_admission,,,,460,2026-10-08T15:40:00-06:00
02a45777900441ce,author_default,53,1,101,pending_no_gpu_admission,,,,470,2026-10-08T15:50:00-06:00
02a45777900441ce,author_default,53,1,211,pending_no_gpu_admission,,,,470,2026-10-08T15:50:00-06:00
02a45777900441ce,author_default,53,1,307,pending_no_gpu_admission,,,,470,2026-10-08T15:50:00-06:00
02a45777900441ce,author_default,53,4,101,pending_no_gpu_admission,,,,470,2026-10-08T15:50:00-06:00
02a45777900441ce,author_default,53,4,211,pending_no_gpu_admission,,,,470,2026-10-08T15:50:00-06:00
02a45777900441ce,author_default,53,4,307,pending_no_gpu_admission,,,,470,2026-10-08T15:50:00-06:00
02a45777900441ce,author_default,71,1,101,pending_no_gpu_admission,,,,480,2026-10-08T16:00:00-06:00
02a45777900441ce,author_default,71,1,211,pending_no_gpu_admission,,,,480,2026-10-08T16:00:00-06:00
02a45777900441ce,author_default,71,1,307,pending_no_gpu_admission,,,,480,2026-10-08T16:00:00-06:00
02a45777900441ce,author_default,71,4,101,pending_no_gpu_admission,,,,480,2026-10-08T16:00:00-06:00
02a45777900441ce,author_default,71,4,211,pending_no_gpu_admission,,,,480,2026-10-08T16:00:00-06:00
02a45777900441ce,author_default,71,4,307,pending_no_gpu_admission,,,,480,2026-10-08T16:00:00-06:00
02a45777900441ce,native_selected,11,1,101,measured,research/benchmark/results/tabddpm-twelve-lineage-retained-validation/panel.json,877317666864c712b84feed7170f9dccd3587780ae3b5ebbb6cecf4513adda13,/rows/0,,
02a45777900441ce,native_selected,11,1,211,measured,research/benchmark/results/tabddpm-twelve-lineage-retained-validation/panel.json,877317666864c712b84feed7170f9dccd3587780ae3b5ebbb6cecf4513adda13,/rows/1,,
02a45777900441ce,native_selected,11,1,307,measured,research/benchmark/results/tabddpm-twelve-lineage-retained-validation/panel.json,877317666864c712b84feed7170f9dccd3587780ae3b5ebbb6cecf4513adda13,/rows/2,,
02a45777900441ce,native_selected,11,4,101,measured,research/benchmark/results/tabddpm-twelve-lineage-retained-validation/panel.json,877317666864c712b84feed7170f9dccd3587780ae3b5ebbb6cecf4513adda13,/rows/3,,
02a45777900441ce,native_selected,11,4,211,measured,research/benchmark/results/tabddpm-twelve-lineage-retained-validation/panel.json,877317666864c712b84feed7170f9dccd3587780ae3b5ebbb6cecf4513adda13,/rows/4,,
02a45777900441ce,native_selected,11,4,307,measured,research/benchmark/results/tabddpm-twelve-lineage-retained-validation/panel.json,877317666864c712b84feed7170f9dccd3587780ae3b5ebbb6cecf4513adda13,/rows/5,,
02a45777900441ce,native_selected,23,1,101,pending_no_gpu_admission,,,,490,2026-10-08T16:10:00-06:00
02a45777900441ce,native_selected,23,1,211,pending_no_gpu_admission,,,,490,2026-10-08T16:10:00-06:00
02a45777900441ce,native_selected,23,1,307,pending_no_gpu_admission,,,,490,2026-10-08T16:10:00-06:00
02a45777900441ce,native_selected,23,4,101,pending_no_gpu_admission,,,,490,2026-10-08T16:10:00-06:00
02a45777900441ce,native_selected,23,4,211,pending_no_gpu_admission,,,,490,2026-10-08T16:10:00-06:00
02a45777900441ce,native_selected,23,4,307,pending_no_gpu_admission,,,,490,2026-10-08T16:10:00-06:00
02a45777900441ce,native_selected,37,1,101,pending_no_gpu_admission,,,,500,2026-10-08T16:20:00-06:00
02a45777900441ce,native_selected,37,1,211,pending_no_gpu_admission,,,,500,2026-10-08T16:20:00-06:00
02a45777900441ce,native_selected,37,1,307,pending_no_gpu_admission,,,,500,2026-10-08T16:20:00-06:00
02a45777900441ce,native_selected,37,4,101,pending_no_gpu_admission,,,,500,2026-10-08T16:20:00-06:00
02a45777900441ce,native_selected,37,4,211,pending_no_gpu_admission,,,,500,2026-10-08T16:20:00-06:00
02a45777900441ce,native_selected,37,4,307,pending_no_gpu_admission,,,,500,2026-10-08T16:20:00-06:00
02a45777900441ce,native_selected,53,1,101,pending_no_gpu_admission,,,,510,2026-10-08T16:30:00-06:00
02a45777900441ce,native_selected,53,1,211,pending_no_gpu_admission,,,,510,2026-10-08T16:30:00-06:00
02a45777900441ce,native_selected,53,1,307,pending_no_gpu_admission,,,,510,2026-10-08T16:30:00-06:00
02a45777900441ce,native_selected,53,4,101,pending_no_gpu_admission,,,,510,2026-10-08T16:30:00-06:00
02a45777900441ce,native_selected,53,4,211,pending_no_gpu_admission,,,,510,2026-10-08T16:30:00-06:00
02a45777900441ce,native_selected,53,4,307,pending_no_gpu_admission,,,,510,2026-10-08T16:30:00-06:00
02a45777900441ce,native_selected,71,1,101,pending_no_gpu_admission,,,,520,2026-10-08T16:40:00-06:00
02a45777900441ce,native_selected,71,1,211,pending_no_gpu_admission,,,,520,2026-10-08T16:40:00-06:00
02a45777900441ce,native_selected,71,1,307,pending_no_gpu_admission,,,,520,2026-10-08T16:40:00-06:00
02a45777900441ce,native_selected,71,4,101,pending_no_gpu_admission,,,,520,2026-10-08T16:40:00-06:00
02a45777900441ce,native_selected,71,4,211,pending_no_gpu_admission,,,,520,2026-10-08T16:40:00-06:00
02a45777900441ce,native_selected,71,4,307,pending_no_gpu_admission,,,,520,2026-10-08T16:40:00-06:00
047e62b52a3f4ede,author_default,11,1,101,measured,research/benchmark/results/tabddpm-twelve-lineage-retained-validation/panel.json,877317666864c712b84feed7170f9dccd3587780ae3b5ebbb6cecf4513adda13,/rows/12,,
047e62b52a3f4ede,author_default,11,1,211,measured,research/benchmark/results/tabddpm-twelve-lineage-retained-validation/panel.json,877317666864c712b84feed7170f9dccd3587780ae3b5ebbb6cecf4513adda13,/rows/13,,
047e62b52a3f4ede,author_default,11,1,307,measured,research/benchmark/results/tabddpm-twelve-lineage-retained-validation/panel.json,877317666864c712b84feed7170f9dccd3587780ae3b5ebbb6cecf4513adda13,/rows/14,,
047e62b52a3f4ede,author_default,11,4,101,measured,research/benchmark/results/tabddpm-twelve-lineage-retained-validation/panel.json,877317666864c712b84feed7170f9dccd3587780ae3b5ebbb6cecf4513adda13,/rows/15,,
047e62b52a3f4ede,author_default,11,4,211,measured,research/benchmark/results/tabddpm-twelve-lineage-retained-validation/panel.json,877317666864c712b84feed7170f9dccd3587780ae3b5ebbb6cecf4513adda13,/rows/16,,
047e62b52a3f4ede,author_default,11,4,307,measured,research/benchmark/results/tabddpm-twelve-lineage-retained-validation/panel.json,877317666864c712b84feed7170f9dccd3587780ae3b5ebbb6cecf4513adda13,/rows/17,,
047e62b52a3f4ede,author_default,23,1,101,pending_no_gpu_admission,,,,610,2026-10-08T18:10:00-06:00
047e62b52a3f4ede,author_default,23,1,211,pending_no_gpu_admission,,,,610,2026-10-08T18:10:00-06:00
047e62b52a3f4ede,author_default,23,1,307,pending_no_gpu_admission,,,,610,2026-10-08T18:10:00-06:00
047e62b52a3f4ede,author_default,23,4,101,pending_no_gpu_admission,,,,610,2026-10-08T18:10:00-06:00
047e62b52a3f4ede,author_default,23,4,211,pending_no_gpu_admission,,,,610,2026-10-08T18:10:00-06:00
047e62b52a3f4ede,author_default,23,4,307,pending_no_gpu_admission,,,,610,2026-10-08T18:10:00-06:00
047e62b52a3f4ede,author_default,37,1,101,pending_no_gpu_admission,,,,620,2026-10-08T18:20:00-06:00
047e62b52a3f4ede,author_default,37,1,211,pending_no_gpu_admission,,,,620,2026-10-08T18:20:00-06:00
047e62b52a3f4ede,author_default,37,1,307,pending_no_gpu_admission,,,,620,2026-10-08T18:20:00-06:00
047e62b52a3f4ede,author_default,37,4,101,pending_no_gpu_admission,,,,620,2026-10-08T18:20:00-06:00
047e62b52a3f4ede,author_default,37,4,211,pending_no_gpu_admission,,,,620,2026-10-08T18:20:00-06:00
047e62b52a3f4ede,author_default,37,4,307,pending_no_gpu_admission,,,,620,2026-10-08T18:20:00-06:00
047e62b52a3f4ede,author_default,53,1,101,pending_no_gpu_admission,,,,630,2026-10-08T18:30:00-06:00
047e62b52a3f4ede,author_default,53,1,211,pending_no_gpu_admission,,,,630,2026-10-08T18:30:00-06:00
047e62b52a3f4ede,author_default,53,1,307,pending_no_gpu_admission,,,,630,2026-10-08T18:30:00-06:00
047e62b52a3f4ede,author_default,53,4,101,pending_no_gpu_admission,,,,630,2026-10-08T18:30:00-06:00
047e62b52a3f4ede,author_default,53,4,211,pending_no_gpu_admission,,,,630,2026-10-08T18:30:00-06:00
047e62b52a3f4ede,author_default,53,4,307,pending_no_gpu_admission,,,,630,2026-10-08T18:30:00-06:00
047e62b52a3f4ede,author_default,71,1,101,pending_no_gpu_admission,,,,640,2026-10-08T18:40:00-06:00
047e62b52a3f4ede,author_default,71,1,211,pending_no_gpu_admission,,,,640,2026-10-08T18:40:00-06:00
047e62b52a3f4ede,author_default,71,1,307,pending_no_gpu_admission,,,,640,2026-10-08T18:40:00-06:00
047e62b52a3f4ede,author_default,71,4,101,pending_no_gpu_admission,,,,640,2026-10-08T18:40:00-06:00
047e62b52a3f4ede,author_default,71,4,211,pending_no_gpu_admission,,,,640,2026-10-08T18:40:00-06:00
047e62b52a3f4ede,author_default,71,4,307,pending_no_gpu_admission,,,,640,2026-10-08T18:40:00-06:00
047e62b52a3f4ede,native_selected,11,1,101,measured,research/benchmark/results/tabddpm-twelve-lineage-retained-validation/panel.json,877317666864c712b84feed7170f9dccd3587780ae3b5ebbb6cecf4513adda13,/rows/18,,
047e62b52a3f4ede,native_selected,11,1,211,measured,research/benchmark/results/tabddpm-twelve-lineage-retained-validation/panel.json,877317666864c712b84feed7170f9dccd3587780ae3b5ebbb6cecf4513adda13,/rows/19,,
047e62b52a3f4ede,native_selected,11,1,307,measured,research/benchmark/results/tabddpm-twelve-lineage-retained-validation/panel.json,877317666864c712b84feed7170f9dccd3587780ae3b5ebbb6cecf4513adda13,/rows/20,,
047e62b52a3f4ede,native_selected,11,4,101,measured,research/benchmark/results/tabddpm-twelve-lineage-retained-validation/panel.json,877317666864c712b84feed7170f9dccd3587780ae3b5ebbb6cecf4513adda13,/rows/21,,
047e62b52a3f4ede,native_selected,11,4,211,measured,research/benchmark/results/tabddpm-twelve-lineage-retained-validation/panel.json,877317666864c712b84feed7170f9dccd3587780ae3b5ebbb6cecf4513adda13,/rows/22,,
047e62b52a3f4ede,native_selected,11,4,307,measured,research/benchmark/results/tabddpm-twelve-lineage-retained-validation/panel.json,877317666864c712b84feed7170f9dccd3587780ae3b5ebbb6cecf4513adda13,/rows/23,,
047e62b52a3f4ede,native_selected,23,1,101,pending_no_gpu_admission,,,,650,2026-10-08T18:50:00-06:00
047e62b52a3f4ede,native_selected,23,1,211,pending_no_gpu_admission,,,,650,2026-10-08T18:50:00-06:00
047e62b52a3f4ede,native_selected,23,1,307,pending_no_gpu_admission,,,,650,2026-10-08T18:50:00-06:00
047e62b52a3f4ede,native_selected,23,4,101,pending_no_gpu_admission,,,,650,2026-10-08T18:50:00-06:00
047e62b52a3f4ede,native_selected,23,4,211,pending_no_gpu_admission,,,,650,2026-10-08T18:50:00-06:00
047e62b52a3f4ede,native_selected,23,4,307,pending_no_gpu_admission,,,,650,2026-10-08T18:50:00-06:00
047e62b52a3f4ede,native_selected,37,1,101,pending_no_gpu_admission,,,,660,2026-10-08T19:00:00-06:00
047e62b52a3f4ede,native_selected,37,1,211,pending_no_gpu_admission,,,,660,2026-10-08T19:00:00-06:00
047e62b52a3f4ede,native_selected,37,1,307,pending_no_gpu_admission,,,,660,2026-10-08T19:00:00-06:00
047e62b52a3f4ede,native_selected,37,4,101,pending_no_gpu_admission,,,,660,2026-10-08T19:00:00-06:00
047e62b52a3f4ede,native_selected,37,4,211,pending_no_gpu_admission,,,,660,2026-10-08T19:00:00-06:00
047e62b52a3f4ede,native_selected,37,4,307,pending_no_gpu_admission,,,,660,2026-10-08T19:00:00-06:00
047e62b52a3f4ede,native_selected,53,1,101,pending_no_gpu_admission,,,,670,2026-10-08T19:10:00-06:00
047e62b52a3f4ede,native_selected,53,1,211,pending_no_gpu_admission,,,,670,2026-10-08T19:10:00-06:00
047e62b52a3f4ede,native_selected,53,1,307,pending_no_gpu_admission,,,,670,2026-10-08T19:10:00-06:00
047e62b52a3f4ede,native_selected,53,4,101,pending_no_gpu_admission,,,,670,2026-10-08T19:10:00-06:00
047e62b52a3f4ede,native_selected,53,4,211,pending_no_gpu_admission,,,,670,2026-10-08T19:10:00-06:00
047e62b52a3f4ede,native_selected,53,4,307,pending_no_gpu_admission,,,,670,2026-10-08T19:10:00-06:00
047e62b52a3f4ede,native_selected,71,1,101,pending_no_gpu_admission,,,,680,2026-10-08T19:20:00-06:00
047e62b52a3f4ede,native_selected,71,1,211,pending_no_gpu_admission,,,,680,2026-10-08T19:20:00-06:00
047e62b52a3f4ede,native_selected,71,1,307,pending_no_gpu_admission,,,,680,2026-10-08T19:20:00-06:00
047e62b52a3f4ede,native_selected,71,4,101,pending_no_gpu_admission,,,,680,2026-10-08T19:20:00-06:00
047e62b52a3f4ede,native_selected,71,4,211,pending_no_gpu_admission,,,,680,2026-10-08T19:20:00-06:00
047e62b52a3f4ede,native_selected,71,4,307,pending_no_gpu_admission,,,,680,2026-10-08T19:20:00-06:00
04c80944e971cb3e,author_default,11,1,101,measured,research/benchmark/results/tabddpm-twelve-lineage-retained-validation/panel.json,877317666864c712b84feed7170f9dccd3587780ae3b5ebbb6cecf4513adda13,/rows/24,,
04c80944e971cb3e,author_default,11,1,211,measured,research/benchmark/results/tabddpm-twelve-lineage-retained-validation/panel.json,877317666864c712b84feed7170f9dccd3587780ae3b5ebbb6cecf4513adda13,/rows/25,,
04c80944e971cb3e,author_default,11,1,307,measured,research/benchmark/results/tabddpm-twelve-lineage-retained-validation/panel.json,877317666864c712b84feed7170f9dccd3587780ae3b5ebbb6cecf4513adda13,/rows/26,,
04c80944e971cb3e,author_default,11,4,101,measured,research/benchmark/results/tabddpm-twelve-lineage-retained-validation/panel.json,877317666864c712b84feed7170f9dccd3587780ae3b5ebbb6cecf4513adda13,/rows/27,,
04c80944e971cb3e,author_default,11,4,211,measured,research/benchmark/results/tabddpm-twelve-lineage-retained-validation/panel.json,877317666864c712b84feed7170f9dccd3587780ae3b5ebbb6cecf4513adda13,/rows/28,,
04c80944e971cb3e,author_default,11,4,307,measured,research/benchmark/results/tabddpm-twelve-lineage-retained-validation/panel.json,877317666864c712b84feed7170f9dccd3587780ae3b5ebbb6cecf4513adda13,/rows/29,,
04c80944e971cb3e,author_default,23,1,101,pending_no_gpu_admission,,,,770,2026-10-08T20:50:00-06:00
04c80944e971cb3e,author_default,23,1,211,pending_no_gpu_admission,,,,770,2026-10-08T20:50:00-06:00
04c80944e971cb3e,author_default,23,1,307,pending_no_gpu_admission,,,,770,2026-10-08T20:50:00-06:00
04c80944e971cb3e,author_default,23,4,101,pending_no_gpu_admission,,,,770,2026-10-08T20:50:00-06:00
04c80944e971cb3e,author_default,23,4,211,pending_no_gpu_admission,,,,770,2026-10-08T20:50:00-06:00
04c80944e971cb3e,author_default,23,4,307,pending_no_gpu_admission,,,,770,2026-10-08T20:50:00-06:00
04c80944e971cb3e,author_default,37,1,101,pending_no_gpu_admission,,,,780,2026-10-08T21:00:00-06:00
04c80944e971cb3e,author_default,37,1,211,pending_no_gpu_admission,,,,780,2026-10-08T21:00:00-06:00
04c80944e971cb3e,author_default,37,1,307,pending_no_gpu_admission,,,,780,2026-10-08T21:00:00-06:00
04c80944e971cb3e,author_default,37,4,101,pending_no_gpu_admission,,,,780,2026-10-08T21:00:00-06:00
04c80944e971cb3e,author_default,37,4,211,pending_no_gpu_admission,,,,780,2026-10-08T21:00:00-06:00
04c80944e971cb3e,author_default,37,4,307,pending_no_gpu_admission,,,,780,2026-10-08T21:00:00-06:00
04c80944e971cb3e,author_default,53,1,101,pending_no_gpu_admission,,,,790,2026-10-08T21:10:00-06:00
04c80944e971cb3e,author_default,53,1,211,pending_no_gpu_admission,,,,790,2026-10-08T21:10:00-06:00
04c80944e971cb3e,author_default,53,1,307,pending_no_gpu_admission,,,,790,2026-10-08T21:10:00-06:00
04c80944e971cb3e,author_default,53,4,101,pending_no_gpu_admission,,,,790,2026-10-08T21:10:00-06:00
04c80944e971cb3e,author_default,53,4,211,pending_no_gpu_admission,,,,790,2026-10-08T21:10:00-06:00
04c80944e971cb3e,author_default,53,4,307,pending_no_gpu_admission,,,,790,2026-10-08T21:10:00-06:00
04c80944e971cb3e,author_default,71,1,101,pending_no_gpu_admission,,,,800,2026-10-08T21:20:00-06:00
04c80944e971cb3e,author_default,71,1,211,pending_no_gpu_admission,,,,800,2026-10-08T21:20:00-06:00
04c80944e971cb3e,author_default,71,1,307,pending_no_gpu_admission,,,,800,2026-10-08T21:20:00-06:00
04c80944e971cb3e,author_default,71,4,101,pending_no_gpu_admission,,,,800,2026-10-08T21:20:00-06:00
04c80944e971cb3e,author_default,71,4,211,pending_no_gpu_admission,,,,800,2026-10-08T21:20:00-06:00
04c80944e971cb3e,author_default,71,4,307,pending_no_gpu_admission,,,,800,2026-10-08T21:20:00-06:00
04c80944e971cb3e,native_selected,11,1,101,measured,research/benchmark/results/tabddpm-twelve-lineage-retained-validation/panel.json,877317666864c712b84feed7170f9dccd3587780ae3b5ebbb6cecf4513adda13,/rows/30,,
04c80944e971cb3e,native_selected,11,1,211,measured,research/benchmark/results/tabddpm-twelve-lineage-retained-validation/panel.json,877317666864c712b84feed7170f9dccd3587780ae3b5ebbb6cecf4513adda13,/rows/31,,
04c80944e971cb3e,native_selected,11,1,307,measured,research/benchmark/results/tabddpm-twelve-lineage-retained-validation/panel.json,877317666864c712b84feed7170f9dccd3587780ae3b5ebbb6cecf4513adda13,/rows/32,,
04c80944e971cb3e,native_selected,11,4,101,measured,research/benchmark/results/tabddpm-twelve-lineage-retained-validation/panel.json,877317666864c712b84feed7170f9dccd3587780ae3b5ebbb6cecf4513adda13,/rows/33,,
04c80944e971cb3e,native_selected,11,4,211,measured,research/benchmark/results/tabddpm-twelve-lineage-retained-validation/panel.json,877317666864c712b84feed7170f9dccd3587780ae3b5ebbb6cecf4513adda13,/rows/34,,
04c80944e971cb3e,native_selected,11,4,307,measured,research/benchmark/results/tabddpm-twelve-lineage-retained-validation/panel.json,877317666864c712b84feed7170f9dccd3587780ae3b5ebbb6cecf4513adda13,/rows/35,,
04c80944e971cb3e,native_selected,23,1,101,pending_no_gpu_admission,,,,810,2026-10-08T21:30:00-06:00
04c80944e971cb3e,native_selected,23,1,211,pending_no_gpu_admission,,,,810,2026-10-08T21:30:00-06:00
04c80944e971cb3e,native_selected,23,1,307,pending_no_gpu_admission,,,,810,2026-10-08T21:30:00-06:00
04c80944e971cb3e,native_selected,23,4,101,pending_no_gpu_admission,,,,810,2026-10-08T21:30:00-06:00
04c80944e971cb3e,native_selected,23,4,211,pending_no_gpu_admission,,,,810,2026-10-08T21:30:00-06:00
04c80944e971cb3e,native_selected,23,4,307,pending_no_gpu_admission,,,,810,2026-10-08T21:30:00-06:00
04c80944e971cb3e,native_selected,37,1,101,pending_no_gpu_admission,,,,820,2026-10-08T21:40:00-06:00
04c80944e971cb3e,native_selected,37,1,211,pending_no_gpu_admission,,,,820,2026-10-08T21:40:00-06:00
04c80944e971cb3e,native_selected,37,1,307,pending_no_gpu_admission,,,,820,2026-10-08T21:40:00-06:00
04c80944e971cb3e,native_selected,37,4,101,pending_no_gpu_admission,,,,820,2026-10-08T21:40:00-06:00
04c80944e971cb3e,native_selected,37,4,211,pending_no_gpu_admission,,,,820,2026-10-08T21:40:00-06:00
04c80944e971cb3e,native_selected,37,4,307,pending_no_gpu_admission,,,,820,2026-10-08T21:40:00-06:00
04c80944e971cb3e,native_selected,53,1,101,pending_no_gpu_admission,,,,830,2026-10-08T21:50:00-06:00
04c80944e971cb3e,native_selected,53,1,211,pending_no_gpu_admission,,,,830,2026-10-08T21:50:00-06:00
04c80944e971cb3e,native_selected,53,1,307,pending_no_gpu_admission,,,,830,2026-10-08T21:50:00-06:00
04c80944e971cb3e,native_selected,53,4,101,pending_no_gpu_admission,,,,830,2026-10-08T21:50:00-06:00
04c80944e971cb3e,native_selected,53,4,211,pending_no_gpu_admission,,,,830,2026-10-08T21:50:00-06:00
04c80944e971cb3e,native_selected,53,4,307,pending_no_gpu_admission,,,,830,2026-10-08T21:50:00-06:00
04c80944e971cb3e,native_selected,71,1,101,pending_no_gpu_admission,,,,840,2026-10-08T22:00:00-06:00
04c80944e971cb3e,native_selected,71,1,211,pending_no_gpu_admission,,,,840,2026-10-08T22:00:00-06:00
04c80944e971cb3e,native_selected,71,1,307,pending_no_gpu_admission,,,,840,2026-10-08T22:00:00-06:00
04c80944e971cb3e,native_selected,71,4,101,pending_no_gpu_admission,,,,840,2026-10-08T22:00:00-06:00
04c80944e971cb3e,native_selected,71,4,211,pending_no_gpu_admission,,,,840,2026-10-08T22:00:00-06:00
04c80944e971cb3e,native_selected,71,4,307,pending_no_gpu_admission,,,,840,2026-10-08T22:00:00-06:00
0561d673cb73c27e,author_default,11,1,101,measured,research/benchmark/results/tabddpm-twelve-lineage-retained-validation/panel.json,877317666864c712b84feed7170f9dccd3587780ae3b5ebbb6cecf4513adda13,/rows/36,,
0561d673cb73c27e,author_default,11,1,211,measured,research/benchmark/results/tabddpm-twelve-lineage-retained-validation/panel.json,877317666864c712b84feed7170f9dccd3587780ae3b5ebbb6cecf4513adda13,/rows/38,,
0561d673cb73c27e,author_default,11,1,307,measured,research/benchmark/results/tabddpm-twelve-lineage-retained-validation/panel.json,877317666864c712b84feed7170f9dccd3587780ae3b5ebbb6cecf4513adda13,/rows/40,,
0561d673cb73c27e,author_default,11,4,101,measured,research/benchmark/results/tabddpm-twelve-lineage-retained-validation/panel.json,877317666864c712b84feed7170f9dccd3587780ae3b5ebbb6cecf4513adda13,/rows/42,,
0561d673cb73c27e,author_default,11,4,211,measured,research/benchmark/results/tabddpm-twelve-lineage-retained-validation/panel.json,877317666864c712b84feed7170f9dccd3587780ae3b5ebbb6cecf4513adda13,/rows/44,,
0561d673cb73c27e,author_default,11,4,307,measured,research/benchmark/results/tabddpm-twelve-lineage-retained-validation/panel.json,877317666864c712b84feed7170f9dccd3587780ae3b5ebbb6cecf4513adda13,/rows/46,,
0561d673cb73c27e,author_default,23,1,101,pending_no_gpu_admission,,,,930,2026-10-08T23:30:00-06:00
0561d673cb73c27e,author_default,23,1,211,pending_no_gpu_admission,,,,930,2026-10-08T23:30:00-06:00
0561d673cb73c27e,author_default,23,1,307,pending_no_gpu_admission,,,,930,2026-10-08T23:30:00-06:00
0561d673cb73c27e,author_default,23,4,101,pending_no_gpu_admission,,,,930,2026-10-08T23:30:00-06:00
0561d673cb73c27e,author_default,23,4,211,pending_no_gpu_admission,,,,930,2026-10-08T23:30:00-06:00
0561d673cb73c27e,author_default,23,4,307,pending_no_gpu_admission,,,,930,2026-10-08T23:30:00-06:00
0561d673cb73c27e,author_default,37,1,101,pending_no_gpu_admission,,,,940,2026-10-08T23:40:00-06:00
0561d673cb73c27e,author_default,37,1,211,pending_no_gpu_admission,,,,940,2026-10-08T23:40:00-06:00
0561d673cb73c27e,author_default,37,1,307,pending_no_gpu_admission,,,,940,2026-10-08T23:40:00-06:00
0561d673cb73c27e,author_default,37,4,101,pending_no_gpu_admission,,,,940,2026-10-08T23:40:00-06:00
0561d673cb73c27e,author_default,37,4,211,pending_no_gpu_admission,,,,940,2026-10-08T23:40:00-06:00
0561d673cb73c27e,author_default,37,4,307,pending_no_gpu_admission,,,,940,2026-10-08T23:40:00-06:00
0561d673cb73c27e,author_default,53,1,101,pending_no_gpu_admission,,,,950,2026-10-08T23:50:00-06:00
0561d673cb73c27e,author_default,53,1,211,pending_no_gpu_admission,,,,950,2026-10-08T23:50:00-06:00
0561d673cb73c27e,author_default,53,1,307,pending_no_gpu_admission,,,,950,2026-10-08T23:50:00-06:00
0561d673cb73c27e,author_default,53,4,101,pending_no_gpu_admission,,,,950,2026-10-08T23:50:00-06:00
0561d673cb73c27e,author_default,53,4,211,pending_no_gpu_admission,,,,950,2026-10-08T23:50:00-06:00
0561d673cb73c27e,author_default,53,4,307,pending_no_gpu_admission,,,,950,2026-10-08T23:50:00-06:00
0561d673cb73c27e,author_default,71,1,101,pending_no_gpu_admission,,,,960,2026-10-09T00:00:00-06:00
0561d673cb73c27e,author_default,71,1,211,pending_no_gpu_admission,,,,960,2026-10-09T00:00:00-06:00
0561d673cb73c27e,author_default,71,1,307,pending_no_gpu_admission,,,,960,2026-10-09T00:00:00-06:00
0561d673cb73c27e,author_default,71,4,101,pending_no_gpu_admission,,,,960,2026-10-09T00:00:00-06:00
0561d673cb73c27e,author_default,71,4,211,pending_no_gpu_admission,,,,960,2026-10-09T00:00:00-06:00
0561d673cb73c27e,author_default,71,4,307,pending_no_gpu_admission,,,,960,2026-10-09T00:00:00-06:00
0561d673cb73c27e,native_selected,11,1,101,measured,research/benchmark/results/tabddpm-twelve-lineage-retained-validation/panel.json,877317666864c712b84feed7170f9dccd3587780ae3b5ebbb6cecf4513adda13,/rows/37,,
0561d673cb73c27e,native_selected,11,1,211,measured,research/benchmark/results/tabddpm-twelve-lineage-retained-validation/panel.json,877317666864c712b84feed7170f9dccd3587780ae3b5ebbb6cecf4513adda13,/rows/39,,
0561d673cb73c27e,native_selected,11,1,307,measured,research/benchmark/results/tabddpm-twelve-lineage-retained-validation/panel.json,877317666864c712b84feed7170f9dccd3587780ae3b5ebbb6cecf4513adda13,/rows/41,,
0561d673cb73c27e,native_selected,11,4,101,measured,research/benchmark/results/tabddpm-twelve-lineage-retained-validation/panel.json,877317666864c712b84feed7170f9dccd3587780ae3b5ebbb6cecf4513adda13,/rows/43,,
0561d673cb73c27e,native_selected,11,4,211,measured,research/benchmark/results/tabddpm-twelve-lineage-retained-validation/panel.json,877317666864c712b84feed7170f9dccd3587780ae3b5ebbb6cecf4513adda13,/rows/45,,
0561d673cb73c27e,native_selected,11,4,307,measured,research/benchmark/results/tabddpm-twelve-lineage-retained-validation/panel.json,877317666864c712b84feed7170f9dccd3587780ae3b5ebbb6cecf4513adda13,/rows/47,,
0561d673cb73c27e,native_selected,23,1,101,pending_no_gpu_admission,,,,970,2026-10-09T00:10:00-06:00
0561d673cb73c27e,native_selected,23,1,211,pending_no_gpu_admission,,,,970,2026-10-09T00:10:00-06:00
0561d673cb73c27e,native_selected,23,1,307,pending_no_gpu_admission,,,,970,2026-10-09T00:10:00-06:00
0561d673cb73c27e,native_selected,23,4,101,pending_no_gpu_admission,,,,970,2026-10-09T00:10:00-06:00
0561d673cb73c27e,native_selected,23,4,211,pending_no_gpu_admission,,,,970,2026-10-09T00:10:00-06:00
0561d673cb73c27e,native_selected,23,4,307,pending_no_gpu_admission,,,,970,2026-10-09T00:10:00-06:00
0561d673cb73c27e,native_selected,37,1,101,pending_no_gpu_admission,,,,980,2026-10-09T00:20:00-06:00
0561d673cb73c27e,native_selected,37,1,211,pending_no_gpu_admission,,,,980,2026-10-09T00:20:00-06:00
0561d673cb73c27e,native_selected,37,1,307,pending_no_gpu_admission,,,,980,2026-10-09T00:20:00-06:00
0561d673cb73c27e,native_selected,37,4,101,pending_no_gpu_admission,,,,980,2026-10-09T00:20:00-06:00
0561d673cb73c27e,native_selected,37,4,211,pending_no_gpu_admission,,,,980,2026-10-09T00:20:00-06:00
0561d673cb73c27e,native_selected,37,4,307,pending_no_gpu_admission,,,,980,2026-10-09T00:20:00-06:00
0561d673cb73c27e,native_selected,53,1,101,pending_no_gpu_admission,,,,990,2026-10-09T00:30:00-06:00
0561d673cb73c27e,native_selected,53,1,211,pending_no_gpu_admission,,,,990,2026-10-09T00:30:00-06:00
0561d673cb73c27e,native_selected,53,1,307,pending_no_gpu_admission,,,,990,2026-10-09T00:30:00-06:00
0561d673cb73c27e,native_selected,53,4,101,pending_no_gpu_admission,,,,990,2026-10-09T00:30:00-06:00
0561d673cb73c27e,native_selected,53,4,211,pending_no_gpu_admission,,,,990,2026-10-09T00:30:00-06:00
0561d673cb73c27e,native_selected,53,4,307,pending_no_gpu_admission,,,,990,2026-10-09T00:30:00-06:00
0561d673cb73c27e,native_selected,71,1,101,pending_no_gpu_admission,,,,1000,2026-10-09T00:40:00-06:00
0561d673cb73c27e,native_selected,71,1,211,pending_no_gpu_admission,,,,1000,2026-10-09T00:40:00-06:00
0561d673cb73c27e,native_selected,71,1,307,pending_no_gpu_admission,,,,1000,2026-10-09T00:40:00-06:00
0561d673cb73c27e,native_selected,71,4,101,pending_no_gpu_admission,,,,1000,2026-10-09T00:40:00-06:00
0561d673cb73c27e,native_selected,71,4,211,pending_no_gpu_admission,,,,1000,2026-10-09T00:40:00-06:00
0561d673cb73c27e,native_selected,71,4,307,pending_no_gpu_admission,,,,1000,2026-10-09T00:40:00-06:00
060b9fff8092db17,author_default,11,1,101,measured,research/benchmark/results/tabddpm-twelve-lineage-retained-validation/panel.json,877317666864c712b84feed7170f9dccd3587780ae3b5ebbb6cecf4513adda13,/rows/48,,
060b9fff8092db17,author_default,11,1,211,measured,research/benchmark/results/tabddpm-twelve-lineage-retained-validation/panel.json,877317666864c712b84feed7170f9dccd3587780ae3b5ebbb6cecf4513adda13,/rows/49,,
060b9fff8092db17,author_default,11,1,307,measured,research/benchmark/results/tabddpm-twelve-lineage-retained-validation/panel.json,877317666864c712b84feed7170f9dccd3587780ae3b5ebbb6cecf4513adda13,/rows/50,,
060b9fff8092db17,author_default,11,4,101,measured,research/benchmark/results/tabddpm-twelve-lineage-retained-validation/panel.json,877317666864c712b84feed7170f9dccd3587780ae3b5ebbb6cecf4513adda13,/rows/51,,
060b9fff8092db17,author_default,11,4,211,measured,research/benchmark/results/tabddpm-twelve-lineage-retained-validation/panel.json,877317666864c712b84feed7170f9dccd3587780ae3b5ebbb6cecf4513adda13,/rows/52,,
060b9fff8092db17,author_default,11,4,307,measured,research/benchmark/results/tabddpm-twelve-lineage-retained-validation/panel.json,877317666864c712b84feed7170f9dccd3587780ae3b5ebbb6cecf4513adda13,/rows/53,,
060b9fff8092db17,author_default,23,1,101,pending_no_gpu_admission,,,,1090,2026-10-09T02:10:00-06:00
060b9fff8092db17,author_default,23,1,211,pending_no_gpu_admission,,,,1090,2026-10-09T02:10:00-06:00
060b9fff8092db17,author_default,23,1,307,pending_no_gpu_admission,,,,1090,2026-10-09T02:10:00-06:00
060b9fff8092db17,author_default,23,4,101,pending_no_gpu_admission,,,,1090,2026-10-09T02:10:00-06:00
060b9fff8092db17,author_default,23,4,211,pending_no_gpu_admission,,,,1090,2026-10-09T02:10:00-06:00
060b9fff8092db17,author_default,23,4,307,pending_no_gpu_admission,,,,1090,2026-10-09T02:10:00-06:00
060b9fff8092db17,author_default,37,1,101,pending_no_gpu_admission,,,,1100,2026-10-09T02:20:00-06:00
060b9fff8092db17,author_default,37,1,211,pending_no_gpu_admission,,,,1100,2026-10-09T02:20:00-06:00
060b9fff8092db17,author_default,37,1,307,pending_no_gpu_admission,,,,1100,2026-10-09T02:20:00-06:00
060b9fff8092db17,author_default,37,4,101,pending_no_gpu_admission,,,,1100,2026-10-09T02:20:00-06:00
060b9fff8092db17,author_default,37,4,211,pending_no_gpu_admission,,,,1100,2026-10-09T02:20:00-06:00
060b9fff8092db17,author_default,37,4,307,pending_no_gpu_admission,,,,1100,2026-10-09T02:20:00-06:00
060b9fff8092db17,author_default,53,1,101,pending_no_gpu_admission,,,,1110,2026-10-09T02:30:00-06:00
060b9fff8092db17,author_default,53,1,211,pending_no_gpu_admission,,,,1110,2026-10-09T02:30:00-06:00
060b9fff8092db17,author_default,53,1,307,pending_no_gpu_admission,,,,1110,2026-10-09T02:30:00-06:00
060b9fff8092db17,author_default,53,4,101,pending_no_gpu_admission,,,,1110,2026-10-09T02:30:00-06:00
060b9fff8092db17,author_default,53,4,211,pending_no_gpu_admission,,,,1110,2026-10-09T02:30:00-06:00
060b9fff8092db17,author_default,53,4,307,pending_no_gpu_admission,,,,1110,2026-10-09T02:30:00-06:00
060b9fff8092db17,author_default,71,1,101,pending_no_gpu_admission,,,,1120,2026-10-09T02:40:00-06:00
060b9fff8092db17,author_default,71,1,211,pending_no_gpu_admission,,,,1120,2026-10-09T02:40:00-06:00
060b9fff8092db17,author_default,71,1,307,pending_no_gpu_admission,,,,1120,2026-10-09T02:40:00-06:00
060b9fff8092db17,author_default,71,4,101,pending_no_gpu_admission,,,,1120,2026-10-09T02:40:00-06:00
060b9fff8092db17,author_default,71,4,211,pending_no_gpu_admission,,,,1120,2026-10-09T02:40:00-06:00
060b9fff8092db17,author_default,71,4,307,pending_no_gpu_admission,,,,1120,2026-10-09T02:40:00-06:00
060b9fff8092db17,native_selected,11,1,101,measured,research/benchmark/results/tabddpm-twelve-lineage-retained-validation/panel.json,877317666864c712b84feed7170f9dccd3587780ae3b5ebbb6cecf4513adda13,/rows/54,,
060b9fff8092db17,native_selected,11,1,211,measured,research/benchmark/results/tabddpm-twelve-lineage-retained-validation/panel.json,877317666864c712b84feed7170f9dccd3587780ae3b5ebbb6cecf4513adda13,/rows/55,,
060b9fff8092db17,native_selected,11,1,307,measured,research/benchmark/results/tabddpm-twelve-lineage-retained-validation/panel.json,877317666864c712b84feed7170f9dccd3587780ae3b5ebbb6cecf4513adda13,/rows/56,,
060b9fff8092db17,native_selected,11,4,101,measured,research/benchmark/results/tabddpm-twelve-lineage-retained-validation/panel.json,877317666864c712b84feed7170f9dccd3587780ae3b5ebbb6cecf4513adda13,/rows/57,,
060b9fff8092db17,native_selected,11,4,211,measured,research/benchmark/results/tabddpm-twelve-lineage-retained-validation/panel.json,877317666864c712b84feed7170f9dccd3587780ae3b5ebbb6cecf4513adda13,/rows/58,,
060b9fff8092db17,native_selected,11,4,307,measured,research/benchmark/results/tabddpm-twelve-lineage-retained-validation/panel.json,877317666864c712b84feed7170f9dccd3587780ae3b5ebbb6cecf4513adda13,/rows/59,,
060b9fff8092db17,native_selected,23,1,101,pending_no_gpu_admission,,,,1130,2026-10-09T02:50:00-06:00
060b9fff8092db17,native_selected,23,1,211,pending_no_gpu_admission,,,,1130,2026-10-09T02:50:00-06:00
060b9fff8092db17,native_selected,23,1,307,pending_no_gpu_admission,,,,1130,2026-10-09T02:50:00-06:00
060b9fff8092db17,native_selected,23,4,101,pending_no_gpu_admission,,,,1130,2026-10-09T02:50:00-06:00
060b9fff8092db17,native_selected,23,4,211,pending_no_gpu_admission,,,,1130,2026-10-09T02:50:00-06:00
060b9fff8092db17,native_selected,23,4,307,pending_no_gpu_admission,,,,1130,2026-10-09T02:50:00-06:00
060b9fff8092db17,native_selected,37,1,101,pending_no_gpu_admission,,,,1140,2026-10-09T03:00:00-06:00
060b9fff8092db17,native_selected,37,1,211,pending_no_gpu_admission,,,,1140,2026-10-09T03:00:00-06:00
060b9fff8092db17,native_selected,37,1,307,pending_no_gpu_admission,,,,1140,2026-10-09T03:00:00-06:00
060b9fff8092db17,native_selected,37,4,101,pending_no_gpu_admission,,,,1140,2026-10-09T03:00:00-06:00
060b9fff8092db17,native_selected,37,4,211,pending_no_gpu_admission,,,,1140,2026-10-09T03:00:00-06:00
060b9fff8092db17,native_selected,37,4,307,pending_no_gpu_admission,,,,1140,2026-10-09T03:00:00-06:00
060b9fff8092db17,native_selected,53,1,101,pending_no_gpu_admission,,,,1150,2026-10-09T03:10:00-06:00
060b9fff8092db17,native_selected,53,1,211,pending_no_gpu_admission,,,,1150,2026-10-09T03:10:00-06:00
060b9fff8092db17,native_selected,53,1,307,pending_no_gpu_admission,,,,1150,2026-10-09T03:10:00-06:00
060b9fff8092db17,native_selected,53,4,101,pending_no_gpu_admission,,,,1150,2026-10-09T03:10:00-06:00
060b9fff8092db17,native_selected,53,4,211,pending_no_gpu_admission,,,,1150,2026-10-09T03:10:00-06:00
060b9fff8092db17,native_selected,53,4,307,pending_no_gpu_admission,,,,1150,2026-10-09T03:10:00-06:00
060b9fff8092db17,native_selected,71,1,101,pending_no_gpu_admission,,,,1160,2026-10-09T03:20:00-06:00
060b9fff8092db17,native_selected,71,1,211,pending_no_gpu_admission,,,,1160,2026-10-09T03:20:00-06:00
060b9fff8092db17,native_selected,71,1,307,pending_no_gpu_admission,,,,1160,2026-10-09T03:20:00-06:00
060b9fff8092db17,native_selected,71,4,101,pending_no_gpu_admission,,,,1160,2026-10-09T03:20:00-06:00
060b9fff8092db17,native_selected,71,4,211,pending_no_gpu_admission,,,,1160,2026-10-09T03:20:00-06:00
060b9fff8092db17,native_selected,71,4,307,pending_no_gpu_admission,,,,1160,2026-10-09T03:20:00-06:00
06b0312a585b436e,author_default,11,1,101,measured,research/benchmark/results/tabddpm-twelve-lineage-retained-validation/panel.json,877317666864c712b84feed7170f9dccd3587780ae3b5ebbb6cecf4513adda13,/rows/60,,
06b0312a585b436e,author_default,11,1,211,measured,research/benchmark/results/tabddpm-twelve-lineage-retained-validation/panel.json,877317666864c712b84feed7170f9dccd3587780ae3b5ebbb6cecf4513adda13,/rows/61,,
06b0312a585b436e,author_default,11,1,307,measured,research/benchmark/results/tabddpm-twelve-lineage-retained-validation/panel.json,877317666864c712b84feed7170f9dccd3587780ae3b5ebbb6cecf4513adda13,/rows/62,,
06b0312a585b436e,author_default,11,4,101,measured,research/benchmark/results/tabddpm-twelve-lineage-retained-validation/panel.json,877317666864c712b84feed7170f9dccd3587780ae3b5ebbb6cecf4513adda13,/rows/63,,
06b0312a585b436e,author_default,11,4,211,measured,research/benchmark/results/tabddpm-twelve-lineage-retained-validation/panel.json,877317666864c712b84feed7170f9dccd3587780ae3b5ebbb6cecf4513adda13,/rows/64,,
06b0312a585b436e,author_default,11,4,307,measured,research/benchmark/results/tabddpm-twelve-lineage-retained-validation/panel.json,877317666864c712b84feed7170f9dccd3587780ae3b5ebbb6cecf4513adda13,/rows/65,,
06b0312a585b436e,author_default,23,1,101,pending_no_gpu_admission,,,,1250,2026-10-09T04:50:00-06:00
06b0312a585b436e,author_default,23,1,211,pending_no_gpu_admission,,,,1250,2026-10-09T04:50:00-06:00
06b0312a585b436e,author_default,23,1,307,pending_no_gpu_admission,,,,1250,2026-10-09T04:50:00-06:00
06b0312a585b436e,author_default,23,4,101,pending_no_gpu_admission,,,,1250,2026-10-09T04:50:00-06:00
06b0312a585b436e,author_default,23,4,211,pending_no_gpu_admission,,,,1250,2026-10-09T04:50:00-06:00
06b0312a585b436e,author_default,23,4,307,pending_no_gpu_admission,,,,1250,2026-10-09T04:50:00-06:00
06b0312a585b436e,author_default,37,1,101,pending_no_gpu_admission,,,,1260,2026-10-09T05:00:00-06:00
06b0312a585b436e,author_default,37,1,211,pending_no_gpu_admission,,,,1260,2026-10-09T05:00:00-06:00
06b0312a585b436e,author_default,37,1,307,pending_no_gpu_admission,,,,1260,2026-10-09T05:00:00-06:00
06b0312a585b436e,author_default,37,4,101,pending_no_gpu_admission,,,,1260,2026-10-09T05:00:00-06:00
06b0312a585b436e,author_default,37,4,211,pending_no_gpu_admission,,,,1260,2026-10-09T05:00:00-06:00
06b0312a585b436e,author_default,37,4,307,pending_no_gpu_admission,,,,1260,2026-10-09T05:00:00-06:00
06b0312a585b436e,author_default,53,1,101,pending_no_gpu_admission,,,,1270,2026-10-09T05:10:00-06:00
06b0312a585b436e,author_default,53,1,211,pending_no_gpu_admission,,,,1270,2026-10-09T05:10:00-06:00
06b0312a585b436e,author_default,53,1,307,pending_no_gpu_admission,,,,1270,2026-10-09T05:10:00-06:00
06b0312a585b436e,author_default,53,4,101,pending_no_gpu_admission,,,,1270,2026-10-09T05:10:00-06:00
06b0312a585b436e,author_default,53,4,211,pending_no_gpu_admission,,,,1270,2026-10-09T05:10:00-06:00
06b0312a585b436e,author_default,53,4,307,pending_no_gpu_admission,,,,1270,2026-10-09T05:10:00-06:00
06b0312a585b436e,author_default,71,1,101,pending_no_gpu_admission,,,,1280,2026-10-09T05:20:00-06:00
06b0312a585b436e,author_default,71,1,211,pending_no_gpu_admission,,,,1280,2026-10-09T05:20:00-06:00
06b0312a585b436e,author_default,71,1,307,pending_no_gpu_admission,,,,1280,2026-10-09T05:20:00-06:00
06b0312a585b436e,author_default,71,4,101,pending_no_gpu_admission,,,,1280,2026-10-09T05:20:00-06:00
06b0312a585b436e,author_default,71,4,211,pending_no_gpu_admission,,,,1280,2026-10-09T05:20:00-06:00
06b0312a585b436e,author_default,71,4,307,pending_no_gpu_admission,,,,1280,2026-10-09T05:20:00-06:00
06b0312a585b436e,native_selected,11,1,101,measured,research/benchmark/results/tabddpm-twelve-lineage-retained-validation/panel.json,877317666864c712b84feed7170f9dccd3587780ae3b5ebbb6cecf4513adda13,/rows/66,,
06b0312a585b436e,native_selected,11,1,211,measured,research/benchmark/results/tabddpm-twelve-lineage-retained-validation/panel.json,877317666864c712b84feed7170f9dccd3587780ae3b5ebbb6cecf4513adda13,/rows/67,,
06b0312a585b436e,native_selected,11,1,307,measured,research/benchmark/results/tabddpm-twelve-lineage-retained-validation/panel.json,877317666864c712b84feed7170f9dccd3587780ae3b5ebbb6cecf4513adda13,/rows/68,,
06b0312a585b436e,native_selected,11,4,101,measured,research/benchmark/results/tabddpm-twelve-lineage-retained-validation/panel.json,877317666864c712b84feed7170f9dccd3587780ae3b5ebbb6cecf4513adda13,/rows/69,,
06b0312a585b436e,native_selected,11,4,211,measured,research/benchmark/results/tabddpm-twelve-lineage-retained-validation/panel.json,877317666864c712b84feed7170f9dccd3587780ae3b5ebbb6cecf4513adda13,/rows/70,,
06b0312a585b436e,native_selected,11,4,307,measured,research/benchmark/results/tabddpm-twelve-lineage-retained-validation/panel.json,877317666864c712b84feed7170f9dccd3587780ae3b5ebbb6cecf4513adda13,/rows/71,,
06b0312a585b436e,native_selected,23,1,101,pending_no_gpu_admission,,,,1290,2026-10-09T05:30:00-06:00
06b0312a585b436e,native_selected,23,1,211,pending_no_gpu_admission,,,,1290,2026-10-09T05:30:00-06:00
06b0312a585b436e,native_selected,23,1,307,pending_no_gpu_admission,,,,1290,2026-10-09T05:30:00-06:00
06b0312a585b436e,native_selected,23,4,101,pending_no_gpu_admission,,,,1290,2026-10-09T05:30:00-06:00
06b0312a585b436e,native_selected,23,4,211,pending_no_gpu_admission,,,,1290,2026-10-09T05:30:00-06:00
06b0312a585b436e,native_selected,23,4,307,pending_no_gpu_admission,,,,1290,2026-10-09T05:30:00-06:00
06b0312a585b436e,native_selected,37,1,101,pending_no_gpu_admission,,,,1300,2026-10-09T05:40:00-06:00
06b0312a585b436e,native_selected,37,1,211,pending_no_gpu_admission,,,,1300,2026-10-09T05:40:00-06:00
06b0312a585b436e,native_selected,37,1,307,pending_no_gpu_admission,,,,1300,2026-10-09T05:40:00-06:00
06b0312a585b436e,native_selected,37,4,101,pending_no_gpu_admission,,,,1300,2026-10-09T05:40:00-06:00
06b0312a585b436e,native_selected,37,4,211,pending_no_gpu_admission,,,,1300,2026-10-09T05:40:00-06:00
06b0312a585b436e,native_selected,37,4,307,pending_no_gpu_admission,,,,1300,2026-10-09T05:40:00-06:00
06b0312a585b436e,native_selected,53,1,101,pending_no_gpu_admission,,,,1310,2026-10-09T05:50:00-06:00
06b0312a585b436e,native_selected,53,1,211,pending_no_gpu_admission,,,,1310,2026-10-09T05:50:00-06:00
06b0312a585b436e,native_selected,53,1,307,pending_no_gpu_admission,,,,1310,2026-10-09T05:50:00-06:00
06b0312a585b436e,native_selected,53,4,101,pending_no_gpu_admission,,,,1310,2026-10-09T05:50:00-06:00
06b0312a585b436e,native_selected,53,4,211,pending_no_gpu_admission,,,,1310,2026-10-09T05:50:00-06:00
06b0312a585b436e,native_selected,53,4,307,pending_no_gpu_admission,,,,1310,2026-10-09T05:50:00-06:00
06b0312a585b436e,native_selected,71,1,101,pending_no_gpu_admission,,,,1320,2026-10-09T06:00:00-06:00
06b0312a585b436e,native_selected,71,1,211,pending_no_gpu_admission,,,,1320,2026-10-09T06:00:00-06:00
06b0312a585b436e,native_selected,71,1,307,pending_no_gpu_admission,,,,1320,2026-10-09T06:00:00-06:00
06b0312a585b436e,native_selected,71,4,101,pending_no_gpu_admission,,,,1320,2026-10-09T06:00:00-06:00
06b0312a585b436e,native_selected,71,4,211,pending_no_gpu_admission,,,,1320,2026-10-09T06:00:00-06:00
06b0312a585b436e,native_selected,71,4,307,pending_no_gpu_admission,,,,1320,2026-10-09T06:00:00-06:00
0779d3fd5b3133a2,author_default,11,1,101,measured,research/benchmark/results/tabddpm-twelve-lineage-retained-validation/panel.json,877317666864c712b84feed7170f9dccd3587780ae3b5ebbb6cecf4513adda13,/rows/72,,
0779d3fd5b3133a2,author_default,11,1,211,measured,research/benchmark/results/tabddpm-twelve-lineage-retained-validation/panel.json,877317666864c712b84feed7170f9dccd3587780ae3b5ebbb6cecf4513adda13,/rows/73,,
0779d3fd5b3133a2,author_default,11,1,307,measured,research/benchmark/results/tabddpm-twelve-lineage-retained-validation/panel.json,877317666864c712b84feed7170f9dccd3587780ae3b5ebbb6cecf4513adda13,/rows/74,,
0779d3fd5b3133a2,author_default,11,4,101,measured,research/benchmark/results/tabddpm-twelve-lineage-retained-validation/panel.json,877317666864c712b84feed7170f9dccd3587780ae3b5ebbb6cecf4513adda13,/rows/75,,
0779d3fd5b3133a2,author_default,11,4,211,measured,research/benchmark/results/tabddpm-twelve-lineage-retained-validation/panel.json,877317666864c712b84feed7170f9dccd3587780ae3b5ebbb6cecf4513adda13,/rows/76,,
0779d3fd5b3133a2,author_default,11,4,307,measured,research/benchmark/results/tabddpm-twelve-lineage-retained-validation/panel.json,877317666864c712b84feed7170f9dccd3587780ae3b5ebbb6cecf4513adda13,/rows/77,,
0779d3fd5b3133a2,author_default,23,1,101,pending_no_gpu_admission,,,,1410,2026-10-09T07:30:00-06:00
0779d3fd5b3133a2,author_default,23,1,211,pending_no_gpu_admission,,,,1410,2026-10-09T07:30:00-06:00
0779d3fd5b3133a2,author_default,23,1,307,pending_no_gpu_admission,,,,1410,2026-10-09T07:30:00-06:00
0779d3fd5b3133a2,author_default,23,4,101,pending_no_gpu_admission,,,,1410,2026-10-09T07:30:00-06:00
0779d3fd5b3133a2,author_default,23,4,211,pending_no_gpu_admission,,,,1410,2026-10-09T07:30:00-06:00
0779d3fd5b3133a2,author_default,23,4,307,pending_no_gpu_admission,,,,1410,2026-10-09T07:30:00-06:00
0779d3fd5b3133a2,author_default,37,1,101,pending_no_gpu_admission,,,,1420,2026-10-09T07:40:00-06:00
0779d3fd5b3133a2,author_default,37,1,211,pending_no_gpu_admission,,,,1420,2026-10-09T07:40:00-06:00
0779d3fd5b3133a2,author_default,37,1,307,pending_no_gpu_admission,,,,1420,2026-10-09T07:40:00-06:00
0779d3fd5b3133a2,author_default,37,4,101,pending_no_gpu_admission,,,,1420,2026-10-09T07:40:00-06:00
0779d3fd5b3133a2,author_default,37,4,211,pending_no_gpu_admission,,,,1420,2026-10-09T07:40:00-06:00
0779d3fd5b3133a2,author_default,37,4,307,pending_no_gpu_admission,,,,1420,2026-10-09T07:40:00-06:00
0779d3fd5b3133a2,author_default,53,1,101,pending_no_gpu_admission,,,,1430,2026-10-09T07:50:00-06:00
0779d3fd5b3133a2,author_default,53,1,211,pending_no_gpu_admission,,,,1430,2026-10-09T07:50:00-06:00
0779d3fd5b3133a2,author_default,53,1,307,pending_no_gpu_admission,,,,1430,2026-10-09T07:50:00-06:00
0779d3fd5b3133a2,author_default,53,4,101,pending_no_gpu_admission,,,,1430,2026-10-09T07:50:00-06:00
0779d3fd5b3133a2,author_default,53,4,211,pending_no_gpu_admission,,,,1430,2026-10-09T07:50:00-06:00
0779d3fd5b3133a2,author_default,53,4,307,pending_no_gpu_admission,,,,1430,2026-10-09T07:50:00-06:00
0779d3fd5b3133a2,author_default,71,1,101,pending_no_gpu_admission,,,,1440,2026-10-09T08:00:00-06:00
0779d3fd5b3133a2,author_default,71,1,211,pending_no_gpu_admission,,,,1440,2026-10-09T08:00:00-06:00
0779d3fd5b3133a2,author_default,71,1,307,pending_no_gpu_admission,,,,1440,2026-10-09T08:00:00-06:00
0779d3fd5b3133a2,author_default,71,4,101,pending_no_gpu_admission,,,,1440,2026-10-09T08:00:00-06:00
0779d3fd5b3133a2,author_default,71,4,211,pending_no_gpu_admission,,,,1440,2026-10-09T08:00:00-06:00
0779d3fd5b3133a2,author_default,71,4,307,pending_no_gpu_admission,,,,1440,2026-10-09T08:00:00-06:00
0779d3fd5b3133a2,native_selected,11,1,101,measured,research/benchmark/results/tabddpm-twelve-lineage-retained-validation/panel.json,877317666864c712b84feed7170f9dccd3587780ae3b5ebbb6cecf4513adda13,/rows/78,,
0779d3fd5b3133a2,native_selected,11,1,211,measured,research/benchmark/results/tabddpm-twelve-lineage-retained-validation/panel.json,877317666864c712b84feed7170f9dccd3587780ae3b5ebbb6cecf4513adda13,/rows/79,,
0779d3fd5b3133a2,native_selected,11,1,307,measured,research/benchmark/results/tabddpm-twelve-lineage-retained-validation/panel.json,877317666864c712b84feed7170f9dccd3587780ae3b5ebbb6cecf4513adda13,/rows/80,,
0779d3fd5b3133a2,native_selected,11,4,101,measured,research/benchmark/results/tabddpm-twelve-lineage-retained-validation/panel.json,877317666864c712b84feed7170f9dccd3587780ae3b5ebbb6cecf4513adda13,/rows/81,,
0779d3fd5b3133a2,native_selected,11,4,211,measured,research/benchmark/results/tabddpm-twelve-lineage-retained-validation/panel.json,877317666864c712b84feed7170f9dccd3587780ae3b5ebbb6cecf4513adda13,/rows/82,,
0779d3fd5b3133a2,native_selected,11,4,307,measured,research/benchmark/results/tabddpm-twelve-lineage-retained-validation/panel.json,877317666864c712b84feed7170f9dccd3587780ae3b5ebbb6cecf4513adda13,/rows/83,,
0779d3fd5b3133a2,native_selected,23,1,101,pending_no_gpu_admission,,,,1450,2026-10-09T08:10:00-06:00
0779d3fd5b3133a2,native_selected,23,1,211,pending_no_gpu_admission,,,,1450,2026-10-09T08:10:00-06:00
0779d3fd5b3133a2,native_selected,23,1,307,pending_no_gpu_admission,,,,1450,2026-10-09T08:10:00-06:00
0779d3fd5b3133a2,native_selected,23,4,101,pending_no_gpu_admission,,,,1450,2026-10-09T08:10:00-06:00
0779d3fd5b3133a2,native_selected,23,4,211,pending_no_gpu_admission,,,,1450,2026-10-09T08:10:00-06:00
0779d3fd5b3133a2,native_selected,23,4,307,pending_no_gpu_admission,,,,1450,2026-10-09T08:10:00-06:00
0779d3fd5b3133a2,native_selected,37,1,101,pending_no_gpu_admission,,,,1460,2026-10-09T08:20:00-06:00
0779d3fd5b3133a2,native_selected,37,1,211,pending_no_gpu_admission,,,,1460,2026-10-09T08:20:00-06:00
0779d3fd5b3133a2,native_selected,37,1,307,pending_no_gpu_admission,,,,1460,2026-10-09T08:20:00-06:00
0779d3fd5b3133a2,native_selected,37,4,101,pending_no_gpu_admission,,,,1460,2026-10-09T08:20:00-06:00
0779d3fd5b3133a2,native_selected,37,4,211,pending_no_gpu_admission,,,,1460,2026-10-09T08:20:00-06:00
0779d3fd5b3133a2,native_selected,37,4,307,pending_no_gpu_admission,,,,1460,2026-10-09T08:20:00-06:00
0779d3fd5b3133a2,native_selected,53,1,101,pending_no_gpu_admission,,,,1470,2026-10-09T08:30:00-06:00
0779d3fd5b3133a2,native_selected,53,1,211,pending_no_gpu_admission,,,,1470,2026-10-09T08:30:00-06:00
0779d3fd5b3133a2,native_selected,53,1,307,pending_no_gpu_admission,,,,1470,2026-10-09T08:30:00-06:00
0779d3fd5b3133a2,native_selected,53,4,101,pending_no_gpu_admission,,,,1470,2026-10-09T08:30:00-06:00
0779d3fd5b3133a2,native_selected,53,4,211,pending_no_gpu_admission,,,,1470,2026-10-09T08:30:00-06:00
0779d3fd5b3133a2,native_selected,53,4,307,pending_no_gpu_admission,,,,1470,2026-10-09T08:30:00-06:00
0779d3fd5b3133a2,native_selected,71,1,101,pending_no_gpu_admission,,,,1480,2026-10-09T08:40:00-06:00
0779d3fd5b3133a2,native_selected,71,1,211,pending_no_gpu_admission,,,,1480,2026-10-09T08:40:00-06:00
0779d3fd5b3133a2,native_selected,71,1,307,pending_no_gpu_admission,,,,1480,2026-10-09T08:40:00-06:00
0779d3fd5b3133a2,native_selected,71,4,101,pending_no_gpu_admission,,,,1480,2026-10-09T08:40:00-06:00
0779d3fd5b3133a2,native_selected,71,4,211,pending_no_gpu_admission,,,,1480,2026-10-09T08:40:00-06:00
0779d3fd5b3133a2,native_selected,71,4,307,pending_no_gpu_admission,,,,1480,2026-10-09T08:40:00-06:00
07f38946316c039b,author_default,11,1,101,measured,research/benchmark/results/tabddpm-twelve-lineage-retained-validation/panel.json,877317666864c712b84feed7170f9dccd3587780ae3b5ebbb6cecf4513adda13,/rows/90,,
07f38946316c039b,author_default,11,1,211,measured,research/benchmark/results/tabddpm-twelve-lineage-retained-validation/panel.json,877317666864c712b84feed7170f9dccd3587780ae3b5ebbb6cecf4513adda13,/rows/91,,
07f38946316c039b,author_default,11,1,307,measured,research/benchmark/results/tabddpm-twelve-lineage-retained-validation/panel.json,877317666864c712b84feed7170f9dccd3587780ae3b5ebbb6cecf4513adda13,/rows/92,,
07f38946316c039b,author_default,11,4,101,measured,research/benchmark/results/tabddpm-twelve-lineage-retained-validation/panel.json,877317666864c712b84feed7170f9dccd3587780ae3b5ebbb6cecf4513adda13,/rows/93,,
07f38946316c039b,author_default,11,4,211,measured,research/benchmark/results/tabddpm-twelve-lineage-retained-validation/panel.json,877317666864c712b84feed7170f9dccd3587780ae3b5ebbb6cecf4513adda13,/rows/94,,
07f38946316c039b,author_default,11,4,307,measured,research/benchmark/results/tabddpm-twelve-lineage-retained-validation/panel.json,877317666864c712b84feed7170f9dccd3587780ae3b5ebbb6cecf4513adda13,/rows/95,,
07f38946316c039b,author_default,23,1,101,pending_no_gpu_admission,,,,1570,2026-10-09T10:10:00-06:00
07f38946316c039b,author_default,23,1,211,pending_no_gpu_admission,,,,1570,2026-10-09T10:10:00-06:00
07f38946316c039b,author_default,23,1,307,pending_no_gpu_admission,,,,1570,2026-10-09T10:10:00-06:00
07f38946316c039b,author_default,23,4,101,pending_no_gpu_admission,,,,1570,2026-10-09T10:10:00-06:00
07f38946316c039b,author_default,23,4,211,pending_no_gpu_admission,,,,1570,2026-10-09T10:10:00-06:00
07f38946316c039b,author_default,23,4,307,pending_no_gpu_admission,,,,1570,2026-10-09T10:10:00-06:00
07f38946316c039b,author_default,37,1,101,pending_no_gpu_admission,,,,1580,2026-10-09T10:20:00-06:00
07f38946316c039b,author_default,37,1,211,pending_no_gpu_admission,,,,1580,2026-10-09T10:20:00-06:00
07f38946316c039b,author_default,37,1,307,pending_no_gpu_admission,,,,1580,2026-10-09T10:20:00-06:00
07f38946316c039b,author_default,37,4,101,pending_no_gpu_admission,,,,1580,2026-10-09T10:20:00-06:00
07f38946316c039b,author_default,37,4,211,pending_no_gpu_admission,,,,1580,2026-10-09T10:20:00-06:00
07f38946316c039b,author_default,37,4,307,pending_no_gpu_admission,,,,1580,2026-10-09T10:20:00-06:00
07f38946316c039b,author_default,53,1,101,pending_no_gpu_admission,,,,1590,2026-10-09T10:30:00-06:00
07f38946316c039b,author_default,53,1,211,pending_no_gpu_admission,,,,1590,2026-10-09T10:30:00-06:00
07f38946316c039b,author_default,53,1,307,pending_no_gpu_admission,,,,1590,2026-10-09T10:30:00-06:00
07f38946316c039b,author_default,53,4,101,pending_no_gpu_admission,,,,1590,2026-10-09T10:30:00-06:00
07f38946316c039b,author_default,53,4,211,pending_no_gpu_admission,,,,1590,2026-10-09T10:30:00-06:00
07f38946316c039b,author_default,53,4,307,pending_no_gpu_admission,,,,1590,2026-10-09T10:30:00-06:00
07f38946316c039b,author_default,71,1,101,pending_no_gpu_admission,,,,1600,2026-10-09T10:40:00-06:00
07f38946316c039b,author_default,71,1,211,pending_no_gpu_admission,,,,1600,2026-10-09T10:40:00-06:00
07f38946316c039b,author_default,71,1,307,pending_no_gpu_admission,,,,1600,2026-10-09T10:40:00-06:00
07f38946316c039b,author_default,71,4,101,pending_no_gpu_admission,,,,1600,2026-10-09T10:40:00-06:00
07f38946316c039b,author_default,71,4,211,pending_no_gpu_admission,,,,1600,2026-10-09T10:40:00-06:00
07f38946316c039b,author_default,71,4,307,pending_no_gpu_admission,,,,1600,2026-10-09T10:40:00-06:00
07f38946316c039b,native_selected,11,1,101,measured,research/benchmark/results/tabddpm-twelve-lineage-retained-validation/panel.json,877317666864c712b84feed7170f9dccd3587780ae3b5ebbb6cecf4513adda13,/rows/84,,
07f38946316c039b,native_selected,11,1,211,measured,research/benchmark/results/tabddpm-twelve-lineage-retained-validation/panel.json,877317666864c712b84feed7170f9dccd3587780ae3b5ebbb6cecf4513adda13,/rows/85,,
07f38946316c039b,native_selected,11,1,307,measured,research/benchmark/results/tabddpm-twelve-lineage-retained-validation/panel.json,877317666864c712b84feed7170f9dccd3587780ae3b5ebbb6cecf4513adda13,/rows/86,,
07f38946316c039b,native_selected,11,4,101,measured,research/benchmark/results/tabddpm-twelve-lineage-retained-validation/panel.json,877317666864c712b84feed7170f9dccd3587780ae3b5ebbb6cecf4513adda13,/rows/87,,
07f38946316c039b,native_selected,11,4,211,measured,research/benchmark/results/tabddpm-twelve-lineage-retained-validation/panel.json,877317666864c712b84feed7170f9dccd3587780ae3b5ebbb6cecf4513adda13,/rows/88,,
07f38946316c039b,native_selected,11,4,307,measured,research/benchmark/results/tabddpm-twelve-lineage-retained-validation/panel.json,877317666864c712b84feed7170f9dccd3587780ae3b5ebbb6cecf4513adda13,/rows/89,,
07f38946316c039b,native_selected,23,1,101,pending_no_gpu_admission,,,,1610,2026-10-09T10:50:00-06:00
07f38946316c039b,native_selected,23,1,211,pending_no_gpu_admission,,,,1610,2026-10-09T10:50:00-06:00
07f38946316c039b,native_selected,23,1,307,pending_no_gpu_admission,,,,1610,2026-10-09T10:50:00-06:00
07f38946316c039b,native_selected,23,4,101,pending_no_gpu_admission,,,,1610,2026-10-09T10:50:00-06:00
07f38946316c039b,native_selected,23,4,211,pending_no_gpu_admission,,,,1610,2026-10-09T10:50:00-06:00
07f38946316c039b,native_selected,23,4,307,pending_no_gpu_admission,,,,1610,2026-10-09T10:50:00-06:00
07f38946316c039b,native_selected,37,1,101,pending_no_gpu_admission,,,,1620,2026-10-09T11:00:00-06:00
07f38946316c039b,native_selected,37,1,211,pending_no_gpu_admission,,,,1620,2026-10-09T11:00:00-06:00
07f38946316c039b,native_selected,37,1,307,pending_no_gpu_admission,,,,1620,2026-10-09T11:00:00-06:00
07f38946316c039b,native_selected,37,4,101,pending_no_gpu_admission,,,,1620,2026-10-09T11:00:00-06:00
07f38946316c039b,native_selected,37,4,211,pending_no_gpu_admission,,,,1620,2026-10-09T11:00:00-06:00
07f38946316c039b,native_selected,37,4,307,pending_no_gpu_admission,,,,1620,2026-10-09T11:00:00-06:00
07f38946316c039b,native_selected,53,1,101,pending_no_gpu_admission,,,,1630,2026-10-09T11:10:00-06:00
07f38946316c039b,native_selected,53,1,211,pending_no_gpu_admission,,,,1630,2026-10-09T11:10:00-06:00
07f38946316c039b,native_selected,53,1,307,pending_no_gpu_admission,,,,1630,2026-10-09T11:10:00-06:00
07f38946316c039b,native_selected,53,4,101,pending_no_gpu_admission,,,,1630,2026-10-09T11:10:00-06:00
07f38946316c039b,native_selected,53,4,211,pending_no_gpu_admission,,,,1630,2026-10-09T11:10:00-06:00
07f38946316c039b,native_selected,53,4,307,pending_no_gpu_admission,,,,1630,2026-10-09T11:10:00-06:00
07f38946316c039b,native_selected,71,1,101,pending_no_gpu_admission,,,,1640,2026-10-09T11:20:00-06:00
07f38946316c039b,native_selected,71,1,211,pending_no_gpu_admission,,,,1640,2026-10-09T11:20:00-06:00
07f38946316c039b,native_selected,71,1,307,pending_no_gpu_admission,,,,1640,2026-10-09T11:20:00-06:00
07f38946316c039b,native_selected,71,4,101,pending_no_gpu_admission,,,,1640,2026-10-09T11:20:00-06:00
07f38946316c039b,native_selected,71,4,211,pending_no_gpu_admission,,,,1640,2026-10-09T11:20:00-06:00
07f38946316c039b,native_selected,71,4,307,pending_no_gpu_admission,,,,1640,2026-10-09T11:20:00-06:00
0a8428ef25a69175,author_default,11,1,101,pending_no_gpu_admission,,,,1730,2026-10-09T12:50:00-06:00
0a8428ef25a69175,author_default,11,1,211,pending_no_gpu_admission,,,,1730,2026-10-09T12:50:00-06:00
0a8428ef25a69175,author_default,11,1,307,pending_no_gpu_admission,,,,1730,2026-10-09T12:50:00-06:00
0a8428ef25a69175,author_default,11,4,101,pending_no_gpu_admission,,,,1730,2026-10-09T12:50:00-06:00
0a8428ef25a69175,author_default,11,4,211,pending_no_gpu_admission,,,,1730,2026-10-09T12:50:00-06:00
0a8428ef25a69175,author_default,11,4,307,pending_no_gpu_admission,,,,1730,2026-10-09T12:50:00-06:00
0a8428ef25a69175,author_default,23,1,101,pending_no_gpu_admission,,,,1740,2026-10-09T13:00:00-06:00
0a8428ef25a69175,author_default,23,1,211,pending_no_gpu_admission,,,,1740,2026-10-09T13:00:00-06:00
0a8428ef25a69175,author_default,23,1,307,pending_no_gpu_admission,,,,1740,2026-10-09T13:00:00-06:00
0a8428ef25a69175,author_default,23,4,101,pending_no_gpu_admission,,,,1740,2026-10-09T13:00:00-06:00
0a8428ef25a69175,author_default,23,4,211,pending_no_gpu_admission,,,,1740,2026-10-09T13:00:00-06:00
0a8428ef25a69175,author_default,23,4,307,pending_no_gpu_admission,,,,1740,2026-10-09T13:00:00-06:00
0a8428ef25a69175,author_default,37,1,101,pending_no_gpu_admission,,,,1750,2026-10-09T13:10:00-06:00
0a8428ef25a69175,author_default,37,1,211,pending_no_gpu_admission,,,,1750,2026-10-09T13:10:00-06:00
0a8428ef25a69175,author_default,37,1,307,pending_no_gpu_admission,,,,1750,2026-10-09T13:10:00-06:00
0a8428ef25a69175,author_default,37,4,101,pending_no_gpu_admission,,,,1750,2026-10-09T13:10:00-06:00
0a8428ef25a69175,author_default,37,4,211,pending_no_gpu_admission,,,,1750,2026-10-09T13:10:00-06:00
0a8428ef25a69175,author_default,37,4,307,pending_no_gpu_admission,,,,1750,2026-10-09T13:10:00-06:00
0a8428ef25a69175,author_default,53,1,101,pending_no_gpu_admission,,,,1760,2026-10-09T13:20:00-06:00
0a8428ef25a69175,author_default,53,1,211,pending_no_gpu_admission,,,,1760,2026-10-09T13:20:00-06:00
0a8428ef25a69175,author_default,53,1,307,pending_no_gpu_admission,,,,1760,2026-10-09T13:20:00-06:00
0a8428ef25a69175,author_default,53,4,101,pending_no_gpu_admission,,,,1760,2026-10-09T13:20:00-06:00
0a8428ef25a69175,author_default,53,4,211,pending_no_gpu_admission,,,,1760,2026-10-09T13:20:00-06:00
0a8428ef25a69175,author_default,53,4,307,pending_no_gpu_admission,,,,1760,2026-10-09T13:20:00-06:00
0a8428ef25a69175,author_default,71,1,101,pending_no_gpu_admission,,,,1770,2026-10-09T13:30:00-06:00
0a8428ef25a69175,author_default,71,1,211,pending_no_gpu_admission,,,,1770,2026-10-09T13:30:00-06:00
0a8428ef25a69175,author_default,71,1,307,pending_no_gpu_admission,,,,1770,2026-10-09T13:30:00-06:00
0a8428ef25a69175,author_default,71,4,101,pending_no_gpu_admission,,,,1770,2026-10-09T13:30:00-06:00
0a8428ef25a69175,author_default,71,4,211,pending_no_gpu_admission,,,,1770,2026-10-09T13:30:00-06:00
0a8428ef25a69175,author_default,71,4,307,pending_no_gpu_admission,,,,1770,2026-10-09T13:30:00-06:00
0a8428ef25a69175,native_selected,11,1,101,pending_no_gpu_admission,,,,1720,2026-10-09T12:40:00-06:00
0a8428ef25a69175,native_selected,11,1,211,pending_no_gpu_admission,,,,1720,2026-10-09T12:40:00-06:00
0a8428ef25a69175,native_selected,11,1,307,pending_no_gpu_admission,,,,1720,2026-10-09T12:40:00-06:00
0a8428ef25a69175,native_selected,11,4,101,pending_no_gpu_admission,,,,1720,2026-10-09T12:40:00-06:00
0a8428ef25a69175,native_selected,11,4,211,pending_no_gpu_admission,,,,1720,2026-10-09T12:40:00-06:00
0a8428ef25a69175,native_selected,11,4,307,pending_no_gpu_admission,,,,1720,2026-10-09T12:40:00-06:00
0a8428ef25a69175,native_selected,23,1,101,pending_no_gpu_admission,,,,1780,2026-10-09T13:40:00-06:00
0a8428ef25a69175,native_selected,23,1,211,pending_no_gpu_admission,,,,1780,2026-10-09T13:40:00-06:00
0a8428ef25a69175,native_selected,23,1,307,pending_no_gpu_admission,,,,1780,2026-10-09T13:40:00-06:00
0a8428ef25a69175,native_selected,23,4,101,pending_no_gpu_admission,,,,1780,2026-10-09T13:40:00-06:00
0a8428ef25a69175,native_selected,23,4,211,pending_no_gpu_admission,,,,1780,2026-10-09T13:40:00-06:00
0a8428ef25a69175,native_selected,23,4,307,pending_no_gpu_admission,,,,1780,2026-10-09T13:40:00-06:00
0a8428ef25a69175,native_selected,37,1,101,pending_no_gpu_admission,,,,1790,2026-10-09T13:50:00-06:00
0a8428ef25a69175,native_selected,37,1,211,pending_no_gpu_admission,,,,1790,2026-10-09T13:50:00-06:00
0a8428ef25a69175,native_selected,37,1,307,pending_no_gpu_admission,,,,1790,2026-10-09T13:50:00-06:00
0a8428ef25a69175,native_selected,37,4,101,pending_no_gpu_admission,,,,1790,2026-10-09T13:50:00-06:00
0a8428ef25a69175,native_selected,37,4,211,pending_no_gpu_admission,,,,1790,2026-10-09T13:50:00-06:00
0a8428ef25a69175,native_selected,37,4,307,pending_no_gpu_admission,,,,1790,2026-10-09T13:50:00-06:00
0a8428ef25a69175,native_selected,53,1,101,pending_no_gpu_admission,,,,1800,2026-10-09T14:00:00-06:00
0a8428ef25a69175,native_selected,53,1,211,pending_no_gpu_admission,,,,1800,2026-10-09T14:00:00-06:00
0a8428ef25a69175,native_selected,53,1,307,pending_no_gpu_admission,,,,1800,2026-10-09T14:00:00-06:00
0a8428ef25a69175,native_selected,53,4,101,pending_no_gpu_admission,,,,1800,2026-10-09T14:00:00-06:00
0a8428ef25a69175,native_selected,53,4,211,pending_no_gpu_admission,,,,1800,2026-10-09T14:00:00-06:00
0a8428ef25a69175,native_selected,53,4,307,pending_no_gpu_admission,,,,1800,2026-10-09T14:00:00-06:00
0a8428ef25a69175,native_selected,71,1,101,pending_no_gpu_admission,,,,1810,2026-10-09T14:10:00-06:00
0a8428ef25a69175,native_selected,71,1,211,pending_no_gpu_admission,,,,1810,2026-10-09T14:10:00-06:00
0a8428ef25a69175,native_selected,71,1,307,pending_no_gpu_admission,,,,1810,2026-10-09T14:10:00-06:00
0a8428ef25a69175,native_selected,71,4,101,pending_no_gpu_admission,,,,1810,2026-10-09T14:10:00-06:00
0a8428ef25a69175,native_selected,71,4,211,pending_no_gpu_admission,,,,1810,2026-10-09T14:10:00-06:00
0a8428ef25a69175,native_selected,71,4,307,pending_no_gpu_admission,,,,1810,2026-10-09T14:10:00-06:00
0d482c1dd7cc6592,author_default,11,1,101,pending_no_gpu_admission,,,,1900,2026-10-09T15:40:00-06:00
0d482c1dd7cc6592,author_default,11,1,211,pending_no_gpu_admission,,,,1900,2026-10-09T15:40:00-06:00
0d482c1dd7cc6592,author_default,11,1,307,pending_no_gpu_admission,,,,1900,2026-10-09T15:40:00-06:00
0d482c1dd7cc6592,author_default,11,4,101,pending_no_gpu_admission,,,,1900,2026-10-09T15:40:00-06:00
0d482c1dd7cc6592,author_default,11,4,211,pending_no_gpu_admission,,,,1900,2026-10-09T15:40:00-06:00
0d482c1dd7cc6592,author_default,11,4,307,pending_no_gpu_admission,,,,1900,2026-10-09T15:40:00-06:00
0d482c1dd7cc6592,author_default,23,1,101,pending_no_gpu_admission,,,,1910,2026-10-09T15:50:00-06:00
0d482c1dd7cc6592,author_default,23,1,211,pending_no_gpu_admission,,,,1910,2026-10-09T15:50:00-06:00
0d482c1dd7cc6592,author_default,23,1,307,pending_no_gpu_admission,,,,1910,2026-10-09T15:50:00-06:00
0d482c1dd7cc6592,author_default,23,4,101,pending_no_gpu_admission,,,,1910,2026-10-09T15:50:00-06:00
0d482c1dd7cc6592,author_default,23,4,211,pending_no_gpu_admission,,,,1910,2026-10-09T15:50:00-06:00
0d482c1dd7cc6592,author_default,23,4,307,pending_no_gpu_admission,,,,1910,2026-10-09T15:50:00-06:00
0d482c1dd7cc6592,author_default,37,1,101,pending_no_gpu_admission,,,,1920,2026-10-09T16:00:00-06:00
0d482c1dd7cc6592,author_default,37,1,211,pending_no_gpu_admission,,,,1920,2026-10-09T16:00:00-06:00
0d482c1dd7cc6592,author_default,37,1,307,pending_no_gpu_admission,,,,1920,2026-10-09T16:00:00-06:00
0d482c1dd7cc6592,author_default,37,4,101,pending_no_gpu_admission,,,,1920,2026-10-09T16:00:00-06:00
0d482c1dd7cc6592,author_default,37,4,211,pending_no_gpu_admission,,,,1920,2026-10-09T16:00:00-06:00
0d482c1dd7cc6592,author_default,37,4,307,pending_no_gpu_admission,,,,1920,2026-10-09T16:00:00-06:00
0d482c1dd7cc6592,author_default,53,1,101,pending_no_gpu_admission,,,,1930,2026-10-09T16:10:00-06:00
0d482c1dd7cc6592,author_default,53,1,211,pending_no_gpu_admission,,,,1930,2026-10-09T16:10:00-06:00
0d482c1dd7cc6592,author_default,53,1,307,pending_no_gpu_admission,,,,1930,2026-10-09T16:10:00-06:00
0d482c1dd7cc6592,author_default,53,4,101,pending_no_gpu_admission,,,,1930,2026-10-09T16:10:00-06:00
0d482c1dd7cc6592,author_default,53,4,211,pending_no_gpu_admission,,,,1930,2026-10-09T16:10:00-06:00
0d482c1dd7cc6592,author_default,53,4,307,pending_no_gpu_admission,,,,1930,2026-10-09T16:10:00-06:00
0d482c1dd7cc6592,author_default,71,1,101,pending_no_gpu_admission,,,,1940,2026-10-09T16:20:00-06:00
0d482c1dd7cc6592,author_default,71,1,211,pending_no_gpu_admission,,,,1940,2026-10-09T16:20:00-06:00
0d482c1dd7cc6592,author_default,71,1,307,pending_no_gpu_admission,,,,1940,2026-10-09T16:20:00-06:00
0d482c1dd7cc6592,author_default,71,4,101,pending_no_gpu_admission,,,,1940,2026-10-09T16:20:00-06:00
0d482c1dd7cc6592,author_default,71,4,211,pending_no_gpu_admission,,,,1940,2026-10-09T16:20:00-06:00
0d482c1dd7cc6592,author_default,71,4,307,pending_no_gpu_admission,,,,1940,2026-10-09T16:20:00-06:00
0d482c1dd7cc6592,native_selected,11,1,101,pending_no_gpu_admission,,,,1890,2026-10-09T15:30:00-06:00
0d482c1dd7cc6592,native_selected,11,1,211,pending_no_gpu_admission,,,,1890,2026-10-09T15:30:00-06:00
0d482c1dd7cc6592,native_selected,11,1,307,pending_no_gpu_admission,,,,1890,2026-10-09T15:30:00-06:00
0d482c1dd7cc6592,native_selected,11,4,101,pending_no_gpu_admission,,,,1890,2026-10-09T15:30:00-06:00
0d482c1dd7cc6592,native_selected,11,4,211,pending_no_gpu_admission,,,,1890,2026-10-09T15:30:00-06:00
0d482c1dd7cc6592,native_selected,11,4,307,pending_no_gpu_admission,,,,1890,2026-10-09T15:30:00-06:00
0d482c1dd7cc6592,native_selected,23,1,101,pending_no_gpu_admission,,,,1950,2026-10-09T16:30:00-06:00
0d482c1dd7cc6592,native_selected,23,1,211,pending_no_gpu_admission,,,,1950,2026-10-09T16:30:00-06:00
0d482c1dd7cc6592,native_selected,23,1,307,pending_no_gpu_admission,,,,1950,2026-10-09T16:30:00-06:00
0d482c1dd7cc6592,native_selected,23,4,101,pending_no_gpu_admission,,,,1950,2026-10-09T16:30:00-06:00
0d482c1dd7cc6592,native_selected,23,4,211,pending_no_gpu_admission,,,,1950,2026-10-09T16:30:00-06:00
0d482c1dd7cc6592,native_selected,23,4,307,pending_no_gpu_admission,,,,1950,2026-10-09T16:30:00-06:00
0d482c1dd7cc6592,native_selected,37,1,101,pending_no_gpu_admission,,,,1960,2026-10-09T16:40:00-06:00
0d482c1dd7cc6592,native_selected,37,1,211,pending_no_gpu_admission,,,,1960,2026-10-09T16:40:00-06:00
0d482c1dd7cc6592,native_selected,37,1,307,pending_no_gpu_admission,,,,1960,2026-10-09T16:40:00-06:00
0d482c1dd7cc6592,native_selected,37,4,101,pending_no_gpu_admission,,,,1960,2026-10-09T16:40:00-06:00
0d482c1dd7cc6592,native_selected,37,4,211,pending_no_gpu_admission,,,,1960,2026-10-09T16:40:00-06:00
0d482c1dd7cc6592,native_selected,37,4,307,pending_no_gpu_admission,,,,1960,2026-10-09T16:40:00-06:00
0d482c1dd7cc6592,native_selected,53,1,101,pending_no_gpu_admission,,,,1970,2026-10-09T16:50:00-06:00
0d482c1dd7cc6592,native_selected,53,1,211,pending_no_gpu_admission,,,,1970,2026-10-09T16:50:00-06:00
0d482c1dd7cc6592,native_selected,53,1,307,pending_no_gpu_admission,,,,1970,2026-10-09T16:50:00-06:00
0d482c1dd7cc6592,native_selected,53,4,101,pending_no_gpu_admission,,,,1970,2026-10-09T16:50:00-06:00
0d482c1dd7cc6592,native_selected,53,4,211,pending_no_gpu_admission,,,,1970,2026-10-09T16:50:00-06:00
0d482c1dd7cc6592,native_selected,53,4,307,pending_no_gpu_admission,,,,1970,2026-10-09T16:50:00-06:00
0d482c1dd7cc6592,native_selected,71,1,101,pending_no_gpu_admission,,,,1980,2026-10-09T17:00:00-06:00
0d482c1dd7cc6592,native_selected,71,1,211,pending_no_gpu_admission,,,,1980,2026-10-09T17:00:00-06:00
0d482c1dd7cc6592,native_selected,71,1,307,pending_no_gpu_admission,,,,1980,2026-10-09T17:00:00-06:00
0d482c1dd7cc6592,native_selected,71,4,101,pending_no_gpu_admission,,,,1980,2026-10-09T17:00:00-06:00
0d482c1dd7cc6592,native_selected,71,4,211,pending_no_gpu_admission,,,,1980,2026-10-09T17:00:00-06:00
0d482c1dd7cc6592,native_selected,71,4,307,pending_no_gpu_admission,,,,1980,2026-10-09T17:00:00-06:00
0db59fd2579600d0,author_default,11,1,101,pending_no_gpu_admission,,,,2070,2026-10-09T18:30:00-06:00
0db59fd2579600d0,author_default,11,1,211,pending_no_gpu_admission,,,,2070,2026-10-09T18:30:00-06:00
0db59fd2579600d0,author_default,11,1,307,pending_no_gpu_admission,,,,2070,2026-10-09T18:30:00-06:00
0db59fd2579600d0,author_default,11,4,101,pending_no_gpu_admission,,,,2070,2026-10-09T18:30:00-06:00
0db59fd2579600d0,author_default,11,4,211,pending_no_gpu_admission,,,,2070,2026-10-09T18:30:00-06:00
0db59fd2579600d0,author_default,11,4,307,pending_no_gpu_admission,,,,2070,2026-10-09T18:30:00-06:00
0db59fd2579600d0,author_default,23,1,101,pending_no_gpu_admission,,,,2080,2026-10-09T18:40:00-06:00
0db59fd2579600d0,author_default,23,1,211,pending_no_gpu_admission,,,,2080,2026-10-09T18:40:00-06:00
0db59fd2579600d0,author_default,23,1,307,pending_no_gpu_admission,,,,2080,2026-10-09T18:40:00-06:00
0db59fd2579600d0,author_default,23,4,101,pending_no_gpu_admission,,,,2080,2026-10-09T18:40:00-06:00
0db59fd2579600d0,author_default,23,4,211,pending_no_gpu_admission,,,,2080,2026-10-09T18:40:00-06:00
0db59fd2579600d0,author_default,23,4,307,pending_no_gpu_admission,,,,2080,2026-10-09T18:40:00-06:00
0db59fd2579600d0,author_default,37,1,101,pending_no_gpu_admission,,,,2090,2026-10-09T18:50:00-06:00
0db59fd2579600d0,author_default,37,1,211,pending_no_gpu_admission,,,,2090,2026-10-09T18:50:00-06:00
0db59fd2579600d0,author_default,37,1,307,pending_no_gpu_admission,,,,2090,2026-10-09T18:50:00-06:00
0db59fd2579600d0,author_default,37,4,101,pending_no_gpu_admission,,,,2090,2026-10-09T18:50:00-06:00
0db59fd2579600d0,author_default,37,4,211,pending_no_gpu_admission,,,,2090,2026-10-09T18:50:00-06:00
0db59fd2579600d0,author_default,37,4,307,pending_no_gpu_admission,,,,2090,2026-10-09T18:50:00-06:00
0db59fd2579600d0,author_default,53,1,101,pending_no_gpu_admission,,,,2100,2026-10-09T19:00:00-06:00
0db59fd2579600d0,author_default,53,1,211,pending_no_gpu_admission,,,,2100,2026-10-09T19:00:00-06:00
0db59fd2579600d0,author_default,53,1,307,pending_no_gpu_admission,,,,2100,2026-10-09T19:00:00-06:00
0db59fd2579600d0,author_default,53,4,101,pending_no_gpu_admission,,,,2100,2026-10-09T19:00:00-06:00
0db59fd2579600d0,author_default,53,4,211,pending_no_gpu_admission,,,,2100,2026-10-09T19:00:00-06:00
0db59fd2579600d0,author_default,53,4,307,pending_no_gpu_admission,,,,2100,2026-10-09T19:00:00-06:00
0db59fd2579600d0,author_default,71,1,101,pending_no_gpu_admission,,,,2110,2026-10-09T19:10:00-06:00
0db59fd2579600d0,author_default,71,1,211,pending_no_gpu_admission,,,,2110,2026-10-09T19:10:00-06:00
0db59fd2579600d0,author_default,71,1,307,pending_no_gpu_admission,,,,2110,2026-10-09T19:10:00-06:00
0db59fd2579600d0,author_default,71,4,101,pending_no_gpu_admission,,,,2110,2026-10-09T19:10:00-06:00
0db59fd2579600d0,author_default,71,4,211,pending_no_gpu_admission,,,,2110,2026-10-09T19:10:00-06:00
0db59fd2579600d0,author_default,71,4,307,pending_no_gpu_admission,,,,2110,2026-10-09T19:10:00-06:00
0db59fd2579600d0,native_selected,11,1,101,pending_no_gpu_admission,,,,2060,2026-10-09T18:20:00-06:00
0db59fd2579600d0,native_selected,11,1,211,pending_no_gpu_admission,,,,2060,2026-10-09T18:20:00-06:00
0db59fd2579600d0,native_selected,11,1,307,pending_no_gpu_admission,,,,2060,2026-10-09T18:20:00-06:00
0db59fd2579600d0,native_selected,11,4,101,pending_no_gpu_admission,,,,2060,2026-10-09T18:20:00-06:00
0db59fd2579600d0,native_selected,11,4,211,pending_no_gpu_admission,,,,2060,2026-10-09T18:20:00-06:00
0db59fd2579600d0,native_selected,11,4,307,pending_no_gpu_admission,,,,2060,2026-10-09T18:20:00-06:00
0db59fd2579600d0,native_selected,23,1,101,pending_no_gpu_admission,,,,2120,2026-10-09T19:20:00-06:00
0db59fd2579600d0,native_selected,23,1,211,pending_no_gpu_admission,,,,2120,2026-10-09T19:20:00-06:00
0db59fd2579600d0,native_selected,23,1,307,pending_no_gpu_admission,,,,2120,2026-10-09T19:20:00-06:00
0db59fd2579600d0,native_selected,23,4,101,pending_no_gpu_admission,,,,2120,2026-10-09T19:20:00-06:00
0db59fd2579600d0,native_selected,23,4,211,pending_no_gpu_admission,,,,2120,2026-10-09T19:20:00-06:00
0db59fd2579600d0,native_selected,23,4,307,pending_no_gpu_admission,,,,2120,2026-10-09T19:20:00-06:00
0db59fd2579600d0,native_selected,37,1,101,pending_no_gpu_admission,,,,2130,2026-10-09T19:30:00-06:00
0db59fd2579600d0,native_selected,37,1,211,pending_no_gpu_admission,,,,2130,2026-10-09T19:30:00-06:00
0db59fd2579600d0,native_selected,37,1,307,pending_no_gpu_admission,,,,2130,2026-10-09T19:30:00-06:00
0db59fd2579600d0,native_selected,37,4,101,pending_no_gpu_admission,,,,2130,2026-10-09T19:30:00-06:00
0db59fd2579600d0,native_selected,37,4,211,pending_no_gpu_admission,,,,2130,2026-10-09T19:30:00-06:00
0db59fd2579600d0,native_selected,37,4,307,pending_no_gpu_admission,,,,2130,2026-10-09T19:30:00-06:00
0db59fd2579600d0,native_selected,53,1,101,pending_no_gpu_admission,,,,2140,2026-10-09T19:40:00-06:00
0db59fd2579600d0,native_selected,53,1,211,pending_no_gpu_admission,,,,2140,2026-10-09T19:40:00-06:00
0db59fd2579600d0,native_selected,53,1,307,pending_no_gpu_admission,,,,2140,2026-10-09T19:40:00-06:00
0db59fd2579600d0,native_selected,53,4,101,pending_no_gpu_admission,,,,2140,2026-10-09T19:40:00-06:00
0db59fd2579600d0,native_selected,53,4,211,pending_no_gpu_admission,,,,2140,2026-10-09T19:40:00-06:00
0db59fd2579600d0,native_selected,53,4,307,pending_no_gpu_admission,,,,2140,2026-10-09T19:40:00-06:00
0db59fd2579600d0,native_selected,71,1,101,pending_no_gpu_admission,,,,2150,2026-10-09T19:50:00-06:00
0db59fd2579600d0,native_selected,71,1,211,pending_no_gpu_admission,,,,2150,2026-10-09T19:50:00-06:00
0db59fd2579600d0,native_selected,71,1,307,pending_no_gpu_admission,,,,2150,2026-10-09T19:50:00-06:00
0db59fd2579600d0,native_selected,71,4,101,pending_no_gpu_admission,,,,2150,2026-10-09T19:50:00-06:00
0db59fd2579600d0,native_selected,71,4,211,pending_no_gpu_admission,,,,2150,2026-10-09T19:50:00-06:00
0db59fd2579600d0,native_selected,71,4,307,pending_no_gpu_admission,,,,2150,2026-10-09T19:50:00-06:00
0f86a714ec5f3ac6,author_default,11,1,101,pending_no_gpu_admission,,,,2240,2026-10-09T21:20:00-06:00
0f86a714ec5f3ac6,author_default,11,1,211,pending_no_gpu_admission,,,,2240,2026-10-09T21:20:00-06:00
0f86a714ec5f3ac6,author_default,11,1,307,pending_no_gpu_admission,,,,2240,2026-10-09T21:20:00-06:00
0f86a714ec5f3ac6,author_default,11,4,101,pending_no_gpu_admission,,,,2240,2026-10-09T21:20:00-06:00
0f86a714ec5f3ac6,author_default,11,4,211,pending_no_gpu_admission,,,,2240,2026-10-09T21:20:00-06:00
0f86a714ec5f3ac6,author_default,11,4,307,pending_no_gpu_admission,,,,2240,2026-10-09T21:20:00-06:00
0f86a714ec5f3ac6,author_default,23,1,101,pending_no_gpu_admission,,,,2250,2026-10-09T21:30:00-06:00
0f86a714ec5f3ac6,author_default,23,1,211,pending_no_gpu_admission,,,,2250,2026-10-09T21:30:00-06:00
0f86a714ec5f3ac6,author_default,23,1,307,pending_no_gpu_admission,,,,2250,2026-10-09T21:30:00-06:00
0f86a714ec5f3ac6,author_default,23,4,101,pending_no_gpu_admission,,,,2250,2026-10-09T21:30:00-06:00
0f86a714ec5f3ac6,author_default,23,4,211,pending_no_gpu_admission,,,,2250,2026-10-09T21:30:00-06:00
0f86a714ec5f3ac6,author_default,23,4,307,pending_no_gpu_admission,,,,2250,2026-10-09T21:30:00-06:00
0f86a714ec5f3ac6,author_default,37,1,101,pending_no_gpu_admission,,,,2260,2026-10-09T21:40:00-06:00
0f86a714ec5f3ac6,author_default,37,1,211,pending_no_gpu_admission,,,,2260,2026-10-09T21:40:00-06:00
0f86a714ec5f3ac6,author_default,37,1,307,pending_no_gpu_admission,,,,2260,2026-10-09T21:40:00-06:00
0f86a714ec5f3ac6,author_default,37,4,101,pending_no_gpu_admission,,,,2260,2026-10-09T21:40:00-06:00
0f86a714ec5f3ac6,author_default,37,4,211,pending_no_gpu_admission,,,,2260,2026-10-09T21:40:00-06:00
0f86a714ec5f3ac6,author_default,37,4,307,pending_no_gpu_admission,,,,2260,2026-10-09T21:40:00-06:00
0f86a714ec5f3ac6,author_default,53,1,101,pending_no_gpu_admission,,,,2270,2026-10-09T21:50:00-06:00
0f86a714ec5f3ac6,author_default,53,1,211,pending_no_gpu_admission,,,,2270,2026-10-09T21:50:00-06:00
0f86a714ec5f3ac6,author_default,53,1,307,pending_no_gpu_admission,,,,2270,2026-10-09T21:50:00-06:00
0f86a714ec5f3ac6,author_default,53,4,101,pending_no_gpu_admission,,,,2270,2026-10-09T21:50:00-06:00
0f86a714ec5f3ac6,author_default,53,4,211,pending_no_gpu_admission,,,,2270,2026-10-09T21:50:00-06:00
0f86a714ec5f3ac6,author_default,53,4,307,pending_no_gpu_admission,,,,2270,2026-10-09T21:50:00-06:00
0f86a714ec5f3ac6,author_default,71,1,101,pending_no_gpu_admission,,,,2280,2026-10-09T22:00:00-06:00
0f86a714ec5f3ac6,author_default,71,1,211,pending_no_gpu_admission,,,,2280,2026-10-09T22:00:00-06:00
0f86a714ec5f3ac6,author_default,71,1,307,pending_no_gpu_admission,,,,2280,2026-10-09T22:00:00-06:00
0f86a714ec5f3ac6,author_default,71,4,101,pending_no_gpu_admission,,,,2280,2026-10-09T22:00:00-06:00
0f86a714ec5f3ac6,author_default,71,4,211,pending_no_gpu_admission,,,,2280,2026-10-09T22:00:00-06:00
0f86a714ec5f3ac6,author_default,71,4,307,pending_no_gpu_admission,,,,2280,2026-10-09T22:00:00-06:00
0f86a714ec5f3ac6,native_selected,11,1,101,pending_no_gpu_admission,,,,2230,2026-10-09T21:10:00-06:00
0f86a714ec5f3ac6,native_selected,11,1,211,pending_no_gpu_admission,,,,2230,2026-10-09T21:10:00-06:00
0f86a714ec5f3ac6,native_selected,11,1,307,pending_no_gpu_admission,,,,2230,2026-10-09T21:10:00-06:00
0f86a714ec5f3ac6,native_selected,11,4,101,pending_no_gpu_admission,,,,2230,2026-10-09T21:10:00-06:00
0f86a714ec5f3ac6,native_selected,11,4,211,pending_no_gpu_admission,,,,2230,2026-10-09T21:10:00-06:00
0f86a714ec5f3ac6,native_selected,11,4,307,pending_no_gpu_admission,,,,2230,2026-10-09T21:10:00-06:00
0f86a714ec5f3ac6,native_selected,23,1,101,pending_no_gpu_admission,,,,2290,2026-10-09T22:10:00-06:00
0f86a714ec5f3ac6,native_selected,23,1,211,pending_no_gpu_admission,,,,2290,2026-10-09T22:10:00-06:00
0f86a714ec5f3ac6,native_selected,23,1,307,pending_no_gpu_admission,,,,2290,2026-10-09T22:10:00-06:00
0f86a714ec5f3ac6,native_selected,23,4,101,pending_no_gpu_admission,,,,2290,2026-10-09T22:10:00-06:00
0f86a714ec5f3ac6,native_selected,23,4,211,pending_no_gpu_admission,,,,2290,2026-10-09T22:10:00-06:00
0f86a714ec5f3ac6,native_selected,23,4,307,pending_no_gpu_admission,,,,2290,2026-10-09T22:10:00-06:00
0f86a714ec5f3ac6,native_selected,37,1,101,pending_no_gpu_admission,,,,2300,2026-10-09T22:20:00-06:00
0f86a714ec5f3ac6,native_selected,37,1,211,pending_no_gpu_admission,,,,2300,2026-10-09T22:20:00-06:00
0f86a714ec5f3ac6,native_selected,37,1,307,pending_no_gpu_admission,,,,2300,2026-10-09T22:20:00-06:00
0f86a714ec5f3ac6,native_selected,37,4,101,pending_no_gpu_admission,,,,2300,2026-10-09T22:20:00-06:00
0f86a714ec5f3ac6,native_selected,37,4,211,pending_no_gpu_admission,,,,2300,2026-10-09T22:20:00-06:00
0f86a714ec5f3ac6,native_selected,37,4,307,pending_no_gpu_admission,,,,2300,2026-10-09T22:20:00-06:00
0f86a714ec5f3ac6,native_selected,53,1,101,pending_no_gpu_admission,,,,2310,2026-10-09T22:30:00-06:00
0f86a714ec5f3ac6,native_selected,53,1,211,pending_no_gpu_admission,,,,2310,2026-10-09T22:30:00-06:00
0f86a714ec5f3ac6,native_selected,53,1,307,pending_no_gpu_admission,,,,2310,2026-10-09T22:30:00-06:00
0f86a714ec5f3ac6,native_selected,53,4,101,pending_no_gpu_admission,,,,2310,2026-10-09T22:30:00-06:00
0f86a714ec5f3ac6,native_selected,53,4,211,pending_no_gpu_admission,,,,2310,2026-10-09T22:30:00-06:00
0f86a714ec5f3ac6,native_selected,53,4,307,pending_no_gpu_admission,,,,2310,2026-10-09T22:30:00-06:00
0f86a714ec5f3ac6,native_selected,71,1,101,pending_no_gpu_admission,,,,2320,2026-10-09T22:40:00-06:00
0f86a714ec5f3ac6,native_selected,71,1,211,pending_no_gpu_admission,,,,2320,2026-10-09T22:40:00-06:00
0f86a714ec5f3ac6,native_selected,71,1,307,pending_no_gpu_admission,,,,2320,2026-10-09T22:40:00-06:00
0f86a714ec5f3ac6,native_selected,71,4,101,pending_no_gpu_admission,,,,2320,2026-10-09T22:40:00-06:00
0f86a714ec5f3ac6,native_selected,71,4,211,pending_no_gpu_admission,,,,2320,2026-10-09T22:40:00-06:00
0f86a714ec5f3ac6,native_selected,71,4,307,pending_no_gpu_admission,,,,2320,2026-10-09T22:40:00-06:00
167578f5deba4977,author_default,11,1,101,pending_no_gpu_admission,,,,2410,2026-10-10T00:10:00-06:00
167578f5deba4977,author_default,11,1,211,pending_no_gpu_admission,,,,2410,2026-10-10T00:10:00-06:00
167578f5deba4977,author_default,11,1,307,pending_no_gpu_admission,,,,2410,2026-10-10T00:10:00-06:00
167578f5deba4977,author_default,11,4,101,pending_no_gpu_admission,,,,2410,2026-10-10T00:10:00-06:00
167578f5deba4977,author_default,11,4,211,pending_no_gpu_admission,,,,2410,2026-10-10T00:10:00-06:00
167578f5deba4977,author_default,11,4,307,pending_no_gpu_admission,,,,2410,2026-10-10T00:10:00-06:00
167578f5deba4977,author_default,23,1,101,pending_no_gpu_admission,,,,2420,2026-10-10T00:20:00-06:00
167578f5deba4977,author_default,23,1,211,pending_no_gpu_admission,,,,2420,2026-10-10T00:20:00-06:00
167578f5deba4977,author_default,23,1,307,pending_no_gpu_admission,,,,2420,2026-10-10T00:20:00-06:00
167578f5deba4977,author_default,23,4,101,pending_no_gpu_admission,,,,2420,2026-10-10T00:20:00-06:00
167578f5deba4977,author_default,23,4,211,pending_no_gpu_admission,,,,2420,2026-10-10T00:20:00-06:00
167578f5deba4977,author_default,23,4,307,pending_no_gpu_admission,,,,2420,2026-10-10T00:20:00-06:00
167578f5deba4977,author_default,37,1,101,pending_no_gpu_admission,,,,2430,2026-10-10T00:30:00-06:00
167578f5deba4977,author_default,37,1,211,pending_no_gpu_admission,,,,2430,2026-10-10T00:30:00-06:00
167578f5deba4977,author_default,37,1,307,pending_no_gpu_admission,,,,2430,2026-10-10T00:30:00-06:00
167578f5deba4977,author_default,37,4,101,pending_no_gpu_admission,,,,2430,2026-10-10T00:30:00-06:00
167578f5deba4977,author_default,37,4,211,pending_no_gpu_admission,,,,2430,2026-10-10T00:30:00-06:00
167578f5deba4977,author_default,37,4,307,pending_no_gpu_admission,,,,2430,2026-10-10T00:30:00-06:00
167578f5deba4977,author_default,53,1,101,pending_no_gpu_admission,,,,2440,2026-10-10T00:40:00-06:00
167578f5deba4977,author_default,53,1,211,pending_no_gpu_admission,,,,2440,2026-10-10T00:40:00-06:00
167578f5deba4977,author_default,53,1,307,pending_no_gpu_admission,,,,2440,2026-10-10T00:40:00-06:00
167578f5deba4977,author_default,53,4,101,pending_no_gpu_admission,,,,2440,2026-10-10T00:40:00-06:00
167578f5deba4977,author_default,53,4,211,pending_no_gpu_admission,,,,2440,2026-10-10T00:40:00-06:00
167578f5deba4977,author_default,53,4,307,pending_no_gpu_admission,,,,2440,2026-10-10T00:40:00-06:00
167578f5deba4977,author_default,71,1,101,pending_no_gpu_admission,,,,2450,2026-10-10T00:50:00-06:00
167578f5deba4977,author_default,71,1,211,pending_no_gpu_admission,,,,2450,2026-10-10T00:50:00-06:00
167578f5deba4977,author_default,71,1,307,pending_no_gpu_admission,,,,2450,2026-10-10T00:50:00-06:00
167578f5deba4977,author_default,71,4,101,pending_no_gpu_admission,,,,2450,2026-10-10T00:50:00-06:00
167578f5deba4977,author_default,71,4,211,pending_no_gpu_admission,,,,2450,2026-10-10T00:50:00-06:00
167578f5deba4977,author_default,71,4,307,pending_no_gpu_admission,,,,2450,2026-10-10T00:50:00-06:00
167578f5deba4977,native_selected,11,1,101,pending_no_gpu_admission,,,,2400,2026-10-10T00:00:00-06:00
167578f5deba4977,native_selected,11,1,211,pending_no_gpu_admission,,,,2400,2026-10-10T00:00:00-06:00
167578f5deba4977,native_selected,11,1,307,pending_no_gpu_admission,,,,2400,2026-10-10T00:00:00-06:00
167578f5deba4977,native_selected,11,4,101,pending_no_gpu_admission,,,,2400,2026-10-10T00:00:00-06:00
167578f5deba4977,native_selected,11,4,211,pending_no_gpu_admission,,,,2400,2026-10-10T00:00:00-06:00
167578f5deba4977,native_selected,11,4,307,pending_no_gpu_admission,,,,2400,2026-10-10T00:00:00-06:00
167578f5deba4977,native_selected,23,1,101,pending_no_gpu_admission,,,,2460,2026-10-10T01:00:00-06:00
167578f5deba4977,native_selected,23,1,211,pending_no_gpu_admission,,,,2460,2026-10-10T01:00:00-06:00
167578f5deba4977,native_selected,23,1,307,pending_no_gpu_admission,,,,2460,2026-10-10T01:00:00-06:00
167578f5deba4977,native_selected,23,4,101,pending_no_gpu_admission,,,,2460,2026-10-10T01:00:00-06:00
167578f5deba4977,native_selected,23,4,211,pending_no_gpu_admission,,,,2460,2026-10-10T01:00:00-06:00
167578f5deba4977,native_selected,23,4,307,pending_no_gpu_admission,,,,2460,2026-10-10T01:00:00-06:00
167578f5deba4977,native_selected,37,1,101,pending_no_gpu_admission,,,,2470,2026-10-10T01:10:00-06:00
167578f5deba4977,native_selected,37,1,211,pending_no_gpu_admission,,,,2470,2026-10-10T01:10:00-06:00
167578f5deba4977,native_selected,37,1,307,pending_no_gpu_admission,,,,2470,2026-10-10T01:10:00-06:00
167578f5deba4977,native_selected,37,4,101,pending_no_gpu_admission,,,,2470,2026-10-10T01:10:00-06:00
167578f5deba4977,native_selected,37,4,211,pending_no_gpu_admission,,,,2470,2026-10-10T01:10:00-06:00
167578f5deba4977,native_selected,37,4,307,pending_no_gpu_admission,,,,2470,2026-10-10T01:10:00-06:00
167578f5deba4977,native_selected,53,1,101,pending_no_gpu_admission,,,,2480,2026-10-10T01:20:00-06:00
167578f5deba4977,native_selected,53,1,211,pending_no_gpu_admission,,,,2480,2026-10-10T01:20:00-06:00
167578f5deba4977,native_selected,53,1,307,pending_no_gpu_admission,,,,2480,2026-10-10T01:20:00-06:00
167578f5deba4977,native_selected,53,4,101,pending_no_gpu_admission,,,,2480,2026-10-10T01:20:00-06:00
167578f5deba4977,native_selected,53,4,211,pending_no_gpu_admission,,,,2480,2026-10-10T01:20:00-06:00
167578f5deba4977,native_selected,53,4,307,pending_no_gpu_admission,,,,2480,2026-10-10T01:20:00-06:00
167578f5deba4977,native_selected,71,1,101,pending_no_gpu_admission,,,,2490,2026-10-10T01:30:00-06:00
167578f5deba4977,native_selected,71,1,211,pending_no_gpu_admission,,,,2490,2026-10-10T01:30:00-06:00
167578f5deba4977,native_selected,71,1,307,pending_no_gpu_admission,,,,2490,2026-10-10T01:30:00-06:00
167578f5deba4977,native_selected,71,4,101,pending_no_gpu_admission,,,,2490,2026-10-10T01:30:00-06:00
167578f5deba4977,native_selected,71,4,211,pending_no_gpu_admission,,,,2490,2026-10-10T01:30:00-06:00
167578f5deba4977,native_selected,71,4,307,pending_no_gpu_admission,,,,2490,2026-10-10T01:30:00-06:00
19f2c3c2d67defd7,author_default,11,1,101,pending_no_gpu_admission,,,,2580,2026-10-10T03:00:00-06:00
19f2c3c2d67defd7,author_default,11,1,211,pending_no_gpu_admission,,,,2580,2026-10-10T03:00:00-06:00
19f2c3c2d67defd7,author_default,11,1,307,pending_no_gpu_admission,,,,2580,2026-10-10T03:00:00-06:00
19f2c3c2d67defd7,author_default,11,4,101,pending_no_gpu_admission,,,,2580,2026-10-10T03:00:00-06:00
19f2c3c2d67defd7,author_default,11,4,211,pending_no_gpu_admission,,,,2580,2026-10-10T03:00:00-06:00
19f2c3c2d67defd7,author_default,11,4,307,pending_no_gpu_admission,,,,2580,2026-10-10T03:00:00-06:00
19f2c3c2d67defd7,author_default,23,1,101,pending_no_gpu_admission,,,,2590,2026-10-10T03:10:00-06:00
19f2c3c2d67defd7,author_default,23,1,211,pending_no_gpu_admission,,,,2590,2026-10-10T03:10:00-06:00
19f2c3c2d67defd7,author_default,23,1,307,pending_no_gpu_admission,,,,2590,2026-10-10T03:10:00-06:00
19f2c3c2d67defd7,author_default,23,4,101,pending_no_gpu_admission,,,,2590,2026-10-10T03:10:00-06:00
19f2c3c2d67defd7,author_default,23,4,211,pending_no_gpu_admission,,,,2590,2026-10-10T03:10:00-06:00
19f2c3c2d67defd7,author_default,23,4,307,pending_no_gpu_admission,,,,2590,2026-10-10T03:10:00-06:00
19f2c3c2d67defd7,author_default,37,1,101,pending_no_gpu_admission,,,,2600,2026-10-10T03:20:00-06:00
19f2c3c2d67defd7,author_default,37,1,211,pending_no_gpu_admission,,,,2600,2026-10-10T03:20:00-06:00
19f2c3c2d67defd7,author_default,37,1,307,pending_no_gpu_admission,,,,2600,2026-10-10T03:20:00-06:00
19f2c3c2d67defd7,author_default,37,4,101,pending_no_gpu_admission,,,,2600,2026-10-10T03:20:00-06:00
19f2c3c2d67defd7,author_default,37,4,211,pending_no_gpu_admission,,,,2600,2026-10-10T03:20:00-06:00
19f2c3c2d67defd7,author_default,37,4,307,pending_no_gpu_admission,,,,2600,2026-10-10T03:20:00-06:00
19f2c3c2d67defd7,author_default,53,1,101,pending_no_gpu_admission,,,,2610,2026-10-10T03:30:00-06:00
19f2c3c2d67defd7,author_default,53,1,211,pending_no_gpu_admission,,,,2610,2026-10-10T03:30:00-06:00
19f2c3c2d67defd7,author_default,53,1,307,pending_no_gpu_admission,,,,2610,2026-10-10T03:30:00-06:00
19f2c3c2d67defd7,author_default,53,4,101,pending_no_gpu_admission,,,,2610,2026-10-10T03:30:00-06:00
19f2c3c2d67defd7,author_default,53,4,211,pending_no_gpu_admission,,,,2610,2026-10-10T03:30:00-06:00
19f2c3c2d67defd7,author_default,53,4,307,pending_no_gpu_admission,,,,2610,2026-10-10T03:30:00-06:00
19f2c3c2d67defd7,author_default,71,1,101,pending_no_gpu_admission,,,,2620,2026-10-10T03:40:00-06:00
19f2c3c2d67defd7,author_default,71,1,211,pending_no_gpu_admission,,,,2620,2026-10-10T03:40:00-06:00
19f2c3c2d67defd7,author_default,71,1,307,pending_no_gpu_admission,,,,2620,2026-10-10T03:40:00-06:00
19f2c3c2d67defd7,author_default,71,4,101,pending_no_gpu_admission,,,,2620,2026-10-10T03:40:00-06:00
19f2c3c2d67defd7,author_default,71,4,211,pending_no_gpu_admission,,,,2620,2026-10-10T03:40:00-06:00
19f2c3c2d67defd7,author_default,71,4,307,pending_no_gpu_admission,,,,2620,2026-10-10T03:40:00-06:00
19f2c3c2d67defd7,native_selected,11,1,101,pending_no_gpu_admission,,,,2570,2026-10-10T02:50:00-06:00
19f2c3c2d67defd7,native_selected,11,1,211,pending_no_gpu_admission,,,,2570,2026-10-10T02:50:00-06:00
19f2c3c2d67defd7,native_selected,11,1,307,pending_no_gpu_admission,,,,2570,2026-10-10T02:50:00-06:00
19f2c3c2d67defd7,native_selected,11,4,101,pending_no_gpu_admission,,,,2570,2026-10-10T02:50:00-06:00
19f2c3c2d67defd7,native_selected,11,4,211,pending_no_gpu_admission,,,,2570,2026-10-10T02:50:00-06:00
19f2c3c2d67defd7,native_selected,11,4,307,pending_no_gpu_admission,,,,2570,2026-10-10T02:50:00-06:00
19f2c3c2d67defd7,native_selected,23,1,101,pending_no_gpu_admission,,,,2630,2026-10-10T03:50:00-06:00
19f2c3c2d67defd7,native_selected,23,1,211,pending_no_gpu_admission,,,,2630,2026-10-10T03:50:00-06:00
19f2c3c2d67defd7,native_selected,23,1,307,pending_no_gpu_admission,,,,2630,2026-10-10T03:50:00-06:00
19f2c3c2d67defd7,native_selected,23,4,101,pending_no_gpu_admission,,,,2630,2026-10-10T03:50:00-06:00
19f2c3c2d67defd7,native_selected,23,4,211,pending_no_gpu_admission,,,,2630,2026-10-10T03:50:00-06:00
19f2c3c2d67defd7,native_selected,23,4,307,pending_no_gpu_admission,,,,2630,2026-10-10T03:50:00-06:00
19f2c3c2d67defd7,native_selected,37,1,101,pending_no_gpu_admission,,,,2640,2026-10-10T04:00:00-06:00
19f2c3c2d67defd7,native_selected,37,1,211,pending_no_gpu_admission,,,,2640,2026-10-10T04:00:00-06:00
19f2c3c2d67defd7,native_selected,37,1,307,pending_no_gpu_admission,,,,2640,2026-10-10T04:00:00-06:00
19f2c3c2d67defd7,native_selected,37,4,101,pending_no_gpu_admission,,,,2640,2026-10-10T04:00:00-06:00
19f2c3c2d67defd7,native_selected,37,4,211,pending_no_gpu_admission,,,,2640,2026-10-10T04:00:00-06:00
19f2c3c2d67defd7,native_selected,37,4,307,pending_no_gpu_admission,,,,2640,2026-10-10T04:00:00-06:00
19f2c3c2d67defd7,native_selected,53,1,101,pending_no_gpu_admission,,,,2650,2026-10-10T04:10:00-06:00
19f2c3c2d67defd7,native_selected,53,1,211,pending_no_gpu_admission,,,,2650,2026-10-10T04:10:00-06:00
19f2c3c2d67defd7,native_selected,53,1,307,pending_no_gpu_admission,,,,2650,2026-10-10T04:10:00-06:00
19f2c3c2d67defd7,native_selected,53,4,101,pending_no_gpu_admission,,,,2650,2026-10-10T04:10:00-06:00
19f2c3c2d67defd7,native_selected,53,4,211,pending_no_gpu_admission,,,,2650,2026-10-10T04:10:00-06:00
19f2c3c2d67defd7,native_selected,53,4,307,pending_no_gpu_admission,,,,2650,2026-10-10T04:10:00-06:00
19f2c3c2d67defd7,native_selected,71,1,101,pending_no_gpu_admission,,,,2660,2026-10-10T04:20:00-06:00
19f2c3c2d67defd7,native_selected,71,1,211,pending_no_gpu_admission,,,,2660,2026-10-10T04:20:00-06:00
19f2c3c2d67defd7,native_selected,71,1,307,pending_no_gpu_admission,,,,2660,2026-10-10T04:20:00-06:00
19f2c3c2d67defd7,native_selected,71,4,101,pending_no_gpu_admission,,,,2660,2026-10-10T04:20:00-06:00
19f2c3c2d67defd7,native_selected,71,4,211,pending_no_gpu_admission,,,,2660,2026-10-10T04:20:00-06:00
19f2c3c2d67defd7,native_selected,71,4,307,pending_no_gpu_admission,,,,2660,2026-10-10T04:20:00-06:00
19f4780b53b3fa41,author_default,11,1,101,pending_no_gpu_admission,,,,2750,2026-10-10T05:50:00-06:00
19f4780b53b3fa41,author_default,11,1,211,pending_no_gpu_admission,,,,2750,2026-10-10T05:50:00-06:00
19f4780b53b3fa41,author_default,11,1,307,pending_no_gpu_admission,,,,2750,2026-10-10T05:50:00-06:00
19f4780b53b3fa41,author_default,11,4,101,pending_no_gpu_admission,,,,2750,2026-10-10T05:50:00-06:00
19f4780b53b3fa41,author_default,11,4,211,pending_no_gpu_admission,,,,2750,2026-10-10T05:50:00-06:00
19f4780b53b3fa41,author_default,11,4,307,pending_no_gpu_admission,,,,2750,2026-10-10T05:50:00-06:00
19f4780b53b3fa41,author_default,23,1,101,pending_no_gpu_admission,,,,2760,2026-10-10T06:00:00-06:00
19f4780b53b3fa41,author_default,23,1,211,pending_no_gpu_admission,,,,2760,2026-10-10T06:00:00-06:00
19f4780b53b3fa41,author_default,23,1,307,pending_no_gpu_admission,,,,2760,2026-10-10T06:00:00-06:00
19f4780b53b3fa41,author_default,23,4,101,pending_no_gpu_admission,,,,2760,2026-10-10T06:00:00-06:00
19f4780b53b3fa41,author_default,23,4,211,pending_no_gpu_admission,,,,2760,2026-10-10T06:00:00-06:00
19f4780b53b3fa41,author_default,23,4,307,pending_no_gpu_admission,,,,2760,2026-10-10T06:00:00-06:00
19f4780b53b3fa41,author_default,37,1,101,pending_no_gpu_admission,,,,2770,2026-10-10T06:10:00-06:00
19f4780b53b3fa41,author_default,37,1,211,pending_no_gpu_admission,,,,2770,2026-10-10T06:10:00-06:00
19f4780b53b3fa41,author_default,37,1,307,pending_no_gpu_admission,,,,2770,2026-10-10T06:10:00-06:00
19f4780b53b3fa41,author_default,37,4,101,pending_no_gpu_admission,,,,2770,2026-10-10T06:10:00-06:00
19f4780b53b3fa41,author_default,37,4,211,pending_no_gpu_admission,,,,2770,2026-10-10T06:10:00-06:00
19f4780b53b3fa41,author_default,37,4,307,pending_no_gpu_admission,,,,2770,2026-10-10T06:10:00-06:00
19f4780b53b3fa41,author_default,53,1,101,pending_no_gpu_admission,,,,2780,2026-10-10T06:20:00-06:00
19f4780b53b3fa41,author_default,53,1,211,pending_no_gpu_admission,,,,2780,2026-10-10T06:20:00-06:00
19f4780b53b3fa41,author_default,53,1,307,pending_no_gpu_admission,,,,2780,2026-10-10T06:20:00-06:00
19f4780b53b3fa41,author_default,53,4,101,pending_no_gpu_admission,,,,2780,2026-10-10T06:20:00-06:00
19f4780b53b3fa41,author_default,53,4,211,pending_no_gpu_admission,,,,2780,2026-10-10T06:20:00-06:00
19f4780b53b3fa41,author_default,53,4,307,pending_no_gpu_admission,,,,2780,2026-10-10T06:20:00-06:00
19f4780b53b3fa41,author_default,71,1,101,pending_no_gpu_admission,,,,2790,2026-10-10T06:30:00-06:00
19f4780b53b3fa41,author_default,71,1,211,pending_no_gpu_admission,,,,2790,2026-10-10T06:30:00-06:00
19f4780b53b3fa41,author_default,71,1,307,pending_no_gpu_admission,,,,2790,2026-10-10T06:30:00-06:00
19f4780b53b3fa41,author_default,71,4,101,pending_no_gpu_admission,,,,2790,2026-10-10T06:30:00-06:00
19f4780b53b3fa41,author_default,71,4,211,pending_no_gpu_admission,,,,2790,2026-10-10T06:30:00-06:00
19f4780b53b3fa41,author_default,71,4,307,pending_no_gpu_admission,,,,2790,2026-10-10T06:30:00-06:00
19f4780b53b3fa41,native_selected,11,1,101,pending_no_gpu_admission,,,,2740,2026-10-10T05:40:00-06:00
19f4780b53b3fa41,native_selected,11,1,211,pending_no_gpu_admission,,,,2740,2026-10-10T05:40:00-06:00
19f4780b53b3fa41,native_selected,11,1,307,pending_no_gpu_admission,,,,2740,2026-10-10T05:40:00-06:00
19f4780b53b3fa41,native_selected,11,4,101,pending_no_gpu_admission,,,,2740,2026-10-10T05:40:00-06:00
19f4780b53b3fa41,native_selected,11,4,211,pending_no_gpu_admission,,,,2740,2026-10-10T05:40:00-06:00
19f4780b53b3fa41,native_selected,11,4,307,pending_no_gpu_admission,,,,2740,2026-10-10T05:40:00-06:00
19f4780b53b3fa41,native_selected,23,1,101,pending_no_gpu_admission,,,,2800,2026-10-10T06:40:00-06:00
19f4780b53b3fa41,native_selected,23,1,211,pending_no_gpu_admission,,,,2800,2026-10-10T06:40:00-06:00
19f4780b53b3fa41,native_selected,23,1,307,pending_no_gpu_admission,,,,2800,2026-10-10T06:40:00-06:00
19f4780b53b3fa41,native_selected,23,4,101,pending_no_gpu_admission,,,,2800,2026-10-10T06:40:00-06:00
19f4780b53b3fa41,native_selected,23,4,211,pending_no_gpu_admission,,,,2800,2026-10-10T06:40:00-06:00
19f4780b53b3fa41,native_selected,23,4,307,pending_no_gpu_admission,,,,2800,2026-10-10T06:40:00-06:00
19f4780b53b3fa41,native_selected,37,1,101,pending_no_gpu_admission,,,,2810,2026-10-10T06:50:00-06:00
19f4780b53b3fa41,native_selected,37,1,211,pending_no_gpu_admission,,,,2810,2026-10-10T06:50:00-06:00
19f4780b53b3fa41,native_selected,37,1,307,pending_no_gpu_admission,,,,2810,2026-10-10T06:50:00-06:00
19f4780b53b3fa41,native_selected,37,4,101,pending_no_gpu_admission,,,,2810,2026-10-10T06:50:00-06:00
19f4780b53b3fa41,native_selected,37,4,211,pending_no_gpu_admission,,,,2810,2026-10-10T06:50:00-06:00
19f4780b53b3fa41,native_selected,37,4,307,pending_no_gpu_admission,,,,2810,2026-10-10T06:50:00-06:00
19f4780b53b3fa41,native_selected,53,1,101,pending_no_gpu_admission,,,,2820,2026-10-10T07:00:00-06:00
19f4780b53b3fa41,native_selected,53,1,211,pending_no_gpu_admission,,,,2820,2026-10-10T07:00:00-06:00
19f4780b53b3fa41,native_selected,53,1,307,pending_no_gpu_admission,,,,2820,2026-10-10T07:00:00-06:00
19f4780b53b3fa41,native_selected,53,4,101,pending_no_gpu_admission,,,,2820,2026-10-10T07:00:00-06:00
19f4780b53b3fa41,native_selected,53,4,211,pending_no_gpu_admission,,,,2820,2026-10-10T07:00:00-06:00
19f4780b53b3fa41,native_selected,53,4,307,pending_no_gpu_admission,,,,2820,2026-10-10T07:00:00-06:00
19f4780b53b3fa41,native_selected,71,1,101,pending_no_gpu_admission,,,,2830,2026-10-10T07:10:00-06:00
19f4780b53b3fa41,native_selected,71,1,211,pending_no_gpu_admission,,,,2830,2026-10-10T07:10:00-06:00
19f4780b53b3fa41,native_selected,71,1,307,pending_no_gpu_admission,,,,2830,2026-10-10T07:10:00-06:00
19f4780b53b3fa41,native_selected,71,4,101,pending_no_gpu_admission,,,,2830,2026-10-10T07:10:00-06:00
19f4780b53b3fa41,native_selected,71,4,211,pending_no_gpu_admission,,,,2830,2026-10-10T07:10:00-06:00
19f4780b53b3fa41,native_selected,71,4,307,pending_no_gpu_admission,,,,2830,2026-10-10T07:10:00-06:00
1a4456d1cc71a26a,author_default,11,1,101,pending_no_gpu_admission,,,,2920,2026-10-10T08:40:00-06:00
1a4456d1cc71a26a,author_default,11,1,211,pending_no_gpu_admission,,,,2920,2026-10-10T08:40:00-06:00
1a4456d1cc71a26a,author_default,11,1,307,pending_no_gpu_admission,,,,2920,2026-10-10T08:40:00-06:00
1a4456d1cc71a26a,author_default,11,4,101,pending_no_gpu_admission,,,,2920,2026-10-10T08:40:00-06:00
1a4456d1cc71a26a,author_default,11,4,211,pending_no_gpu_admission,,,,2920,2026-10-10T08:40:00-06:00
1a4456d1cc71a26a,author_default,11,4,307,pending_no_gpu_admission,,,,2920,2026-10-10T08:40:00-06:00
1a4456d1cc71a26a,author_default,23,1,101,pending_no_gpu_admission,,,,2930,2026-10-10T08:50:00-06:00
1a4456d1cc71a26a,author_default,23,1,211,pending_no_gpu_admission,,,,2930,2026-10-10T08:50:00-06:00
1a4456d1cc71a26a,author_default,23,1,307,pending_no_gpu_admission,,,,2930,2026-10-10T08:50:00-06:00
1a4456d1cc71a26a,author_default,23,4,101,pending_no_gpu_admission,,,,2930,2026-10-10T08:50:00-06:00
1a4456d1cc71a26a,author_default,23,4,211,pending_no_gpu_admission,,,,2930,2026-10-10T08:50:00-06:00
1a4456d1cc71a26a,author_default,23,4,307,pending_no_gpu_admission,,,,2930,2026-10-10T08:50:00-06:00
1a4456d1cc71a26a,author_default,37,1,101,pending_no_gpu_admission,,,,2940,2026-10-10T09:00:00-06:00
1a4456d1cc71a26a,author_default,37,1,211,pending_no_gpu_admission,,,,2940,2026-10-10T09:00:00-06:00
1a4456d1cc71a26a,author_default,37,1,307,pending_no_gpu_admission,,,,2940,2026-10-10T09:00:00-06:00
1a4456d1cc71a26a,author_default,37,4,101,pending_no_gpu_admission,,,,2940,2026-10-10T09:00:00-06:00
1a4456d1cc71a26a,author_default,37,4,211,pending_no_gpu_admission,,,,2940,2026-10-10T09:00:00-06:00
1a4456d1cc71a26a,author_default,37,4,307,pending_no_gpu_admission,,,,2940,2026-10-10T09:00:00-06:00
1a4456d1cc71a26a,author_default,53,1,101,pending_no_gpu_admission,,,,2950,2026-10-10T09:10:00-06:00
1a4456d1cc71a26a,author_default,53,1,211,pending_no_gpu_admission,,,,2950,2026-10-10T09:10:00-06:00
1a4456d1cc71a26a,author_default,53,1,307,pending_no_gpu_admission,,,,2950,2026-10-10T09:10:00-06:00
1a4456d1cc71a26a,author_default,53,4,101,pending_no_gpu_admission,,,,2950,2026-10-10T09:10:00-06:00
1a4456d1cc71a26a,author_default,53,4,211,pending_no_gpu_admission,,,,2950,2026-10-10T09:10:00-06:00
1a4456d1cc71a26a,author_default,53,4,307,pending_no_gpu_admission,,,,2950,2026-10-10T09:10:00-06:00
1a4456d1cc71a26a,author_default,71,1,101,pending_no_gpu_admission,,,,2960,2026-10-10T09:20:00-06:00
1a4456d1cc71a26a,author_default,71,1,211,pending_no_gpu_admission,,,,2960,2026-10-10T09:20:00-06:00
1a4456d1cc71a26a,author_default,71,1,307,pending_no_gpu_admission,,,,2960,2026-10-10T09:20:00-06:00
1a4456d1cc71a26a,author_default,71,4,101,pending_no_gpu_admission,,,,2960,2026-10-10T09:20:00-06:00
1a4456d1cc71a26a,author_default,71,4,211,pending_no_gpu_admission,,,,2960,2026-10-10T09:20:00-06:00
1a4456d1cc71a26a,author_default,71,4,307,pending_no_gpu_admission,,,,2960,2026-10-10T09:20:00-06:00
1a4456d1cc71a26a,native_selected,11,1,101,pending_no_gpu_admission,,,,2910,2026-10-10T08:30:00-06:00
1a4456d1cc71a26a,native_selected,11,1,211,pending_no_gpu_admission,,,,2910,2026-10-10T08:30:00-06:00
1a4456d1cc71a26a,native_selected,11,1,307,pending_no_gpu_admission,,,,2910,2026-10-10T08:30:00-06:00
1a4456d1cc71a26a,native_selected,11,4,101,pending_no_gpu_admission,,,,2910,2026-10-10T08:30:00-06:00
1a4456d1cc71a26a,native_selected,11,4,211,pending_no_gpu_admission,,,,2910,2026-10-10T08:30:00-06:00
1a4456d1cc71a26a,native_selected,11,4,307,pending_no_gpu_admission,,,,2910,2026-10-10T08:30:00-06:00
1a4456d1cc71a26a,native_selected,23,1,101,pending_no_gpu_admission,,,,2970,2026-10-10T09:30:00-06:00
1a4456d1cc71a26a,native_selected,23,1,211,pending_no_gpu_admission,,,,2970,2026-10-10T09:30:00-06:00
1a4456d1cc71a26a,native_selected,23,1,307,pending_no_gpu_admission,,,,2970,2026-10-10T09:30:00-06:00
1a4456d1cc71a26a,native_selected,23,4,101,pending_no_gpu_admission,,,,2970,2026-10-10T09:30:00-06:00
1a4456d1cc71a26a,native_selected,23,4,211,pending_no_gpu_admission,,,,2970,2026-10-10T09:30:00-06:00
1a4456d1cc71a26a,native_selected,23,4,307,pending_no_gpu_admission,,,,2970,2026-10-10T09:30:00-06:00
1a4456d1cc71a26a,native_selected,37,1,101,pending_no_gpu_admission,,,,2980,2026-10-10T09:40:00-06:00
1a4456d1cc71a26a,native_selected,37,1,211,pending_no_gpu_admission,,,,2980,2026-10-10T09:40:00-06:00
1a4456d1cc71a26a,native_selected,37,1,307,pending_no_gpu_admission,,,,2980,2026-10-10T09:40:00-06:00
1a4456d1cc71a26a,native_selected,37,4,101,pending_no_gpu_admission,,,,2980,2026-10-10T09:40:00-06:00
1a4456d1cc71a26a,native_selected,37,4,211,pending_no_gpu_admission,,,,2980,2026-10-10T09:40:00-06:00
1a4456d1cc71a26a,native_selected,37,4,307,pending_no_gpu_admission,,,,2980,2026-10-10T09:40:00-06:00
1a4456d1cc71a26a,native_selected,53,1,101,pending_no_gpu_admission,,,,2990,2026-10-10T09:50:00-06:00
1a4456d1cc71a26a,native_selected,53,1,211,pending_no_gpu_admission,,,,2990,2026-10-10T09:50:00-06:00
1a4456d1cc71a26a,native_selected,53,1,307,pending_no_gpu_admission,,,,2990,2026-10-10T09:50:00-06:00
1a4456d1cc71a26a,native_selected,53,4,101,pending_no_gpu_admission,,,,2990,2026-10-10T09:50:00-06:00
1a4456d1cc71a26a,native_selected,53,4,211,pending_no_gpu_admission,,,,2990,2026-10-10T09:50:00-06:00
1a4456d1cc71a26a,native_selected,53,4,307,pending_no_gpu_admission,,,,2990,2026-10-10T09:50:00-06:00
1a4456d1cc71a26a,native_selected,71,1,101,pending_no_gpu_admission,,,,3000,2026-10-10T10:00:00-06:00
1a4456d1cc71a26a,native_selected,71,1,211,pending_no_gpu_admission,,,,3000,2026-10-10T10:00:00-06:00
1a4456d1cc71a26a,native_selected,71,1,307,pending_no_gpu_admission,,,,3000,2026-10-10T10:00:00-06:00
1a4456d1cc71a26a,native_selected,71,4,101,pending_no_gpu_admission,,,,3000,2026-10-10T10:00:00-06:00
1a4456d1cc71a26a,native_selected,71,4,211,pending_no_gpu_admission,,,,3000,2026-10-10T10:00:00-06:00
1a4456d1cc71a26a,native_selected,71,4,307,pending_no_gpu_admission,,,,3000,2026-10-10T10:00:00-06:00
1a803b27c2400dc4,author_default,11,1,101,pending_no_gpu_admission,,,,3090,2026-10-10T11:30:00-06:00
1a803b27c2400dc4,author_default,11,1,211,pending_no_gpu_admission,,,,3090,2026-10-10T11:30:00-06:00
1a803b27c2400dc4,author_default,11,1,307,pending_no_gpu_admission,,,,3090,2026-10-10T11:30:00-06:00
1a803b27c2400dc4,author_default,11,4,101,pending_no_gpu_admission,,,,3090,2026-10-10T11:30:00-06:00
1a803b27c2400dc4,author_default,11,4,211,pending_no_gpu_admission,,,,3090,2026-10-10T11:30:00-06:00
1a803b27c2400dc4,author_default,11,4,307,pending_no_gpu_admission,,,,3090,2026-10-10T11:30:00-06:00
1a803b27c2400dc4,author_default,23,1,101,pending_no_gpu_admission,,,,3100,2026-10-10T11:40:00-06:00
1a803b27c2400dc4,author_default,23,1,211,pending_no_gpu_admission,,,,3100,2026-10-10T11:40:00-06:00
1a803b27c2400dc4,author_default,23,1,307,pending_no_gpu_admission,,,,3100,2026-10-10T11:40:00-06:00
1a803b27c2400dc4,author_default,23,4,101,pending_no_gpu_admission,,,,3100,2026-10-10T11:40:00-06:00
1a803b27c2400dc4,author_default,23,4,211,pending_no_gpu_admission,,,,3100,2026-10-10T11:40:00-06:00
1a803b27c2400dc4,author_default,23,4,307,pending_no_gpu_admission,,,,3100,2026-10-10T11:40:00-06:00
1a803b27c2400dc4,author_default,37,1,101,pending_no_gpu_admission,,,,3110,2026-10-10T11:50:00-06:00
1a803b27c2400dc4,author_default,37,1,211,pending_no_gpu_admission,,,,3110,2026-10-10T11:50:00-06:00
1a803b27c2400dc4,author_default,37,1,307,pending_no_gpu_admission,,,,3110,2026-10-10T11:50:00-06:00
1a803b27c2400dc4,author_default,37,4,101,pending_no_gpu_admission,,,,3110,2026-10-10T11:50:00-06:00
1a803b27c2400dc4,author_default,37,4,211,pending_no_gpu_admission,,,,3110,2026-10-10T11:50:00-06:00
1a803b27c2400dc4,author_default,37,4,307,pending_no_gpu_admission,,,,3110,2026-10-10T11:50:00-06:00
1a803b27c2400dc4,author_default,53,1,101,pending_no_gpu_admission,,,,3120,2026-10-10T12:00:00-06:00
1a803b27c2400dc4,author_default,53,1,211,pending_no_gpu_admission,,,,3120,2026-10-10T12:00:00-06:00
1a803b27c2400dc4,author_default,53,1,307,pending_no_gpu_admission,,,,3120,2026-10-10T12:00:00-06:00
1a803b27c2400dc4,author_default,53,4,101,pending_no_gpu_admission,,,,3120,2026-10-10T12:00:00-06:00
1a803b27c2400dc4,author_default,53,4,211,pending_no_gpu_admission,,,,3120,2026-10-10T12:00:00-06:00
1a803b27c2400dc4,author_default,53,4,307,pending_no_gpu_admission,,,,3120,2026-10-10T12:00:00-06:00
1a803b27c2400dc4,author_default,71,1,101,pending_no_gpu_admission,,,,3130,2026-10-10T12:10:00-06:00
1a803b27c2400dc4,author_default,71,1,211,pending_no_gpu_admission,,,,3130,2026-10-10T12:10:00-06:00
1a803b27c2400dc4,author_default,71,1,307,pending_no_gpu_admission,,,,3130,2026-10-10T12:10:00-06:00
1a803b27c2400dc4,author_default,71,4,101,pending_no_gpu_admission,,,,3130,2026-10-10T12:10:00-06:00
1a803b27c2400dc4,author_default,71,4,211,pending_no_gpu_admission,,,,3130,2026-10-10T12:10:00-06:00
1a803b27c2400dc4,author_default,71,4,307,pending_no_gpu_admission,,,,3130,2026-10-10T12:10:00-06:00
1a803b27c2400dc4,native_selected,11,1,101,pending_no_gpu_admission,,,,3080,2026-10-10T11:20:00-06:00
1a803b27c2400dc4,native_selected,11,1,211,pending_no_gpu_admission,,,,3080,2026-10-10T11:20:00-06:00
1a803b27c2400dc4,native_selected,11,1,307,pending_no_gpu_admission,,,,3080,2026-10-10T11:20:00-06:00
1a803b27c2400dc4,native_selected,11,4,101,pending_no_gpu_admission,,,,3080,2026-10-10T11:20:00-06:00
1a803b27c2400dc4,native_selected,11,4,211,pending_no_gpu_admission,,,,3080,2026-10-10T11:20:00-06:00
1a803b27c2400dc4,native_selected,11,4,307,pending_no_gpu_admission,,,,3080,2026-10-10T11:20:00-06:00
1a803b27c2400dc4,native_selected,23,1,101,pending_no_gpu_admission,,,,3140,2026-10-10T12:20:00-06:00
1a803b27c2400dc4,native_selected,23,1,211,pending_no_gpu_admission,,,,3140,2026-10-10T12:20:00-06:00
1a803b27c2400dc4,native_selected,23,1,307,pending_no_gpu_admission,,,,3140,2026-10-10T12:20:00-06:00
1a803b27c2400dc4,native_selected,23,4,101,pending_no_gpu_admission,,,,3140,2026-10-10T12:20:00-06:00
1a803b27c2400dc4,native_selected,23,4,211,pending_no_gpu_admission,,,,3140,2026-10-10T12:20:00-06:00
1a803b27c2400dc4,native_selected,23,4,307,pending_no_gpu_admission,,,,3140,2026-10-10T12:20:00-06:00
1a803b27c2400dc4,native_selected,37,1,101,pending_no_gpu_admission,,,,3150,2026-10-10T12:30:00-06:00
1a803b27c2400dc4,native_selected,37,1,211,pending_no_gpu_admission,,,,3150,2026-10-10T12:30:00-06:00
1a803b27c2400dc4,native_selected,37,1,307,pending_no_gpu_admission,,,,3150,2026-10-10T12:30:00-06:00
1a803b27c2400dc4,native_selected,37,4,101,pending_no_gpu_admission,,,,3150,2026-10-10T12:30:00-06:00
1a803b27c2400dc4,native_selected,37,4,211,pending_no_gpu_admission,,,,3150,2026-10-10T12:30:00-06:00
1a803b27c2400dc4,native_selected,37,4,307,pending_no_gpu_admission,,,,3150,2026-10-10T12:30:00-06:00
1a803b27c2400dc4,native_selected,53,1,101,pending_no_gpu_admission,,,,3160,2026-10-10T12:40:00-06:00
1a803b27c2400dc4,native_selected,53,1,211,pending_no_gpu_admission,,,,3160,2026-10-10T12:40:00-06:00
1a803b27c2400dc4,native_selected,53,1,307,pending_no_gpu_admission,,,,3160,2026-10-10T12:40:00-06:00
1a803b27c2400dc4,native_selected,53,4,101,pending_no_gpu_admission,,,,3160,2026-10-10T12:40:00-06:00
1a803b27c2400dc4,native_selected,53,4,211,pending_no_gpu_admission,,,,3160,2026-10-10T12:40:00-06:00
1a803b27c2400dc4,native_selected,53,4,307,pending_no_gpu_admission,,,,3160,2026-10-10T12:40:00-06:00
1a803b27c2400dc4,native_selected,71,1,101,pending_no_gpu_admission,,,,3170,2026-10-10T12:50:00-06:00
1a803b27c2400dc4,native_selected,71,1,211,pending_no_gpu_admission,,,,3170,2026-10-10T12:50:00-06:00
1a803b27c2400dc4,native_selected,71,1,307,pending_no_gpu_admission,,,,3170,2026-10-10T12:50:00-06:00
1a803b27c2400dc4,native_selected,71,4,101,pending_no_gpu_admission,,,,3170,2026-10-10T12:50:00-06:00
1a803b27c2400dc4,native_selected,71,4,211,pending_no_gpu_admission,,,,3170,2026-10-10T12:50:00-06:00
1a803b27c2400dc4,native_selected,71,4,307,pending_no_gpu_admission,,,,3170,2026-10-10T12:50:00-06:00
1cb97b1d7314d43d,author_default,11,1,101,pending_no_gpu_admission,,,,3260,2026-10-10T14:20:00-06:00
1cb97b1d7314d43d,author_default,11,1,211,pending_no_gpu_admission,,,,3260,2026-10-10T14:20:00-06:00
1cb97b1d7314d43d,author_default,11,1,307,pending_no_gpu_admission,,,,3260,2026-10-10T14:20:00-06:00
1cb97b1d7314d43d,author_default,11,4,101,pending_no_gpu_admission,,,,3260,2026-10-10T14:20:00-06:00
1cb97b1d7314d43d,author_default,11,4,211,pending_no_gpu_admission,,,,3260,2026-10-10T14:20:00-06:00
1cb97b1d7314d43d,author_default,11,4,307,pending_no_gpu_admission,,,,3260,2026-10-10T14:20:00-06:00
1cb97b1d7314d43d,author_default,23,1,101,pending_no_gpu_admission,,,,3270,2026-10-10T14:30:00-06:00
1cb97b1d7314d43d,author_default,23,1,211,pending_no_gpu_admission,,,,3270,2026-10-10T14:30:00-06:00
1cb97b1d7314d43d,author_default,23,1,307,pending_no_gpu_admission,,,,3270,2026-10-10T14:30:00-06:00
1cb97b1d7314d43d,author_default,23,4,101,pending_no_gpu_admission,,,,3270,2026-10-10T14:30:00-06:00
1cb97b1d7314d43d,author_default,23,4,211,pending_no_gpu_admission,,,,3270,2026-10-10T14:30:00-06:00
1cb97b1d7314d43d,author_default,23,4,307,pending_no_gpu_admission,,,,3270,2026-10-10T14:30:00-06:00
1cb97b1d7314d43d,author_default,37,1,101,pending_no_gpu_admission,,,,3280,2026-10-10T14:40:00-06:00
1cb97b1d7314d43d,author_default,37,1,211,pending_no_gpu_admission,,,,3280,2026-10-10T14:40:00-06:00
1cb97b1d7314d43d,author_default,37,1,307,pending_no_gpu_admission,,,,3280,2026-10-10T14:40:00-06:00
1cb97b1d7314d43d,author_default,37,4,101,pending_no_gpu_admission,,,,3280,2026-10-10T14:40:00-06:00
1cb97b1d7314d43d,author_default,37,4,211,pending_no_gpu_admission,,,,3280,2026-10-10T14:40:00-06:00
1cb97b1d7314d43d,author_default,37,4,307,pending_no_gpu_admission,,,,3280,2026-10-10T14:40:00-06:00
1cb97b1d7314d43d,author_default,53,1,101,pending_no_gpu_admission,,,,3290,2026-10-10T14:50:00-06:00
1cb97b1d7314d43d,author_default,53,1,211,pending_no_gpu_admission,,,,3290,2026-10-10T14:50:00-06:00
1cb97b1d7314d43d,author_default,53,1,307,pending_no_gpu_admission,,,,3290,2026-10-10T14:50:00-06:00
1cb97b1d7314d43d,author_default,53,4,101,pending_no_gpu_admission,,,,3290,2026-10-10T14:50:00-06:00
1cb97b1d7314d43d,author_default,53,4,211,pending_no_gpu_admission,,,,3290,2026-10-10T14:50:00-06:00
1cb97b1d7314d43d,author_default,53,4,307,pending_no_gpu_admission,,,,3290,2026-10-10T14:50:00-06:00
1cb97b1d7314d43d,author_default,71,1,101,pending_no_gpu_admission,,,,3300,2026-10-10T15:00:00-06:00
1cb97b1d7314d43d,author_default,71,1,211,pending_no_gpu_admission,,,,3300,2026-10-10T15:00:00-06:00
1cb97b1d7314d43d,author_default,71,1,307,pending_no_gpu_admission,,,,3300,2026-10-10T15:00:00-06:00
1cb97b1d7314d43d,author_default,71,4,101,pending_no_gpu_admission,,,,3300,2026-10-10T15:00:00-06:00
1cb97b1d7314d43d,author_default,71,4,211,pending_no_gpu_admission,,,,3300,2026-10-10T15:00:00-06:00
1cb97b1d7314d43d,author_default,71,4,307,pending_no_gpu_admission,,,,3300,2026-10-10T15:00:00-06:00
1cb97b1d7314d43d,native_selected,11,1,101,pending_no_gpu_admission,,,,3250,2026-10-10T14:10:00-06:00
1cb97b1d7314d43d,native_selected,11,1,211,pending_no_gpu_admission,,,,3250,2026-10-10T14:10:00-06:00
1cb97b1d7314d43d,native_selected,11,1,307,pending_no_gpu_admission,,,,3250,2026-10-10T14:10:00-06:00
1cb97b1d7314d43d,native_selected,11,4,101,pending_no_gpu_admission,,,,3250,2026-10-10T14:10:00-06:00
1cb97b1d7314d43d,native_selected,11,4,211,pending_no_gpu_admission,,,,3250,2026-10-10T14:10:00-06:00
1cb97b1d7314d43d,native_selected,11,4,307,pending_no_gpu_admission,,,,3250,2026-10-10T14:10:00-06:00
1cb97b1d7314d43d,native_selected,23,1,101,pending_no_gpu_admission,,,,3310,2026-10-10T15:10:00-06:00
1cb97b1d7314d43d,native_selected,23,1,211,pending_no_gpu_admission,,,,3310,2026-10-10T15:10:00-06:00
1cb97b1d7314d43d,native_selected,23,1,307,pending_no_gpu_admission,,,,3310,2026-10-10T15:10:00-06:00
1cb97b1d7314d43d,native_selected,23,4,101,pending_no_gpu_admission,,,,3310,2026-10-10T15:10:00-06:00
1cb97b1d7314d43d,native_selected,23,4,211,pending_no_gpu_admission,,,,3310,2026-10-10T15:10:00-06:00
1cb97b1d7314d43d,native_selected,23,4,307,pending_no_gpu_admission,,,,3310,2026-10-10T15:10:00-06:00
1cb97b1d7314d43d,native_selected,37,1,101,pending_no_gpu_admission,,,,3320,2026-10-10T15:20:00-06:00
1cb97b1d7314d43d,native_selected,37,1,211,pending_no_gpu_admission,,,,3320,2026-10-10T15:20:00-06:00
1cb97b1d7314d43d,native_selected,37,1,307,pending_no_gpu_admission,,,,3320,2026-10-10T15:20:00-06:00
1cb97b1d7314d43d,native_selected,37,4,101,pending_no_gpu_admission,,,,3320,2026-10-10T15:20:00-06:00
1cb97b1d7314d43d,native_selected,37,4,211,pending_no_gpu_admission,,,,3320,2026-10-10T15:20:00-06:00
1cb97b1d7314d43d,native_selected,37,4,307,pending_no_gpu_admission,,,,3320,2026-10-10T15:20:00-06:00
1cb97b1d7314d43d,native_selected,53,1,101,pending_no_gpu_admission,,,,3330,2026-10-10T15:30:00-06:00
1cb97b1d7314d43d,native_selected,53,1,211,pending_no_gpu_admission,,,,3330,2026-10-10T15:30:00-06:00
1cb97b1d7314d43d,native_selected,53,1,307,pending_no_gpu_admission,,,,3330,2026-10-10T15:30:00-06:00
1cb97b1d7314d43d,native_selected,53,4,101,pending_no_gpu_admission,,,,3330,2026-10-10T15:30:00-06:00
1cb97b1d7314d43d,native_selected,53,4,211,pending_no_gpu_admission,,,,3330,2026-10-10T15:30:00-06:00
1cb97b1d7314d43d,native_selected,53,4,307,pending_no_gpu_admission,,,,3330,2026-10-10T15:30:00-06:00
1cb97b1d7314d43d,native_selected,71,1,101,pending_no_gpu_admission,,,,3340,2026-10-10T15:40:00-06:00
1cb97b1d7314d43d,native_selected,71,1,211,pending_no_gpu_admission,,,,3340,2026-10-10T15:40:00-06:00
1cb97b1d7314d43d,native_selected,71,1,307,pending_no_gpu_admission,,,,3340,2026-10-10T15:40:00-06:00
1cb97b1d7314d43d,native_selected,71,4,101,pending_no_gpu_admission,,,,3340,2026-10-10T15:40:00-06:00
1cb97b1d7314d43d,native_selected,71,4,211,pending_no_gpu_admission,,,,3340,2026-10-10T15:40:00-06:00
1cb97b1d7314d43d,native_selected,71,4,307,pending_no_gpu_admission,,,,3340,2026-10-10T15:40:00-06:00
205f4b4982b9ea49,author_default,11,1,101,pending_no_gpu_admission,,,,3430,2026-10-10T17:10:00-06:00
205f4b4982b9ea49,author_default,11,1,211,pending_no_gpu_admission,,,,3430,2026-10-10T17:10:00-06:00
205f4b4982b9ea49,author_default,11,1,307,pending_no_gpu_admission,,,,3430,2026-10-10T17:10:00-06:00
205f4b4982b9ea49,author_default,11,4,101,pending_no_gpu_admission,,,,3430,2026-10-10T17:10:00-06:00
205f4b4982b9ea49,author_default,11,4,211,pending_no_gpu_admission,,,,3430,2026-10-10T17:10:00-06:00
205f4b4982b9ea49,author_default,11,4,307,pending_no_gpu_admission,,,,3430,2026-10-10T17:10:00-06:00
205f4b4982b9ea49,author_default,23,1,101,pending_no_gpu_admission,,,,3440,2026-10-10T17:20:00-06:00
205f4b4982b9ea49,author_default,23,1,211,pending_no_gpu_admission,,,,3440,2026-10-10T17:20:00-06:00
205f4b4982b9ea49,author_default,23,1,307,pending_no_gpu_admission,,,,3440,2026-10-10T17:20:00-06:00
205f4b4982b9ea49,author_default,23,4,101,pending_no_gpu_admission,,,,3440,2026-10-10T17:20:00-06:00
205f4b4982b9ea49,author_default,23,4,211,pending_no_gpu_admission,,,,3440,2026-10-10T17:20:00-06:00
205f4b4982b9ea49,author_default,23,4,307,pending_no_gpu_admission,,,,3440,2026-10-10T17:20:00-06:00
205f4b4982b9ea49,author_default,37,1,101,pending_no_gpu_admission,,,,3450,2026-10-10T17:30:00-06:00
205f4b4982b9ea49,author_default,37,1,211,pending_no_gpu_admission,,,,3450,2026-10-10T17:30:00-06:00
205f4b4982b9ea49,author_default,37,1,307,pending_no_gpu_admission,,,,3450,2026-10-10T17:30:00-06:00
205f4b4982b9ea49,author_default,37,4,101,pending_no_gpu_admission,,,,3450,2026-10-10T17:30:00-06:00
205f4b4982b9ea49,author_default,37,4,211,pending_no_gpu_admission,,,,3450,2026-10-10T17:30:00-06:00
205f4b4982b9ea49,author_default,37,4,307,pending_no_gpu_admission,,,,3450,2026-10-10T17:30:00-06:00
205f4b4982b9ea49,author_default,53,1,101,pending_no_gpu_admission,,,,3460,2026-10-10T17:40:00-06:00
205f4b4982b9ea49,author_default,53,1,211,pending_no_gpu_admission,,,,3460,2026-10-10T17:40:00-06:00
205f4b4982b9ea49,author_default,53,1,307,pending_no_gpu_admission,,,,3460,2026-10-10T17:40:00-06:00
205f4b4982b9ea49,author_default,53,4,101,pending_no_gpu_admission,,,,3460,2026-10-10T17:40:00-06:00
205f4b4982b9ea49,author_default,53,4,211,pending_no_gpu_admission,,,,3460,2026-10-10T17:40:00-06:00
205f4b4982b9ea49,author_default,53,4,307,pending_no_gpu_admission,,,,3460,2026-10-10T17:40:00-06:00
205f4b4982b9ea49,author_default,71,1,101,pending_no_gpu_admission,,,,3470,2026-10-10T17:50:00-06:00
205f4b4982b9ea49,author_default,71,1,211,pending_no_gpu_admission,,,,3470,2026-10-10T17:50:00-06:00
205f4b4982b9ea49,author_default,71,1,307,pending_no_gpu_admission,,,,3470,2026-10-10T17:50:00-06:00
205f4b4982b9ea49,author_default,71,4,101,pending_no_gpu_admission,,,,3470,2026-10-10T17:50:00-06:00
205f4b4982b9ea49,author_default,71,4,211,pending_no_gpu_admission,,,,3470,2026-10-10T17:50:00-06:00
205f4b4982b9ea49,author_default,71,4,307,pending_no_gpu_admission,,,,3470,2026-10-10T17:50:00-06:00
205f4b4982b9ea49,native_selected,11,1,101,pending_no_gpu_admission,,,,3420,2026-10-10T17:00:00-06:00
205f4b4982b9ea49,native_selected,11,1,211,pending_no_gpu_admission,,,,3420,2026-10-10T17:00:00-06:00
205f4b4982b9ea49,native_selected,11,1,307,pending_no_gpu_admission,,,,3420,2026-10-10T17:00:00-06:00
205f4b4982b9ea49,native_selected,11,4,101,pending_no_gpu_admission,,,,3420,2026-10-10T17:00:00-06:00
205f4b4982b9ea49,native_selected,11,4,211,pending_no_gpu_admission,,,,3420,2026-10-10T17:00:00-06:00
205f4b4982b9ea49,native_selected,11,4,307,pending_no_gpu_admission,,,,3420,2026-10-10T17:00:00-06:00
205f4b4982b9ea49,native_selected,23,1,101,pending_no_gpu_admission,,,,3480,2026-10-10T18:00:00-06:00
205f4b4982b9ea49,native_selected,23,1,211,pending_no_gpu_admission,,,,3480,2026-10-10T18:00:00-06:00
205f4b4982b9ea49,native_selected,23,1,307,pending_no_gpu_admission,,,,3480,2026-10-10T18:00:00-06:00
205f4b4982b9ea49,native_selected,23,4,101,pending_no_gpu_admission,,,,3480,2026-10-10T18:00:00-06:00
205f4b4982b9ea49,native_selected,23,4,211,pending_no_gpu_admission,,,,3480,2026-10-10T18:00:00-06:00
205f4b4982b9ea49,native_selected,23,4,307,pending_no_gpu_admission,,,,3480,2026-10-10T18:00:00-06:00
205f4b4982b9ea49,native_selected,37,1,101,pending_no_gpu_admission,,,,3490,2026-10-10T18:10:00-06:00
205f4b4982b9ea49,native_selected,37,1,211,pending_no_gpu_admission,,,,3490,2026-10-10T18:10:00-06:00
205f4b4982b9ea49,native_selected,37,1,307,pending_no_gpu_admission,,,,3490,2026-10-10T18:10:00-06:00
205f4b4982b9ea49,native_selected,37,4,101,pending_no_gpu_admission,,,,3490,2026-10-10T18:10:00-06:00
205f4b4982b9ea49,native_selected,37,4,211,pending_no_gpu_admission,,,,3490,2026-10-10T18:10:00-06:00
205f4b4982b9ea49,native_selected,37,4,307,pending_no_gpu_admission,,,,3490,2026-10-10T18:10:00-06:00
205f4b4982b9ea49,native_selected,53,1,101,pending_no_gpu_admission,,,,3500,2026-10-10T18:20:00-06:00
205f4b4982b9ea49,native_selected,53,1,211,pending_no_gpu_admission,,,,3500,2026-10-10T18:20:00-06:00
205f4b4982b9ea49,native_selected,53,1,307,pending_no_gpu_admission,,,,3500,2026-10-10T18:20:00-06:00
205f4b4982b9ea49,native_selected,53,4,101,pending_no_gpu_admission,,,,3500,2026-10-10T18:20:00-06:00
205f4b4982b9ea49,native_selected,53,4,211,pending_no_gpu_admission,,,,3500,2026-10-10T18:20:00-06:00
205f4b4982b9ea49,native_selected,53,4,307,pending_no_gpu_admission,,,,3500,2026-10-10T18:20:00-06:00
205f4b4982b9ea49,native_selected,71,1,101,pending_no_gpu_admission,,,,3510,2026-10-10T18:30:00-06:00
205f4b4982b9ea49,native_selected,71,1,211,pending_no_gpu_admission,,,,3510,2026-10-10T18:30:00-06:00
205f4b4982b9ea49,native_selected,71,1,307,pending_no_gpu_admission,,,,3510,2026-10-10T18:30:00-06:00
205f4b4982b9ea49,native_selected,71,4,101,pending_no_gpu_admission,,,,3510,2026-10-10T18:30:00-06:00
205f4b4982b9ea49,native_selected,71,4,211,pending_no_gpu_admission,,,,3510,2026-10-10T18:30:00-06:00
205f4b4982b9ea49,native_selected,71,4,307,pending_no_gpu_admission,,,,3510,2026-10-10T18:30:00-06:00
26eff843be35d831,author_default,11,1,101,pending_no_gpu_admission,,,,3600,2026-10-10T20:00:00-06:00
26eff843be35d831,author_default,11,1,211,pending_no_gpu_admission,,,,3600,2026-10-10T20:00:00-06:00
26eff843be35d831,author_default,11,1,307,pending_no_gpu_admission,,,,3600,2026-10-10T20:00:00-06:00
26eff843be35d831,author_default,11,4,101,pending_no_gpu_admission,,,,3600,2026-10-10T20:00:00-06:00
26eff843be35d831,author_default,11,4,211,pending_no_gpu_admission,,,,3600,2026-10-10T20:00:00-06:00
26eff843be35d831,author_default,11,4,307,pending_no_gpu_admission,,,,3600,2026-10-10T20:00:00-06:00
26eff843be35d831,author_default,23,1,101,pending_no_gpu_admission,,,,3610,2026-10-10T20:10:00-06:00
26eff843be35d831,author_default,23,1,211,pending_no_gpu_admission,,,,3610,2026-10-10T20:10:00-06:00
26eff843be35d831,author_default,23,1,307,pending_no_gpu_admission,,,,3610,2026-10-10T20:10:00-06:00
26eff843be35d831,author_default,23,4,101,pending_no_gpu_admission,,,,3610,2026-10-10T20:10:00-06:00
26eff843be35d831,author_default,23,4,211,pending_no_gpu_admission,,,,3610,2026-10-10T20:10:00-06:00
26eff843be35d831,author_default,23,4,307,pending_no_gpu_admission,,,,3610,2026-10-10T20:10:00-06:00
26eff843be35d831,author_default,37,1,101,pending_no_gpu_admission,,,,3620,2026-10-10T20:20:00-06:00
26eff843be35d831,author_default,37,1,211,pending_no_gpu_admission,,,,3620,2026-10-10T20:20:00-06:00
26eff843be35d831,author_default,37,1,307,pending_no_gpu_admission,,,,3620,2026-10-10T20:20:00-06:00
26eff843be35d831,author_default,37,4,101,pending_no_gpu_admission,,,,3620,2026-10-10T20:20:00-06:00
26eff843be35d831,author_default,37,4,211,pending_no_gpu_admission,,,,3620,2026-10-10T20:20:00-06:00
26eff843be35d831,author_default,37,4,307,pending_no_gpu_admission,,,,3620,2026-10-10T20:20:00-06:00
26eff843be35d831,author_default,53,1,101,pending_no_gpu_admission,,,,3630,2026-10-10T20:30:00-06:00
26eff843be35d831,author_default,53,1,211,pending_no_gpu_admission,,,,3630,2026-10-10T20:30:00-06:00
26eff843be35d831,author_default,53,1,307,pending_no_gpu_admission,,,,3630,2026-10-10T20:30:00-06:00
26eff843be35d831,author_default,53,4,101,pending_no_gpu_admission,,,,3630,2026-10-10T20:30:00-06:00
26eff843be35d831,author_default,53,4,211,pending_no_gpu_admission,,,,3630,2026-10-10T20:30:00-06:00
26eff843be35d831,author_default,53,4,307,pending_no_gpu_admission,,,,3630,2026-10-10T20:30:00-06:00
26eff843be35d831,author_default,71,1,101,pending_no_gpu_admission,,,,3640,2026-10-10T20:40:00-06:00
26eff843be35d831,author_default,71,1,211,pending_no_gpu_admission,,,,3640,2026-10-10T20:40:00-06:00
26eff843be35d831,author_default,71,1,307,pending_no_gpu_admission,,,,3640,2026-10-10T20:40:00-06:00
26eff843be35d831,author_default,71,4,101,pending_no_gpu_admission,,,,3640,2026-10-10T20:40:00-06:00
26eff843be35d831,author_default,71,4,211,pending_no_gpu_admission,,,,3640,2026-10-10T20:40:00-06:00
26eff843be35d831,author_default,71,4,307,pending_no_gpu_admission,,,,3640,2026-10-10T20:40:00-06:00
26eff843be35d831,native_selected,11,1,101,measured,research/benchmark/results/tabddpm-twelve-lineage-retained-validation/panel.json,877317666864c712b84feed7170f9dccd3587780ae3b5ebbb6cecf4513adda13,/rows/96,,
26eff843be35d831,native_selected,11,1,211,measured,research/benchmark/results/tabddpm-twelve-lineage-retained-validation/panel.json,877317666864c712b84feed7170f9dccd3587780ae3b5ebbb6cecf4513adda13,/rows/97,,
26eff843be35d831,native_selected,11,1,307,measured,research/benchmark/results/tabddpm-twelve-lineage-retained-validation/panel.json,877317666864c712b84feed7170f9dccd3587780ae3b5ebbb6cecf4513adda13,/rows/98,,
26eff843be35d831,native_selected,11,4,101,measured,research/benchmark/results/tabddpm-twelve-lineage-retained-validation/panel.json,877317666864c712b84feed7170f9dccd3587780ae3b5ebbb6cecf4513adda13,/rows/99,,
26eff843be35d831,native_selected,11,4,211,measured,research/benchmark/results/tabddpm-twelve-lineage-retained-validation/panel.json,877317666864c712b84feed7170f9dccd3587780ae3b5ebbb6cecf4513adda13,/rows/100,,
26eff843be35d831,native_selected,11,4,307,measured,research/benchmark/results/tabddpm-twelve-lineage-retained-validation/panel.json,877317666864c712b84feed7170f9dccd3587780ae3b5ebbb6cecf4513adda13,/rows/101,,
26eff843be35d831,native_selected,23,1,101,pending_no_gpu_admission,,,,3650,2026-10-10T20:50:00-06:00
26eff843be35d831,native_selected,23,1,211,pending_no_gpu_admission,,,,3650,2026-10-10T20:50:00-06:00
26eff843be35d831,native_selected,23,1,307,pending_no_gpu_admission,,,,3650,2026-10-10T20:50:00-06:00
26eff843be35d831,native_selected,23,4,101,pending_no_gpu_admission,,,,3650,2026-10-10T20:50:00-06:00
26eff843be35d831,native_selected,23,4,211,pending_no_gpu_admission,,,,3650,2026-10-10T20:50:00-06:00
26eff843be35d831,native_selected,23,4,307,pending_no_gpu_admission,,,,3650,2026-10-10T20:50:00-06:00
26eff843be35d831,native_selected,37,1,101,pending_no_gpu_admission,,,,3660,2026-10-10T21:00:00-06:00
26eff843be35d831,native_selected,37,1,211,pending_no_gpu_admission,,,,3660,2026-10-10T21:00:00-06:00
26eff843be35d831,native_selected,37,1,307,pending_no_gpu_admission,,,,3660,2026-10-10T21:00:00-06:00
26eff843be35d831,native_selected,37,4,101,pending_no_gpu_admission,,,,3660,2026-10-10T21:00:00-06:00
26eff843be35d831,native_selected,37,4,211,pending_no_gpu_admission,,,,3660,2026-10-10T21:00:00-06:00
26eff843be35d831,native_selected,37,4,307,pending_no_gpu_admission,,,,3660,2026-10-10T21:00:00-06:00
26eff843be35d831,native_selected,53,1,101,pending_no_gpu_admission,,,,3670,2026-10-10T21:10:00-06:00
26eff843be35d831,native_selected,53,1,211,pending_no_gpu_admission,,,,3670,2026-10-10T21:10:00-06:00
26eff843be35d831,native_selected,53,1,307,pending_no_gpu_admission,,,,3670,2026-10-10T21:10:00-06:00
26eff843be35d831,native_selected,53,4,101,pending_no_gpu_admission,,,,3670,2026-10-10T21:10:00-06:00
26eff843be35d831,native_selected,53,4,211,pending_no_gpu_admission,,,,3670,2026-10-10T21:10:00-06:00
26eff843be35d831,native_selected,53,4,307,pending_no_gpu_admission,,,,3670,2026-10-10T21:10:00-06:00
26eff843be35d831,native_selected,71,1,101,pending_no_gpu_admission,,,,3680,2026-10-10T21:20:00-06:00
26eff843be35d831,native_selected,71,1,211,pending_no_gpu_admission,,,,3680,2026-10-10T21:20:00-06:00
26eff843be35d831,native_selected,71,1,307,pending_no_gpu_admission,,,,3680,2026-10-10T21:20:00-06:00
26eff843be35d831,native_selected,71,4,101,pending_no_gpu_admission,,,,3680,2026-10-10T21:20:00-06:00
26eff843be35d831,native_selected,71,4,211,pending_no_gpu_admission,,,,3680,2026-10-10T21:20:00-06:00
26eff843be35d831,native_selected,71,4,307,pending_no_gpu_admission,,,,3680,2026-10-10T21:20:00-06:00
282f8ddb43b5e677,author_default,11,1,101,pending_no_gpu_admission,,,,3770,2026-10-10T22:50:00-06:00
282f8ddb43b5e677,author_default,11,1,211,pending_no_gpu_admission,,,,3770,2026-10-10T22:50:00-06:00
282f8ddb43b5e677,author_default,11,1,307,pending_no_gpu_admission,,,,3770,2026-10-10T22:50:00-06:00
282f8ddb43b5e677,author_default,11,4,101,pending_no_gpu_admission,,,,3770,2026-10-10T22:50:00-06:00
282f8ddb43b5e677,author_default,11,4,211,pending_no_gpu_admission,,,,3770,2026-10-10T22:50:00-06:00
282f8ddb43b5e677,author_default,11,4,307,pending_no_gpu_admission,,,,3770,2026-10-10T22:50:00-06:00
282f8ddb43b5e677,author_default,23,1,101,pending_no_gpu_admission,,,,3780,2026-10-10T23:00:00-06:00
282f8ddb43b5e677,author_default,23,1,211,pending_no_gpu_admission,,,,3780,2026-10-10T23:00:00-06:00
282f8ddb43b5e677,author_default,23,1,307,pending_no_gpu_admission,,,,3780,2026-10-10T23:00:00-06:00
282f8ddb43b5e677,author_default,23,4,101,pending_no_gpu_admission,,,,3780,2026-10-10T23:00:00-06:00
282f8ddb43b5e677,author_default,23,4,211,pending_no_gpu_admission,,,,3780,2026-10-10T23:00:00-06:00
282f8ddb43b5e677,author_default,23,4,307,pending_no_gpu_admission,,,,3780,2026-10-10T23:00:00-06:00
282f8ddb43b5e677,author_default,37,1,101,pending_no_gpu_admission,,,,3790,2026-10-10T23:10:00-06:00
282f8ddb43b5e677,author_default,37,1,211,pending_no_gpu_admission,,,,3790,2026-10-10T23:10:00-06:00
282f8ddb43b5e677,author_default,37,1,307,pending_no_gpu_admission,,,,3790,2026-10-10T23:10:00-06:00
282f8ddb43b5e677,author_default,37,4,101,pending_no_gpu_admission,,,,3790,2026-10-10T23:10:00-06:00
282f8ddb43b5e677,author_default,37,4,211,pending_no_gpu_admission,,,,3790,2026-10-10T23:10:00-06:00
282f8ddb43b5e677,author_default,37,4,307,pending_no_gpu_admission,,,,3790,2026-10-10T23:10:00-06:00
282f8ddb43b5e677,author_default,53,1,101,pending_no_gpu_admission,,,,3800,2026-10-10T23:20:00-06:00
282f8ddb43b5e677,author_default,53,1,211,pending_no_gpu_admission,,,,3800,2026-10-10T23:20:00-06:00
282f8ddb43b5e677,author_default,53,1,307,pending_no_gpu_admission,,,,3800,2026-10-10T23:20:00-06:00
282f8ddb43b5e677,author_default,53,4,101,pending_no_gpu_admission,,,,3800,2026-10-10T23:20:00-06:00
282f8ddb43b5e677,author_default,53,4,211,pending_no_gpu_admission,,,,3800,2026-10-10T23:20:00-06:00
282f8ddb43b5e677,author_default,53,4,307,pending_no_gpu_admission,,,,3800,2026-10-10T23:20:00-06:00
282f8ddb43b5e677,author_default,71,1,101,pending_no_gpu_admission,,,,3810,2026-10-10T23:30:00-06:00
282f8ddb43b5e677,author_default,71,1,211,pending_no_gpu_admission,,,,3810,2026-10-10T23:30:00-06:00
282f8ddb43b5e677,author_default,71,1,307,pending_no_gpu_admission,,,,3810,2026-10-10T23:30:00-06:00
282f8ddb43b5e677,author_default,71,4,101,pending_no_gpu_admission,,,,3810,2026-10-10T23:30:00-06:00
282f8ddb43b5e677,author_default,71,4,211,pending_no_gpu_admission,,,,3810,2026-10-10T23:30:00-06:00
282f8ddb43b5e677,author_default,71,4,307,pending_no_gpu_admission,,,,3810,2026-10-10T23:30:00-06:00
282f8ddb43b5e677,native_selected,11,1,101,pending_no_gpu_admission,,,,3760,2026-10-10T22:40:00-06:00
282f8ddb43b5e677,native_selected,11,1,211,pending_no_gpu_admission,,,,3760,2026-10-10T22:40:00-06:00
282f8ddb43b5e677,native_selected,11,1,307,pending_no_gpu_admission,,,,3760,2026-10-10T22:40:00-06:00
282f8ddb43b5e677,native_selected,11,4,101,pending_no_gpu_admission,,,,3760,2026-10-10T22:40:00-06:00
282f8ddb43b5e677,native_selected,11,4,211,pending_no_gpu_admission,,,,3760,2026-10-10T22:40:00-06:00
282f8ddb43b5e677,native_selected,11,4,307,pending_no_gpu_admission,,,,3760,2026-10-10T22:40:00-06:00
282f8ddb43b5e677,native_selected,23,1,101,pending_no_gpu_admission,,,,3820,2026-10-10T23:40:00-06:00
282f8ddb43b5e677,native_selected,23,1,211,pending_no_gpu_admission,,,,3820,2026-10-10T23:40:00-06:00
282f8ddb43b5e677,native_selected,23,1,307,pending_no_gpu_admission,,,,3820,2026-10-10T23:40:00-06:00
282f8ddb43b5e677,native_selected,23,4,101,pending_no_gpu_admission,,,,3820,2026-10-10T23:40:00-06:00
282f8ddb43b5e677,native_selected,23,4,211,pending_no_gpu_admission,,,,3820,2026-10-10T23:40:00-06:00
282f8ddb43b5e677,native_selected,23,4,307,pending_no_gpu_admission,,,,3820,2026-10-10T23:40:00-06:00
282f8ddb43b5e677,native_selected,37,1,101,pending_no_gpu_admission,,,,3830,2026-10-10T23:50:00-06:00
282f8ddb43b5e677,native_selected,37,1,211,pending_no_gpu_admission,,,,3830,2026-10-10T23:50:00-06:00
282f8ddb43b5e677,native_selected,37,1,307,pending_no_gpu_admission,,,,3830,2026-10-10T23:50:00-06:00
282f8ddb43b5e677,native_selected,37,4,101,pending_no_gpu_admission,,,,3830,2026-10-10T23:50:00-06:00
282f8ddb43b5e677,native_selected,37,4,211,pending_no_gpu_admission,,,,3830,2026-10-10T23:50:00-06:00
282f8ddb43b5e677,native_selected,37,4,307,pending_no_gpu_admission,,,,3830,2026-10-10T23:50:00-06:00
282f8ddb43b5e677,native_selected,53,1,101,pending_no_gpu_admission,,,,3840,2026-10-11T00:00:00-06:00
282f8ddb43b5e677,native_selected,53,1,211,pending_no_gpu_admission,,,,3840,2026-10-11T00:00:00-06:00
282f8ddb43b5e677,native_selected,53,1,307,pending_no_gpu_admission,,,,3840,2026-10-11T00:00:00-06:00
282f8ddb43b5e677,native_selected,53,4,101,pending_no_gpu_admission,,,,3840,2026-10-11T00:00:00-06:00
282f8ddb43b5e677,native_selected,53,4,211,pending_no_gpu_admission,,,,3840,2026-10-11T00:00:00-06:00
282f8ddb43b5e677,native_selected,53,4,307,pending_no_gpu_admission,,,,3840,2026-10-11T00:00:00-06:00
282f8ddb43b5e677,native_selected,71,1,101,pending_no_gpu_admission,,,,3850,2026-10-11T00:10:00-06:00
282f8ddb43b5e677,native_selected,71,1,211,pending_no_gpu_admission,,,,3850,2026-10-11T00:10:00-06:00
282f8ddb43b5e677,native_selected,71,1,307,pending_no_gpu_admission,,,,3850,2026-10-11T00:10:00-06:00
282f8ddb43b5e677,native_selected,71,4,101,pending_no_gpu_admission,,,,3850,2026-10-11T00:10:00-06:00
282f8ddb43b5e677,native_selected,71,4,211,pending_no_gpu_admission,,,,3850,2026-10-11T00:10:00-06:00
282f8ddb43b5e677,native_selected,71,4,307,pending_no_gpu_admission,,,,3850,2026-10-11T00:10:00-06:00
297b7688a045c583,author_default,11,1,101,measured,research/benchmark/results/tabddpm-twelve-lineage-retained-validation/panel.json,877317666864c712b84feed7170f9dccd3587780ae3b5ebbb6cecf4513adda13,/rows/102,,
297b7688a045c583,author_default,11,1,211,measured,research/benchmark/results/tabddpm-twelve-lineage-retained-validation/panel.json,877317666864c712b84feed7170f9dccd3587780ae3b5ebbb6cecf4513adda13,/rows/103,,
297b7688a045c583,author_default,11,1,307,measured,research/benchmark/results/tabddpm-twelve-lineage-retained-validation/panel.json,877317666864c712b84feed7170f9dccd3587780ae3b5ebbb6cecf4513adda13,/rows/104,,
297b7688a045c583,author_default,11,4,101,measured,research/benchmark/results/tabddpm-twelve-lineage-retained-validation/panel.json,877317666864c712b84feed7170f9dccd3587780ae3b5ebbb6cecf4513adda13,/rows/105,,
297b7688a045c583,author_default,11,4,211,measured,research/benchmark/results/tabddpm-twelve-lineage-retained-validation/panel.json,877317666864c712b84feed7170f9dccd3587780ae3b5ebbb6cecf4513adda13,/rows/106,,
297b7688a045c583,author_default,11,4,307,measured,research/benchmark/results/tabddpm-twelve-lineage-retained-validation/panel.json,877317666864c712b84feed7170f9dccd3587780ae3b5ebbb6cecf4513adda13,/rows/107,,
297b7688a045c583,author_default,23,1,101,pending_no_gpu_admission,,,,3940,2026-10-11T01:40:00-06:00
297b7688a045c583,author_default,23,1,211,pending_no_gpu_admission,,,,3940,2026-10-11T01:40:00-06:00
297b7688a045c583,author_default,23,1,307,pending_no_gpu_admission,,,,3940,2026-10-11T01:40:00-06:00
297b7688a045c583,author_default,23,4,101,pending_no_gpu_admission,,,,3940,2026-10-11T01:40:00-06:00
297b7688a045c583,author_default,23,4,211,pending_no_gpu_admission,,,,3940,2026-10-11T01:40:00-06:00
297b7688a045c583,author_default,23,4,307,pending_no_gpu_admission,,,,3940,2026-10-11T01:40:00-06:00
297b7688a045c583,author_default,37,1,101,pending_no_gpu_admission,,,,3950,2026-10-11T01:50:00-06:00
297b7688a045c583,author_default,37,1,211,pending_no_gpu_admission,,,,3950,2026-10-11T01:50:00-06:00
297b7688a045c583,author_default,37,1,307,pending_no_gpu_admission,,,,3950,2026-10-11T01:50:00-06:00
297b7688a045c583,author_default,37,4,101,pending_no_gpu_admission,,,,3950,2026-10-11T01:50:00-06:00
297b7688a045c583,author_default,37,4,211,pending_no_gpu_admission,,,,3950,2026-10-11T01:50:00-06:00
297b7688a045c583,author_default,37,4,307,pending_no_gpu_admission,,,,3950,2026-10-11T01:50:00-06:00
297b7688a045c583,author_default,53,1,101,pending_no_gpu_admission,,,,3960,2026-10-11T02:00:00-06:00
297b7688a045c583,author_default,53,1,211,pending_no_gpu_admission,,,,3960,2026-10-11T02:00:00-06:00
297b7688a045c583,author_default,53,1,307,pending_no_gpu_admission,,,,3960,2026-10-11T02:00:00-06:00
297b7688a045c583,author_default,53,4,101,pending_no_gpu_admission,,,,3960,2026-10-11T02:00:00-06:00
297b7688a045c583,author_default,53,4,211,pending_no_gpu_admission,,,,3960,2026-10-11T02:00:00-06:00
297b7688a045c583,author_default,53,4,307,pending_no_gpu_admission,,,,3960,2026-10-11T02:00:00-06:00
297b7688a045c583,author_default,71,1,101,pending_no_gpu_admission,,,,3970,2026-10-11T02:10:00-06:00
297b7688a045c583,author_default,71,1,211,pending_no_gpu_admission,,,,3970,2026-10-11T02:10:00-06:00
297b7688a045c583,author_default,71,1,307,pending_no_gpu_admission,,,,3970,2026-10-11T02:10:00-06:00
297b7688a045c583,author_default,71,4,101,pending_no_gpu_admission,,,,3970,2026-10-11T02:10:00-06:00
297b7688a045c583,author_default,71,4,211,pending_no_gpu_admission,,,,3970,2026-10-11T02:10:00-06:00
297b7688a045c583,author_default,71,4,307,pending_no_gpu_admission,,,,3970,2026-10-11T02:10:00-06:00
297b7688a045c583,native_selected,11,1,101,measured,research/benchmark/results/tabddpm-twelve-lineage-retained-validation/panel.json,877317666864c712b84feed7170f9dccd3587780ae3b5ebbb6cecf4513adda13,/rows/108,,
297b7688a045c583,native_selected,11,1,211,measured,research/benchmark/results/tabddpm-twelve-lineage-retained-validation/panel.json,877317666864c712b84feed7170f9dccd3587780ae3b5ebbb6cecf4513adda13,/rows/109,,
297b7688a045c583,native_selected,11,1,307,measured,research/benchmark/results/tabddpm-twelve-lineage-retained-validation/panel.json,877317666864c712b84feed7170f9dccd3587780ae3b5ebbb6cecf4513adda13,/rows/110,,
297b7688a045c583,native_selected,11,4,101,measured,research/benchmark/results/tabddpm-twelve-lineage-retained-validation/panel.json,877317666864c712b84feed7170f9dccd3587780ae3b5ebbb6cecf4513adda13,/rows/111,,
297b7688a045c583,native_selected,11,4,211,measured,research/benchmark/results/tabddpm-twelve-lineage-retained-validation/panel.json,877317666864c712b84feed7170f9dccd3587780ae3b5ebbb6cecf4513adda13,/rows/112,,
297b7688a045c583,native_selected,11,4,307,measured,research/benchmark/results/tabddpm-twelve-lineage-retained-validation/panel.json,877317666864c712b84feed7170f9dccd3587780ae3b5ebbb6cecf4513adda13,/rows/113,,
297b7688a045c583,native_selected,23,1,101,pending_no_gpu_admission,,,,3980,2026-10-11T02:20:00-06:00
297b7688a045c583,native_selected,23,1,211,pending_no_gpu_admission,,,,3980,2026-10-11T02:20:00-06:00
297b7688a045c583,native_selected,23,1,307,pending_no_gpu_admission,,,,3980,2026-10-11T02:20:00-06:00
297b7688a045c583,native_selected,23,4,101,pending_no_gpu_admission,,,,3980,2026-10-11T02:20:00-06:00
297b7688a045c583,native_selected,23,4,211,pending_no_gpu_admission,,,,3980,2026-10-11T02:20:00-06:00
297b7688a045c583,native_selected,23,4,307,pending_no_gpu_admission,,,,3980,2026-10-11T02:20:00-06:00
297b7688a045c583,native_selected,37,1,101,pending_no_gpu_admission,,,,3990,2026-10-11T02:30:00-06:00
297b7688a045c583,native_selected,37,1,211,pending_no_gpu_admission,,,,3990,2026-10-11T02:30:00-06:00
297b7688a045c583,native_selected,37,1,307,pending_no_gpu_admission,,,,3990,2026-10-11T02:30:00-06:00
297b7688a045c583,native_selected,37,4,101,pending_no_gpu_admission,,,,3990,2026-10-11T02:30:00-06:00
297b7688a045c583,native_selected,37,4,211,pending_no_gpu_admission,,,,3990,2026-10-11T02:30:00-06:00
297b7688a045c583,native_selected,37,4,307,pending_no_gpu_admission,,,,3990,2026-10-11T02:30:00-06:00
297b7688a045c583,native_selected,53,1,101,pending_no_gpu_admission,,,,4000,2026-10-11T02:40:00-06:00
297b7688a045c583,native_selected,53,1,211,pending_no_gpu_admission,,,,4000,2026-10-11T02:40:00-06:00
297b7688a045c583,native_selected,53,1,307,pending_no_gpu_admission,,,,4000,2026-10-11T02:40:00-06:00
297b7688a045c583,native_selected,53,4,101,pending_no_gpu_admission,,,,4000,2026-10-11T02:40:00-06:00
297b7688a045c583,native_selected,53,4,211,pending_no_gpu_admission,,,,4000,2026-10-11T02:40:00-06:00
297b7688a045c583,native_selected,53,4,307,pending_no_gpu_admission,,,,4000,2026-10-11T02:40:00-06:00
297b7688a045c583,native_selected,71,1,101,pending_no_gpu_admission,,,,4010,2026-10-11T02:50:00-06:00
297b7688a045c583,native_selected,71,1,211,pending_no_gpu_admission,,,,4010,2026-10-11T02:50:00-06:00
297b7688a045c583,native_selected,71,1,307,pending_no_gpu_admission,,,,4010,2026-10-11T02:50:00-06:00
297b7688a045c583,native_selected,71,4,101,pending_no_gpu_admission,,,,4010,2026-10-11T02:50:00-06:00
297b7688a045c583,native_selected,71,4,211,pending_no_gpu_admission,,,,4010,2026-10-11T02:50:00-06:00
297b7688a045c583,native_selected,71,4,307,pending_no_gpu_admission,,,,4010,2026-10-11T02:50:00-06:00
2c8d0985f3557d2b,author_default,11,1,101,measured,research/benchmark/results/tabddpm-twelve-lineage-retained-validation/panel.json,877317666864c712b84feed7170f9dccd3587780ae3b5ebbb6cecf4513adda13,/rows/120,,
2c8d0985f3557d2b,author_default,11,1,211,measured,research/benchmark/results/tabddpm-twelve-lineage-retained-validation/panel.json,877317666864c712b84feed7170f9dccd3587780ae3b5ebbb6cecf4513adda13,/rows/121,,
2c8d0985f3557d2b,author_default,11,1,307,measured,research/benchmark/results/tabddpm-twelve-lineage-retained-validation/panel.json,877317666864c712b84feed7170f9dccd3587780ae3b5ebbb6cecf4513adda13,/rows/122,,
2c8d0985f3557d2b,author_default,11,4,101,measured,research/benchmark/results/tabddpm-twelve-lineage-retained-validation/panel.json,877317666864c712b84feed7170f9dccd3587780ae3b5ebbb6cecf4513adda13,/rows/123,,
2c8d0985f3557d2b,author_default,11,4,211,measured,research/benchmark/results/tabddpm-twelve-lineage-retained-validation/panel.json,877317666864c712b84feed7170f9dccd3587780ae3b5ebbb6cecf4513adda13,/rows/124,,
2c8d0985f3557d2b,author_default,11,4,307,measured,research/benchmark/results/tabddpm-twelve-lineage-retained-validation/panel.json,877317666864c712b84feed7170f9dccd3587780ae3b5ebbb6cecf4513adda13,/rows/125,,
2c8d0985f3557d2b,author_default,23,1,101,pending_no_gpu_admission,,,,4100,2026-10-11T04:20:00-06:00
2c8d0985f3557d2b,author_default,23,1,211,pending_no_gpu_admission,,,,4100,2026-10-11T04:20:00-06:00
2c8d0985f3557d2b,author_default,23,1,307,pending_no_gpu_admission,,,,4100,2026-10-11T04:20:00-06:00
2c8d0985f3557d2b,author_default,23,4,101,pending_no_gpu_admission,,,,4100,2026-10-11T04:20:00-06:00
2c8d0985f3557d2b,author_default,23,4,211,pending_no_gpu_admission,,,,4100,2026-10-11T04:20:00-06:00
2c8d0985f3557d2b,author_default,23,4,307,pending_no_gpu_admission,,,,4100,2026-10-11T04:20:00-06:00
2c8d0985f3557d2b,author_default,37,1,101,pending_no_gpu_admission,,,,4110,2026-10-11T04:30:00-06:00
2c8d0985f3557d2b,author_default,37,1,211,pending_no_gpu_admission,,,,4110,2026-10-11T04:30:00-06:00
2c8d0985f3557d2b,author_default,37,1,307,pending_no_gpu_admission,,,,4110,2026-10-11T04:30:00-06:00
2c8d0985f3557d2b,author_default,37,4,101,pending_no_gpu_admission,,,,4110,2026-10-11T04:30:00-06:00
2c8d0985f3557d2b,author_default,37,4,211,pending_no_gpu_admission,,,,4110,2026-10-11T04:30:00-06:00
2c8d0985f3557d2b,author_default,37,4,307,pending_no_gpu_admission,,,,4110,2026-10-11T04:30:00-06:00
2c8d0985f3557d2b,author_default,53,1,101,pending_no_gpu_admission,,,,4120,2026-10-11T04:40:00-06:00
2c8d0985f3557d2b,author_default,53,1,211,pending_no_gpu_admission,,,,4120,2026-10-11T04:40:00-06:00
2c8d0985f3557d2b,author_default,53,1,307,pending_no_gpu_admission,,,,4120,2026-10-11T04:40:00-06:00
2c8d0985f3557d2b,author_default,53,4,101,pending_no_gpu_admission,,,,4120,2026-10-11T04:40:00-06:00
2c8d0985f3557d2b,author_default,53,4,211,pending_no_gpu_admission,,,,4120,2026-10-11T04:40:00-06:00
2c8d0985f3557d2b,author_default,53,4,307,pending_no_gpu_admission,,,,4120,2026-10-11T04:40:00-06:00
2c8d0985f3557d2b,author_default,71,1,101,pending_no_gpu_admission,,,,4130,2026-10-11T04:50:00-06:00
2c8d0985f3557d2b,author_default,71,1,211,pending_no_gpu_admission,,,,4130,2026-10-11T04:50:00-06:00
2c8d0985f3557d2b,author_default,71,1,307,pending_no_gpu_admission,,,,4130,2026-10-11T04:50:00-06:00
2c8d0985f3557d2b,author_default,71,4,101,pending_no_gpu_admission,,,,4130,2026-10-11T04:50:00-06:00
2c8d0985f3557d2b,author_default,71,4,211,pending_no_gpu_admission,,,,4130,2026-10-11T04:50:00-06:00
2c8d0985f3557d2b,author_default,71,4,307,pending_no_gpu_admission,,,,4130,2026-10-11T04:50:00-06:00
2c8d0985f3557d2b,native_selected,11,1,101,measured,research/benchmark/results/tabddpm-twelve-lineage-retained-validation/panel.json,877317666864c712b84feed7170f9dccd3587780ae3b5ebbb6cecf4513adda13,/rows/114,,
2c8d0985f3557d2b,native_selected,11,1,211,measured,research/benchmark/results/tabddpm-twelve-lineage-retained-validation/panel.json,877317666864c712b84feed7170f9dccd3587780ae3b5ebbb6cecf4513adda13,/rows/115,,
2c8d0985f3557d2b,native_selected,11,1,307,measured,research/benchmark/results/tabddpm-twelve-lineage-retained-validation/panel.json,877317666864c712b84feed7170f9dccd3587780ae3b5ebbb6cecf4513adda13,/rows/116,,
2c8d0985f3557d2b,native_selected,11,4,101,measured,research/benchmark/results/tabddpm-twelve-lineage-retained-validation/panel.json,877317666864c712b84feed7170f9dccd3587780ae3b5ebbb6cecf4513adda13,/rows/117,,
2c8d0985f3557d2b,native_selected,11,4,211,measured,research/benchmark/results/tabddpm-twelve-lineage-retained-validation/panel.json,877317666864c712b84feed7170f9dccd3587780ae3b5ebbb6cecf4513adda13,/rows/118,,
2c8d0985f3557d2b,native_selected,11,4,307,measured,research/benchmark/results/tabddpm-twelve-lineage-retained-validation/panel.json,877317666864c712b84feed7170f9dccd3587780ae3b5ebbb6cecf4513adda13,/rows/119,,
2c8d0985f3557d2b,native_selected,23,1,101,pending_no_gpu_admission,,,,4140,2026-10-11T05:00:00-06:00
2c8d0985f3557d2b,native_selected,23,1,211,pending_no_gpu_admission,,,,4140,2026-10-11T05:00:00-06:00
2c8d0985f3557d2b,native_selected,23,1,307,pending_no_gpu_admission,,,,4140,2026-10-11T05:00:00-06:00
2c8d0985f3557d2b,native_selected,23,4,101,pending_no_gpu_admission,,,,4140,2026-10-11T05:00:00-06:00
2c8d0985f3557d2b,native_selected,23,4,211,pending_no_gpu_admission,,,,4140,2026-10-11T05:00:00-06:00
2c8d0985f3557d2b,native_selected,23,4,307,pending_no_gpu_admission,,,,4140,2026-10-11T05:00:00-06:00
2c8d0985f3557d2b,native_selected,37,1,101,pending_no_gpu_admission,,,,4150,2026-10-11T05:10:00-06:00
2c8d0985f3557d2b,native_selected,37,1,211,pending_no_gpu_admission,,,,4150,2026-10-11T05:10:00-06:00
2c8d0985f3557d2b,native_selected,37,1,307,pending_no_gpu_admission,,,,4150,2026-10-11T05:10:00-06:00
2c8d0985f3557d2b,native_selected,37,4,101,pending_no_gpu_admission,,,,4150,2026-10-11T05:10:00-06:00
2c8d0985f3557d2b,native_selected,37,4,211,pending_no_gpu_admission,,,,4150,2026-10-11T05:10:00-06:00
2c8d0985f3557d2b,native_selected,37,4,307,pending_no_gpu_admission,,,,4150,2026-10-11T05:10:00-06:00
2c8d0985f3557d2b,native_selected,53,1,101,pending_no_gpu_admission,,,,4160,2026-10-11T05:20:00-06:00
2c8d0985f3557d2b,native_selected,53,1,211,pending_no_gpu_admission,,,,4160,2026-10-11T05:20:00-06:00
2c8d0985f3557d2b,native_selected,53,1,307,pending_no_gpu_admission,,,,4160,2026-10-11T05:20:00-06:00
2c8d0985f3557d2b,native_selected,53,4,101,pending_no_gpu_admission,,,,4160,2026-10-11T05:20:00-06:00
2c8d0985f3557d2b,native_selected,53,4,211,pending_no_gpu_admission,,,,4160,2026-10-11T05:20:00-06:00
2c8d0985f3557d2b,native_selected,53,4,307,pending_no_gpu_admission,,,,4160,2026-10-11T05:20:00-06:00
2c8d0985f3557d2b,native_selected,71,1,101,pending_no_gpu_admission,,,,4170,2026-10-11T05:30:00-06:00
2c8d0985f3557d2b,native_selected,71,1,211,pending_no_gpu_admission,,,,4170,2026-10-11T05:30:00-06:00
2c8d0985f3557d2b,native_selected,71,1,307,pending_no_gpu_admission,,,,4170,2026-10-11T05:30:00-06:00
2c8d0985f3557d2b,native_selected,71,4,101,pending_no_gpu_admission,,,,4170,2026-10-11T05:30:00-06:00
2c8d0985f3557d2b,native_selected,71,4,211,pending_no_gpu_admission,,,,4170,2026-10-11T05:30:00-06:00
2c8d0985f3557d2b,native_selected,71,4,307,pending_no_gpu_admission,,,,4170,2026-10-11T05:30:00-06:00
30ca2887550f0d8d,author_default,11,1,101,pending_no_gpu_admission,,,,4260,2026-10-11T07:00:00-06:00
30ca2887550f0d8d,author_default,11,1,211,pending_no_gpu_admission,,,,4260,2026-10-11T07:00:00-06:00
30ca2887550f0d8d,author_default,11,1,307,pending_no_gpu_admission,,,,4260,2026-10-11T07:00:00-06:00
30ca2887550f0d8d,author_default,11,4,101,pending_no_gpu_admission,,,,4260,2026-10-11T07:00:00-06:00
30ca2887550f0d8d,author_default,11,4,211,pending_no_gpu_admission,,,,4260,2026-10-11T07:00:00-06:00
30ca2887550f0d8d,author_default,11,4,307,pending_no_gpu_admission,,,,4260,2026-10-11T07:00:00-06:00
30ca2887550f0d8d,author_default,23,1,101,pending_no_gpu_admission,,,,4270,2026-10-11T07:10:00-06:00
30ca2887550f0d8d,author_default,23,1,211,pending_no_gpu_admission,,,,4270,2026-10-11T07:10:00-06:00
30ca2887550f0d8d,author_default,23,1,307,pending_no_gpu_admission,,,,4270,2026-10-11T07:10:00-06:00
30ca2887550f0d8d,author_default,23,4,101,pending_no_gpu_admission,,,,4270,2026-10-11T07:10:00-06:00
30ca2887550f0d8d,author_default,23,4,211,pending_no_gpu_admission,,,,4270,2026-10-11T07:10:00-06:00
30ca2887550f0d8d,author_default,23,4,307,pending_no_gpu_admission,,,,4270,2026-10-11T07:10:00-06:00
30ca2887550f0d8d,author_default,37,1,101,pending_no_gpu_admission,,,,4280,2026-10-11T07:20:00-06:00
30ca2887550f0d8d,author_default,37,1,211,pending_no_gpu_admission,,,,4280,2026-10-11T07:20:00-06:00
30ca2887550f0d8d,author_default,37,1,307,pending_no_gpu_admission,,,,4280,2026-10-11T07:20:00-06:00
30ca2887550f0d8d,author_default,37,4,101,pending_no_gpu_admission,,,,4280,2026-10-11T07:20:00-06:00
30ca2887550f0d8d,author_default,37,4,211,pending_no_gpu_admission,,,,4280,2026-10-11T07:20:00-06:00
30ca2887550f0d8d,author_default,37,4,307,pending_no_gpu_admission,,,,4280,2026-10-11T07:20:00-06:00
30ca2887550f0d8d,author_default,53,1,101,pending_no_gpu_admission,,,,4290,2026-10-11T07:30:00-06:00
30ca2887550f0d8d,author_default,53,1,211,pending_no_gpu_admission,,,,4290,2026-10-11T07:30:00-06:00
30ca2887550f0d8d,author_default,53,1,307,pending_no_gpu_admission,,,,4290,2026-10-11T07:30:00-06:00
30ca2887550f0d8d,author_default,53,4,101,pending_no_gpu_admission,,,,4290,2026-10-11T07:30:00-06:00
30ca2887550f0d8d,author_default,53,4,211,pending_no_gpu_admission,,,,4290,2026-10-11T07:30:00-06:00
30ca2887550f0d8d,author_default,53,4,307,pending_no_gpu_admission,,,,4290,2026-10-11T07:30:00-06:00
30ca2887550f0d8d,author_default,71,1,101,pending_no_gpu_admission,,,,4300,2026-10-11T07:40:00-06:00
30ca2887550f0d8d,author_default,71,1,211,pending_no_gpu_admission,,,,4300,2026-10-11T07:40:00-06:00
30ca2887550f0d8d,author_default,71,1,307,pending_no_gpu_admission,,,,4300,2026-10-11T07:40:00-06:00
30ca2887550f0d8d,author_default,71,4,101,pending_no_gpu_admission,,,,4300,2026-10-11T07:40:00-06:00
30ca2887550f0d8d,author_default,71,4,211,pending_no_gpu_admission,,,,4300,2026-10-11T07:40:00-06:00
30ca2887550f0d8d,author_default,71,4,307,pending_no_gpu_admission,,,,4300,2026-10-11T07:40:00-06:00
30ca2887550f0d8d,native_selected,11,1,101,measured,research/benchmark/results/tabddpm-twelve-lineage-retained-validation/panel.json,877317666864c712b84feed7170f9dccd3587780ae3b5ebbb6cecf4513adda13,/rows/126,,
30ca2887550f0d8d,native_selected,11,1,211,measured,research/benchmark/results/tabddpm-twelve-lineage-retained-validation/panel.json,877317666864c712b84feed7170f9dccd3587780ae3b5ebbb6cecf4513adda13,/rows/127,,
30ca2887550f0d8d,native_selected,11,1,307,measured,research/benchmark/results/tabddpm-twelve-lineage-retained-validation/panel.json,877317666864c712b84feed7170f9dccd3587780ae3b5ebbb6cecf4513adda13,/rows/128,,
30ca2887550f0d8d,native_selected,11,4,101,measured,research/benchmark/results/tabddpm-twelve-lineage-retained-validation/panel.json,877317666864c712b84feed7170f9dccd3587780ae3b5ebbb6cecf4513adda13,/rows/129,,
30ca2887550f0d8d,native_selected,11,4,211,measured,research/benchmark/results/tabddpm-twelve-lineage-retained-validation/panel.json,877317666864c712b84feed7170f9dccd3587780ae3b5ebbb6cecf4513adda13,/rows/130,,
30ca2887550f0d8d,native_selected,11,4,307,measured,research/benchmark/results/tabddpm-twelve-lineage-retained-validation/panel.json,877317666864c712b84feed7170f9dccd3587780ae3b5ebbb6cecf4513adda13,/rows/131,,
30ca2887550f0d8d,native_selected,23,1,101,pending_no_gpu_admission,,,,4310,2026-10-11T07:50:00-06:00
30ca2887550f0d8d,native_selected,23,1,211,pending_no_gpu_admission,,,,4310,2026-10-11T07:50:00-06:00
30ca2887550f0d8d,native_selected,23,1,307,pending_no_gpu_admission,,,,4310,2026-10-11T07:50:00-06:00
30ca2887550f0d8d,native_selected,23,4,101,pending_no_gpu_admission,,,,4310,2026-10-11T07:50:00-06:00
30ca2887550f0d8d,native_selected,23,4,211,pending_no_gpu_admission,,,,4310,2026-10-11T07:50:00-06:00
30ca2887550f0d8d,native_selected,23,4,307,pending_no_gpu_admission,,,,4310,2026-10-11T07:50:00-06:00
30ca2887550f0d8d,native_selected,37,1,101,pending_no_gpu_admission,,,,4320,2026-10-11T08:00:00-06:00
30ca2887550f0d8d,native_selected,37,1,211,pending_no_gpu_admission,,,,4320,2026-10-11T08:00:00-06:00
30ca2887550f0d8d,native_selected,37,1,307,pending_no_gpu_admission,,,,4320,2026-10-11T08:00:00-06:00
30ca2887550f0d8d,native_selected,37,4,101,pending_no_gpu_admission,,,,4320,2026-10-11T08:00:00-06:00
30ca2887550f0d8d,native_selected,37,4,211,pending_no_gpu_admission,,,,4320,2026-10-11T08:00:00-06:00
30ca2887550f0d8d,native_selected,37,4,307,pending_no_gpu_admission,,,,4320,2026-10-11T08:00:00-06:00
30ca2887550f0d8d,native_selected,53,1,101,pending_no_gpu_admission,,,,4330,2026-10-11T08:10:00-06:00
30ca2887550f0d8d,native_selected,53,1,211,pending_no_gpu_admission,,,,4330,2026-10-11T08:10:00-06:00
30ca2887550f0d8d,native_selected,53,1,307,pending_no_gpu_admission,,,,4330,2026-10-11T08:10:00-06:00
30ca2887550f0d8d,native_selected,53,4,101,pending_no_gpu_admission,,,,4330,2026-10-11T08:10:00-06:00
30ca2887550f0d8d,native_selected,53,4,211,pending_no_gpu_admission,,,,4330,2026-10-11T08:10:00-06:00
30ca2887550f0d8d,native_selected,53,4,307,pending_no_gpu_admission,,,,4330,2026-10-11T08:10:00-06:00
30ca2887550f0d8d,native_selected,71,1,101,pending_no_gpu_admission,,,,4340,2026-10-11T08:20:00-06:00
30ca2887550f0d8d,native_selected,71,1,211,pending_no_gpu_admission,,,,4340,2026-10-11T08:20:00-06:00
30ca2887550f0d8d,native_selected,71,1,307,pending_no_gpu_admission,,,,4340,2026-10-11T08:20:00-06:00
30ca2887550f0d8d,native_selected,71,4,101,pending_no_gpu_admission,,,,4340,2026-10-11T08:20:00-06:00
30ca2887550f0d8d,native_selected,71,4,211,pending_no_gpu_admission,,,,4340,2026-10-11T08:20:00-06:00
30ca2887550f0d8d,native_selected,71,4,307,pending_no_gpu_admission,,,,4340,2026-10-11T08:20:00-06:00
3408a6a513c627a3,author_default,11,1,101,pending_no_gpu_admission,,,,4430,2026-10-11T09:50:00-06:00
3408a6a513c627a3,author_default,11,1,211,pending_no_gpu_admission,,,,4430,2026-10-11T09:50:00-06:00
3408a6a513c627a3,author_default,11,1,307,pending_no_gpu_admission,,,,4430,2026-10-11T09:50:00-06:00
3408a6a513c627a3,author_default,11,4,101,pending_no_gpu_admission,,,,4430,2026-10-11T09:50:00-06:00
3408a6a513c627a3,author_default,11,4,211,pending_no_gpu_admission,,,,4430,2026-10-11T09:50:00-06:00
3408a6a513c627a3,author_default,11,4,307,pending_no_gpu_admission,,,,4430,2026-10-11T09:50:00-06:00
3408a6a513c627a3,author_default,23,1,101,pending_no_gpu_admission,,,,4440,2026-10-11T10:00:00-06:00
3408a6a513c627a3,author_default,23,1,211,pending_no_gpu_admission,,,,4440,2026-10-11T10:00:00-06:00
3408a6a513c627a3,author_default,23,1,307,pending_no_gpu_admission,,,,4440,2026-10-11T10:00:00-06:00
3408a6a513c627a3,author_default,23,4,101,pending_no_gpu_admission,,,,4440,2026-10-11T10:00:00-06:00
3408a6a513c627a3,author_default,23,4,211,pending_no_gpu_admission,,,,4440,2026-10-11T10:00:00-06:00
3408a6a513c627a3,author_default,23,4,307,pending_no_gpu_admission,,,,4440,2026-10-11T10:00:00-06:00
3408a6a513c627a3,author_default,37,1,101,pending_no_gpu_admission,,,,4450,2026-10-11T10:10:00-06:00
3408a6a513c627a3,author_default,37,1,211,pending_no_gpu_admission,,,,4450,2026-10-11T10:10:00-06:00
3408a6a513c627a3,author_default,37,1,307,pending_no_gpu_admission,,,,4450,2026-10-11T10:10:00-06:00
3408a6a513c627a3,author_default,37,4,101,pending_no_gpu_admission,,,,4450,2026-10-11T10:10:00-06:00
3408a6a513c627a3,author_default,37,4,211,pending_no_gpu_admission,,,,4450,2026-10-11T10:10:00-06:00
3408a6a513c627a3,author_default,37,4,307,pending_no_gpu_admission,,,,4450,2026-10-11T10:10:00-06:00
3408a6a513c627a3,author_default,53,1,101,pending_no_gpu_admission,,,,4460,2026-10-11T10:20:00-06:00
3408a6a513c627a3,author_default,53,1,211,pending_no_gpu_admission,,,,4460,2026-10-11T10:20:00-06:00
3408a6a513c627a3,author_default,53,1,307,pending_no_gpu_admission,,,,4460,2026-10-11T10:20:00-06:00
3408a6a513c627a3,author_default,53,4,101,pending_no_gpu_admission,,,,4460,2026-10-11T10:20:00-06:00
3408a6a513c627a3,author_default,53,4,211,pending_no_gpu_admission,,,,4460,2026-10-11T10:20:00-06:00
3408a6a513c627a3,author_default,53,4,307,pending_no_gpu_admission,,,,4460,2026-10-11T10:20:00-06:00
3408a6a513c627a3,author_default,71,1,101,pending_no_gpu_admission,,,,4470,2026-10-11T10:30:00-06:00
3408a6a513c627a3,author_default,71,1,211,pending_no_gpu_admission,,,,4470,2026-10-11T10:30:00-06:00
3408a6a513c627a3,author_default,71,1,307,pending_no_gpu_admission,,,,4470,2026-10-11T10:30:00-06:00
3408a6a513c627a3,author_default,71,4,101,pending_no_gpu_admission,,,,4470,2026-10-11T10:30:00-06:00
3408a6a513c627a3,author_default,71,4,211,pending_no_gpu_admission,,,,4470,2026-10-11T10:30:00-06:00
3408a6a513c627a3,author_default,71,4,307,pending_no_gpu_admission,,,,4470,2026-10-11T10:30:00-06:00
3408a6a513c627a3,native_selected,11,1,101,pending_no_gpu_admission,,,,4420,2026-10-11T09:40:00-06:00
3408a6a513c627a3,native_selected,11,1,211,pending_no_gpu_admission,,,,4420,2026-10-11T09:40:00-06:00
3408a6a513c627a3,native_selected,11,1,307,pending_no_gpu_admission,,,,4420,2026-10-11T09:40:00-06:00
3408a6a513c627a3,native_selected,11,4,101,pending_no_gpu_admission,,,,4420,2026-10-11T09:40:00-06:00
3408a6a513c627a3,native_selected,11,4,211,pending_no_gpu_admission,,,,4420,2026-10-11T09:40:00-06:00
3408a6a513c627a3,native_selected,11,4,307,pending_no_gpu_admission,,,,4420,2026-10-11T09:40:00-06:00
3408a6a513c627a3,native_selected,23,1,101,pending_no_gpu_admission,,,,4480,2026-10-11T10:40:00-06:00
3408a6a513c627a3,native_selected,23,1,211,pending_no_gpu_admission,,,,4480,2026-10-11T10:40:00-06:00
3408a6a513c627a3,native_selected,23,1,307,pending_no_gpu_admission,,,,4480,2026-10-11T10:40:00-06:00
3408a6a513c627a3,native_selected,23,4,101,pending_no_gpu_admission,,,,4480,2026-10-11T10:40:00-06:00
3408a6a513c627a3,native_selected,23,4,211,pending_no_gpu_admission,,,,4480,2026-10-11T10:40:00-06:00
3408a6a513c627a3,native_selected,23,4,307,pending_no_gpu_admission,,,,4480,2026-10-11T10:40:00-06:00
3408a6a513c627a3,native_selected,37,1,101,pending_no_gpu_admission,,,,4490,2026-10-11T10:50:00-06:00
3408a6a513c627a3,native_selected,37,1,211,pending_no_gpu_admission,,,,4490,2026-10-11T10:50:00-06:00
3408a6a513c627a3,native_selected,37,1,307,pending_no_gpu_admission,,,,4490,2026-10-11T10:50:00-06:00
3408a6a513c627a3,native_selected,37,4,101,pending_no_gpu_admission,,,,4490,2026-10-11T10:50:00-06:00
3408a6a513c627a3,native_selected,37,4,211,pending_no_gpu_admission,,,,4490,2026-10-11T10:50:00-06:00
3408a6a513c627a3,native_selected,37,4,307,pending_no_gpu_admission,,,,4490,2026-10-11T10:50:00-06:00
3408a6a513c627a3,native_selected,53,1,101,pending_no_gpu_admission,,,,4500,2026-10-11T11:00:00-06:00
3408a6a513c627a3,native_selected,53,1,211,pending_no_gpu_admission,,,,4500,2026-10-11T11:00:00-06:00
3408a6a513c627a3,native_selected,53,1,307,pending_no_gpu_admission,,,,4500,2026-10-11T11:00:00-06:00
3408a6a513c627a3,native_selected,53,4,101,pending_no_gpu_admission,,,,4500,2026-10-11T11:00:00-06:00
3408a6a513c627a3,native_selected,53,4,211,pending_no_gpu_admission,,,,4500,2026-10-11T11:00:00-06:00
3408a6a513c627a3,native_selected,53,4,307,pending_no_gpu_admission,,,,4500,2026-10-11T11:00:00-06:00
3408a6a513c627a3,native_selected,71,1,101,pending_no_gpu_admission,,,,4510,2026-10-11T11:10:00-06:00
3408a6a513c627a3,native_selected,71,1,211,pending_no_gpu_admission,,,,4510,2026-10-11T11:10:00-06:00
3408a6a513c627a3,native_selected,71,1,307,pending_no_gpu_admission,,,,4510,2026-10-11T11:10:00-06:00
3408a6a513c627a3,native_selected,71,4,101,pending_no_gpu_admission,,,,4510,2026-10-11T11:10:00-06:00
3408a6a513c627a3,native_selected,71,4,211,pending_no_gpu_admission,,,,4510,2026-10-11T11:10:00-06:00
3408a6a513c627a3,native_selected,71,4,307,pending_no_gpu_admission,,,,4510,2026-10-11T11:10:00-06:00
35a9aa9b88f0e4d1,author_default,11,1,101,pending_no_gpu_admission,,,,4600,2026-10-11T12:40:00-06:00
35a9aa9b88f0e4d1,author_default,11,1,211,pending_no_gpu_admission,,,,4600,2026-10-11T12:40:00-06:00
35a9aa9b88f0e4d1,author_default,11,1,307,pending_no_gpu_admission,,,,4600,2026-10-11T12:40:00-06:00
35a9aa9b88f0e4d1,author_default,11,4,101,pending_no_gpu_admission,,,,4600,2026-10-11T12:40:00-06:00
35a9aa9b88f0e4d1,author_default,11,4,211,pending_no_gpu_admission,,,,4600,2026-10-11T12:40:00-06:00
35a9aa9b88f0e4d1,author_default,11,4,307,pending_no_gpu_admission,,,,4600,2026-10-11T12:40:00-06:00
35a9aa9b88f0e4d1,author_default,23,1,101,pending_no_gpu_admission,,,,4610,2026-10-11T12:50:00-06:00
35a9aa9b88f0e4d1,author_default,23,1,211,pending_no_gpu_admission,,,,4610,2026-10-11T12:50:00-06:00
35a9aa9b88f0e4d1,author_default,23,1,307,pending_no_gpu_admission,,,,4610,2026-10-11T12:50:00-06:00
35a9aa9b88f0e4d1,author_default,23,4,101,pending_no_gpu_admission,,,,4610,2026-10-11T12:50:00-06:00
35a9aa9b88f0e4d1,author_default,23,4,211,pending_no_gpu_admission,,,,4610,2026-10-11T12:50:00-06:00
35a9aa9b88f0e4d1,author_default,23,4,307,pending_no_gpu_admission,,,,4610,2026-10-11T12:50:00-06:00
35a9aa9b88f0e4d1,author_default,37,1,101,pending_no_gpu_admission,,,,4620,2026-10-11T13:00:00-06:00
35a9aa9b88f0e4d1,author_default,37,1,211,pending_no_gpu_admission,,,,4620,2026-10-11T13:00:00-06:00
35a9aa9b88f0e4d1,author_default,37,1,307,pending_no_gpu_admission,,,,4620,2026-10-11T13:00:00-06:00
35a9aa9b88f0e4d1,author_default,37,4,101,pending_no_gpu_admission,,,,4620,2026-10-11T13:00:00-06:00
35a9aa9b88f0e4d1,author_default,37,4,211,pending_no_gpu_admission,,,,4620,2026-10-11T13:00:00-06:00
35a9aa9b88f0e4d1,author_default,37,4,307,pending_no_gpu_admission,,,,4620,2026-10-11T13:00:00-06:00
35a9aa9b88f0e4d1,author_default,53,1,101,pending_no_gpu_admission,,,,4630,2026-10-11T13:10:00-06:00
35a9aa9b88f0e4d1,author_default,53,1,211,pending_no_gpu_admission,,,,4630,2026-10-11T13:10:00-06:00
35a9aa9b88f0e4d1,author_default,53,1,307,pending_no_gpu_admission,,,,4630,2026-10-11T13:10:00-06:00
35a9aa9b88f0e4d1,author_default,53,4,101,pending_no_gpu_admission,,,,4630,2026-10-11T13:10:00-06:00
35a9aa9b88f0e4d1,author_default,53,4,211,pending_no_gpu_admission,,,,4630,2026-10-11T13:10:00-06:00
35a9aa9b88f0e4d1,author_default,53,4,307,pending_no_gpu_admission,,,,4630,2026-10-11T13:10:00-06:00
35a9aa9b88f0e4d1,author_default,71,1,101,pending_no_gpu_admission,,,,4640,2026-10-11T13:20:00-06:00
35a9aa9b88f0e4d1,author_default,71,1,211,pending_no_gpu_admission,,,,4640,2026-10-11T13:20:00-06:00
35a9aa9b88f0e4d1,author_default,71,1,307,pending_no_gpu_admission,,,,4640,2026-10-11T13:20:00-06:00
35a9aa9b88f0e4d1,author_default,71,4,101,pending_no_gpu_admission,,,,4640,2026-10-11T13:20:00-06:00
35a9aa9b88f0e4d1,author_default,71,4,211,pending_no_gpu_admission,,,,4640,2026-10-11T13:20:00-06:00
35a9aa9b88f0e4d1,author_default,71,4,307,pending_no_gpu_admission,,,,4640,2026-10-11T13:20:00-06:00
35a9aa9b88f0e4d1,native_selected,11,1,101,pending_no_gpu_admission,,,,4590,2026-10-11T12:30:00-06:00
35a9aa9b88f0e4d1,native_selected,11,1,211,pending_no_gpu_admission,,,,4590,2026-10-11T12:30:00-06:00
35a9aa9b88f0e4d1,native_selected,11,1,307,pending_no_gpu_admission,,,,4590,2026-10-11T12:30:00-06:00
35a9aa9b88f0e4d1,native_selected,11,4,101,pending_no_gpu_admission,,,,4590,2026-10-11T12:30:00-06:00
35a9aa9b88f0e4d1,native_selected,11,4,211,pending_no_gpu_admission,,,,4590,2026-10-11T12:30:00-06:00
35a9aa9b88f0e4d1,native_selected,11,4,307,pending_no_gpu_admission,,,,4590,2026-10-11T12:30:00-06:00
35a9aa9b88f0e4d1,native_selected,23,1,101,pending_no_gpu_admission,,,,4650,2026-10-11T13:30:00-06:00
35a9aa9b88f0e4d1,native_selected,23,1,211,pending_no_gpu_admission,,,,4650,2026-10-11T13:30:00-06:00
35a9aa9b88f0e4d1,native_selected,23,1,307,pending_no_gpu_admission,,,,4650,2026-10-11T13:30:00-06:00
35a9aa9b88f0e4d1,native_selected,23,4,101,pending_no_gpu_admission,,,,4650,2026-10-11T13:30:00-06:00
35a9aa9b88f0e4d1,native_selected,23,4,211,pending_no_gpu_admission,,,,4650,2026-10-11T13:30:00-06:00
35a9aa9b88f0e4d1,native_selected,23,4,307,pending_no_gpu_admission,,,,4650,2026-10-11T13:30:00-06:00
35a9aa9b88f0e4d1,native_selected,37,1,101,pending_no_gpu_admission,,,,4660,2026-10-11T13:40:00-06:00
35a9aa9b88f0e4d1,native_selected,37,1,211,pending_no_gpu_admission,,,,4660,2026-10-11T13:40:00-06:00
35a9aa9b88f0e4d1,native_selected,37,1,307,pending_no_gpu_admission,,,,4660,2026-10-11T13:40:00-06:00
35a9aa9b88f0e4d1,native_selected,37,4,101,pending_no_gpu_admission,,,,4660,2026-10-11T13:40:00-06:00
35a9aa9b88f0e4d1,native_selected,37,4,211,pending_no_gpu_admission,,,,4660,2026-10-11T13:40:00-06:00
35a9aa9b88f0e4d1,native_selected,37,4,307,pending_no_gpu_admission,,,,4660,2026-10-11T13:40:00-06:00
35a9aa9b88f0e4d1,native_selected,53,1,101,pending_no_gpu_admission,,,,4670,2026-10-11T13:50:00-06:00
35a9aa9b88f0e4d1,native_selected,53,1,211,pending_no_gpu_admission,,,,4670,2026-10-11T13:50:00-06:00
35a9aa9b88f0e4d1,native_selected,53,1,307,pending_no_gpu_admission,,,,4670,2026-10-11T13:50:00-06:00
35a9aa9b88f0e4d1,native_selected,53,4,101,pending_no_gpu_admission,,,,4670,2026-10-11T13:50:00-06:00
35a9aa9b88f0e4d1,native_selected,53,4,211,pending_no_gpu_admission,,,,4670,2026-10-11T13:50:00-06:00
35a9aa9b88f0e4d1,native_selected,53,4,307,pending_no_gpu_admission,,,,4670,2026-10-11T13:50:00-06:00
35a9aa9b88f0e4d1,native_selected,71,1,101,pending_no_gpu_admission,,,,4680,2026-10-11T14:00:00-06:00
35a9aa9b88f0e4d1,native_selected,71,1,211,pending_no_gpu_admission,,,,4680,2026-10-11T14:00:00-06:00
35a9aa9b88f0e4d1,native_selected,71,1,307,pending_no_gpu_admission,,,,4680,2026-10-11T14:00:00-06:00
35a9aa9b88f0e4d1,native_selected,71,4,101,pending_no_gpu_admission,,,,4680,2026-10-11T14:00:00-06:00
35a9aa9b88f0e4d1,native_selected,71,4,211,pending_no_gpu_admission,,,,4680,2026-10-11T14:00:00-06:00
35a9aa9b88f0e4d1,native_selected,71,4,307,pending_no_gpu_admission,,,,4680,2026-10-11T14:00:00-06:00
3d3321e27d14f9aa,author_default,11,1,101,pending_no_gpu_admission,,,,4770,2026-10-11T15:30:00-06:00
3d3321e27d14f9aa,author_default,11,1,211,pending_no_gpu_admission,,,,4770,2026-10-11T15:30:00-06:00
3d3321e27d14f9aa,author_default,11,1,307,pending_no_gpu_admission,,,,4770,2026-10-11T15:30:00-06:00
3d3321e27d14f9aa,author_default,11,4,101,pending_no_gpu_admission,,,,4770,2026-10-11T15:30:00-06:00
3d3321e27d14f9aa,author_default,11,4,211,pending_no_gpu_admission,,,,4770,2026-10-11T15:30:00-06:00
3d3321e27d14f9aa,author_default,11,4,307,pending_no_gpu_admission,,,,4770,2026-10-11T15:30:00-06:00
3d3321e27d14f9aa,author_default,23,1,101,pending_no_gpu_admission,,,,4780,2026-10-11T15:40:00-06:00
3d3321e27d14f9aa,author_default,23,1,211,pending_no_gpu_admission,,,,4780,2026-10-11T15:40:00-06:00
3d3321e27d14f9aa,author_default,23,1,307,pending_no_gpu_admission,,,,4780,2026-10-11T15:40:00-06:00
3d3321e27d14f9aa,author_default,23,4,101,pending_no_gpu_admission,,,,4780,2026-10-11T15:40:00-06:00
3d3321e27d14f9aa,author_default,23,4,211,pending_no_gpu_admission,,,,4780,2026-10-11T15:40:00-06:00
3d3321e27d14f9aa,author_default,23,4,307,pending_no_gpu_admission,,,,4780,2026-10-11T15:40:00-06:00
3d3321e27d14f9aa,author_default,37,1,101,pending_no_gpu_admission,,,,4790,2026-10-11T15:50:00-06:00
3d3321e27d14f9aa,author_default,37,1,211,pending_no_gpu_admission,,,,4790,2026-10-11T15:50:00-06:00
3d3321e27d14f9aa,author_default,37,1,307,pending_no_gpu_admission,,,,4790,2026-10-11T15:50:00-06:00
3d3321e27d14f9aa,author_default,37,4,101,pending_no_gpu_admission,,,,4790,2026-10-11T15:50:00-06:00
3d3321e27d14f9aa,author_default,37,4,211,pending_no_gpu_admission,,,,4790,2026-10-11T15:50:00-06:00
3d3321e27d14f9aa,author_default,37,4,307,pending_no_gpu_admission,,,,4790,2026-10-11T15:50:00-06:00
3d3321e27d14f9aa,author_default,53,1,101,pending_no_gpu_admission,,,,4800,2026-10-11T16:00:00-06:00
3d3321e27d14f9aa,author_default,53,1,211,pending_no_gpu_admission,,,,4800,2026-10-11T16:00:00-06:00
3d3321e27d14f9aa,author_default,53,1,307,pending_no_gpu_admission,,,,4800,2026-10-11T16:00:00-06:00
3d3321e27d14f9aa,author_default,53,4,101,pending_no_gpu_admission,,,,4800,2026-10-11T16:00:00-06:00
3d3321e27d14f9aa,author_default,53,4,211,pending_no_gpu_admission,,,,4800,2026-10-11T16:00:00-06:00
3d3321e27d14f9aa,author_default,53,4,307,pending_no_gpu_admission,,,,4800,2026-10-11T16:00:00-06:00
3d3321e27d14f9aa,author_default,71,1,101,pending_no_gpu_admission,,,,4810,2026-10-11T16:10:00-06:00
3d3321e27d14f9aa,author_default,71,1,211,pending_no_gpu_admission,,,,4810,2026-10-11T16:10:00-06:00
3d3321e27d14f9aa,author_default,71,1,307,pending_no_gpu_admission,,,,4810,2026-10-11T16:10:00-06:00
3d3321e27d14f9aa,author_default,71,4,101,pending_no_gpu_admission,,,,4810,2026-10-11T16:10:00-06:00
3d3321e27d14f9aa,author_default,71,4,211,pending_no_gpu_admission,,,,4810,2026-10-11T16:10:00-06:00
3d3321e27d14f9aa,author_default,71,4,307,pending_no_gpu_admission,,,,4810,2026-10-11T16:10:00-06:00
3d3321e27d14f9aa,native_selected,11,1,101,pending_no_gpu_admission,,,,4760,2026-10-11T15:20:00-06:00
3d3321e27d14f9aa,native_selected,11,1,211,pending_no_gpu_admission,,,,4760,2026-10-11T15:20:00-06:00
3d3321e27d14f9aa,native_selected,11,1,307,pending_no_gpu_admission,,,,4760,2026-10-11T15:20:00-06:00
3d3321e27d14f9aa,native_selected,11,4,101,pending_no_gpu_admission,,,,4760,2026-10-11T15:20:00-06:00
3d3321e27d14f9aa,native_selected,11,4,211,pending_no_gpu_admission,,,,4760,2026-10-11T15:20:00-06:00
3d3321e27d14f9aa,native_selected,11,4,307,pending_no_gpu_admission,,,,4760,2026-10-11T15:20:00-06:00
3d3321e27d14f9aa,native_selected,23,1,101,pending_no_gpu_admission,,,,4820,2026-10-11T16:20:00-06:00
3d3321e27d14f9aa,native_selected,23,1,211,pending_no_gpu_admission,,,,4820,2026-10-11T16:20:00-06:00
3d3321e27d14f9aa,native_selected,23,1,307,pending_no_gpu_admission,,,,4820,2026-10-11T16:20:00-06:00
3d3321e27d14f9aa,native_selected,23,4,101,pending_no_gpu_admission,,,,4820,2026-10-11T16:20:00-06:00
3d3321e27d14f9aa,native_selected,23,4,211,pending_no_gpu_admission,,,,4820,2026-10-11T16:20:00-06:00
3d3321e27d14f9aa,native_selected,23,4,307,pending_no_gpu_admission,,,,4820,2026-10-11T16:20:00-06:00
3d3321e27d14f9aa,native_selected,37,1,101,pending_no_gpu_admission,,,,4830,2026-10-11T16:30:00-06:00
3d3321e27d14f9aa,native_selected,37,1,211,pending_no_gpu_admission,,,,4830,2026-10-11T16:30:00-06:00
3d3321e27d14f9aa,native_selected,37,1,307,pending_no_gpu_admission,,,,4830,2026-10-11T16:30:00-06:00
3d3321e27d14f9aa,native_selected,37,4,101,pending_no_gpu_admission,,,,4830,2026-10-11T16:30:00-06:00
3d3321e27d14f9aa,native_selected,37,4,211,pending_no_gpu_admission,,,,4830,2026-10-11T16:30:00-06:00
3d3321e27d14f9aa,native_selected,37,4,307,pending_no_gpu_admission,,,,4830,2026-10-11T16:30:00-06:00
3d3321e27d14f9aa,native_selected,53,1,101,pending_no_gpu_admission,,,,4840,2026-10-11T16:40:00-06:00
3d3321e27d14f9aa,native_selected,53,1,211,pending_no_gpu_admission,,,,4840,2026-10-11T16:40:00-06:00
3d3321e27d14f9aa,native_selected,53,1,307,pending_no_gpu_admission,,,,4840,2026-10-11T16:40:00-06:00
3d3321e27d14f9aa,native_selected,53,4,101,pending_no_gpu_admission,,,,4840,2026-10-11T16:40:00-06:00
3d3321e27d14f9aa,native_selected,53,4,211,pending_no_gpu_admission,,,,4840,2026-10-11T16:40:00-06:00
3d3321e27d14f9aa,native_selected,53,4,307,pending_no_gpu_admission,,,,4840,2026-10-11T16:40:00-06:00
3d3321e27d14f9aa,native_selected,71,1,101,pending_no_gpu_admission,,,,4850,2026-10-11T16:50:00-06:00
3d3321e27d14f9aa,native_selected,71,1,211,pending_no_gpu_admission,,,,4850,2026-10-11T16:50:00-06:00
3d3321e27d14f9aa,native_selected,71,1,307,pending_no_gpu_admission,,,,4850,2026-10-11T16:50:00-06:00
3d3321e27d14f9aa,native_selected,71,4,101,pending_no_gpu_admission,,,,4850,2026-10-11T16:50:00-06:00
3d3321e27d14f9aa,native_selected,71,4,211,pending_no_gpu_admission,,,,4850,2026-10-11T16:50:00-06:00
3d3321e27d14f9aa,native_selected,71,4,307,pending_no_gpu_admission,,,,4850,2026-10-11T16:50:00-06:00
44eaabe4cb923766,author_default,11,1,101,pending_no_gpu_admission,,,,4940,2026-10-11T18:20:00-06:00
44eaabe4cb923766,author_default,11,1,211,pending_no_gpu_admission,,,,4940,2026-10-11T18:20:00-06:00
44eaabe4cb923766,author_default,11,1,307,pending_no_gpu_admission,,,,4940,2026-10-11T18:20:00-06:00
44eaabe4cb923766,author_default,11,4,101,pending_no_gpu_admission,,,,4940,2026-10-11T18:20:00-06:00
44eaabe4cb923766,author_default,11,4,211,pending_no_gpu_admission,,,,4940,2026-10-11T18:20:00-06:00
44eaabe4cb923766,author_default,11,4,307,pending_no_gpu_admission,,,,4940,2026-10-11T18:20:00-06:00
44eaabe4cb923766,author_default,23,1,101,pending_no_gpu_admission,,,,4950,2026-10-11T18:30:00-06:00
44eaabe4cb923766,author_default,23,1,211,pending_no_gpu_admission,,,,4950,2026-10-11T18:30:00-06:00
44eaabe4cb923766,author_default,23,1,307,pending_no_gpu_admission,,,,4950,2026-10-11T18:30:00-06:00
44eaabe4cb923766,author_default,23,4,101,pending_no_gpu_admission,,,,4950,2026-10-11T18:30:00-06:00
44eaabe4cb923766,author_default,23,4,211,pending_no_gpu_admission,,,,4950,2026-10-11T18:30:00-06:00
44eaabe4cb923766,author_default,23,4,307,pending_no_gpu_admission,,,,4950,2026-10-11T18:30:00-06:00
44eaabe4cb923766,author_default,37,1,101,pending_no_gpu_admission,,,,4960,2026-10-11T18:40:00-06:00
44eaabe4cb923766,author_default,37,1,211,pending_no_gpu_admission,,,,4960,2026-10-11T18:40:00-06:00
44eaabe4cb923766,author_default,37,1,307,pending_no_gpu_admission,,,,4960,2026-10-11T18:40:00-06:00
44eaabe4cb923766,author_default,37,4,101,pending_no_gpu_admission,,,,4960,2026-10-11T18:40:00-06:00
44eaabe4cb923766,author_default,37,4,211,pending_no_gpu_admission,,,,4960,2026-10-11T18:40:00-06:00
44eaabe4cb923766,author_default,37,4,307,pending_no_gpu_admission,,,,4960,2026-10-11T18:40:00-06:00
44eaabe4cb923766,author_default,53,1,101,pending_no_gpu_admission,,,,4970,2026-10-11T18:50:00-06:00
44eaabe4cb923766,author_default,53,1,211,pending_no_gpu_admission,,,,4970,2026-10-11T18:50:00-06:00
44eaabe4cb923766,author_default,53,1,307,pending_no_gpu_admission,,,,4970,2026-10-11T18:50:00-06:00
44eaabe4cb923766,author_default,53,4,101,pending_no_gpu_admission,,,,4970,2026-10-11T18:50:00-06:00
44eaabe4cb923766,author_default,53,4,211,pending_no_gpu_admission,,,,4970,2026-10-11T18:50:00-06:00
44eaabe4cb923766,author_default,53,4,307,pending_no_gpu_admission,,,,4970,2026-10-11T18:50:00-06:00
44eaabe4cb923766,author_default,71,1,101,pending_no_gpu_admission,,,,4980,2026-10-11T19:00:00-06:00
44eaabe4cb923766,author_default,71,1,211,pending_no_gpu_admission,,,,4980,2026-10-11T19:00:00-06:00
44eaabe4cb923766,author_default,71,1,307,pending_no_gpu_admission,,,,4980,2026-10-11T19:00:00-06:00
44eaabe4cb923766,author_default,71,4,101,pending_no_gpu_admission,,,,4980,2026-10-11T19:00:00-06:00
44eaabe4cb923766,author_default,71,4,211,pending_no_gpu_admission,,,,4980,2026-10-11T19:00:00-06:00
44eaabe4cb923766,author_default,71,4,307,pending_no_gpu_admission,,,,4980,2026-10-11T19:00:00-06:00
44eaabe4cb923766,native_selected,11,1,101,pending_no_gpu_admission,,,,4930,2026-10-11T18:10:00-06:00
44eaabe4cb923766,native_selected,11,1,211,pending_no_gpu_admission,,,,4930,2026-10-11T18:10:00-06:00
44eaabe4cb923766,native_selected,11,1,307,pending_no_gpu_admission,,,,4930,2026-10-11T18:10:00-06:00
44eaabe4cb923766,native_selected,11,4,101,pending_no_gpu_admission,,,,4930,2026-10-11T18:10:00-06:00
44eaabe4cb923766,native_selected,11,4,211,pending_no_gpu_admission,,,,4930,2026-10-11T18:10:00-06:00
44eaabe4cb923766,native_selected,11,4,307,pending_no_gpu_admission,,,,4930,2026-10-11T18:10:00-06:00
44eaabe4cb923766,native_selected,23,1,101,pending_no_gpu_admission,,,,4990,2026-10-11T19:10:00-06:00
44eaabe4cb923766,native_selected,23,1,211,pending_no_gpu_admission,,,,4990,2026-10-11T19:10:00-06:00
44eaabe4cb923766,native_selected,23,1,307,pending_no_gpu_admission,,,,4990,2026-10-11T19:10:00-06:00
44eaabe4cb923766,native_selected,23,4,101,pending_no_gpu_admission,,,,4990,2026-10-11T19:10:00-06:00
44eaabe4cb923766,native_selected,23,4,211,pending_no_gpu_admission,,,,4990,2026-10-11T19:10:00-06:00
44eaabe4cb923766,native_selected,23,4,307,pending_no_gpu_admission,,,,4990,2026-10-11T19:10:00-06:00
44eaabe4cb923766,native_selected,37,1,101,pending_no_gpu_admission,,,,5000,2026-10-11T19:20:00-06:00
44eaabe4cb923766,native_selected,37,1,211,pending_no_gpu_admission,,,,5000,2026-10-11T19:20:00-06:00
44eaabe4cb923766,native_selected,37,1,307,pending_no_gpu_admission,,,,5000,2026-10-11T19:20:00-06:00
44eaabe4cb923766,native_selected,37,4,101,pending_no_gpu_admission,,,,5000,2026-10-11T19:20:00-06:00
44eaabe4cb923766,native_selected,37,4,211,pending_no_gpu_admission,,,,5000,2026-10-11T19:20:00-06:00
44eaabe4cb923766,native_selected,37,4,307,pending_no_gpu_admission,,,,5000,2026-10-11T19:20:00-06:00
44eaabe4cb923766,native_selected,53,1,101,pending_no_gpu_admission,,,,5010,2026-10-11T19:30:00-06:00
44eaabe4cb923766,native_selected,53,1,211,pending_no_gpu_admission,,,,5010,2026-10-11T19:30:00-06:00
44eaabe4cb923766,native_selected,53,1,307,pending_no_gpu_admission,,,,5010,2026-10-11T19:30:00-06:00
44eaabe4cb923766,native_selected,53,4,101,pending_no_gpu_admission,,,,5010,2026-10-11T19:30:00-06:00
44eaabe4cb923766,native_selected,53,4,211,pending_no_gpu_admission,,,,5010,2026-10-11T19:30:00-06:00
44eaabe4cb923766,native_selected,53,4,307,pending_no_gpu_admission,,,,5010,2026-10-11T19:30:00-06:00
44eaabe4cb923766,native_selected,71,1,101,pending_no_gpu_admission,,,,5020,2026-10-11T19:40:00-06:00
44eaabe4cb923766,native_selected,71,1,211,pending_no_gpu_admission,,,,5020,2026-10-11T19:40:00-06:00
44eaabe4cb923766,native_selected,71,1,307,pending_no_gpu_admission,,,,5020,2026-10-11T19:40:00-06:00
44eaabe4cb923766,native_selected,71,4,101,pending_no_gpu_admission,,,,5020,2026-10-11T19:40:00-06:00
44eaabe4cb923766,native_selected,71,4,211,pending_no_gpu_admission,,,,5020,2026-10-11T19:40:00-06:00
44eaabe4cb923766,native_selected,71,4,307,pending_no_gpu_admission,,,,5020,2026-10-11T19:40:00-06:00
46b25db9396c8209,author_default,11,1,101,pending_no_gpu_admission,,,,5110,2026-10-11T21:10:00-06:00
46b25db9396c8209,author_default,11,1,211,pending_no_gpu_admission,,,,5110,2026-10-11T21:10:00-06:00
46b25db9396c8209,author_default,11,1,307,pending_no_gpu_admission,,,,5110,2026-10-11T21:10:00-06:00
46b25db9396c8209,author_default,11,4,101,pending_no_gpu_admission,,,,5110,2026-10-11T21:10:00-06:00
46b25db9396c8209,author_default,11,4,211,pending_no_gpu_admission,,,,5110,2026-10-11T21:10:00-06:00
46b25db9396c8209,author_default,11,4,307,pending_no_gpu_admission,,,,5110,2026-10-11T21:10:00-06:00
46b25db9396c8209,author_default,23,1,101,pending_no_gpu_admission,,,,5120,2026-10-11T21:20:00-06:00
46b25db9396c8209,author_default,23,1,211,pending_no_gpu_admission,,,,5120,2026-10-11T21:20:00-06:00
46b25db9396c8209,author_default,23,1,307,pending_no_gpu_admission,,,,5120,2026-10-11T21:20:00-06:00
46b25db9396c8209,author_default,23,4,101,pending_no_gpu_admission,,,,5120,2026-10-11T21:20:00-06:00
46b25db9396c8209,author_default,23,4,211,pending_no_gpu_admission,,,,5120,2026-10-11T21:20:00-06:00
46b25db9396c8209,author_default,23,4,307,pending_no_gpu_admission,,,,5120,2026-10-11T21:20:00-06:00
46b25db9396c8209,author_default,37,1,101,pending_no_gpu_admission,,,,5130,2026-10-11T21:30:00-06:00
46b25db9396c8209,author_default,37,1,211,pending_no_gpu_admission,,,,5130,2026-10-11T21:30:00-06:00
46b25db9396c8209,author_default,37,1,307,pending_no_gpu_admission,,,,5130,2026-10-11T21:30:00-06:00
46b25db9396c8209,author_default,37,4,101,pending_no_gpu_admission,,,,5130,2026-10-11T21:30:00-06:00
46b25db9396c8209,author_default,37,4,211,pending_no_gpu_admission,,,,5130,2026-10-11T21:30:00-06:00
46b25db9396c8209,author_default,37,4,307,pending_no_gpu_admission,,,,5130,2026-10-11T21:30:00-06:00
46b25db9396c8209,author_default,53,1,101,pending_no_gpu_admission,,,,5140,2026-10-11T21:40:00-06:00
46b25db9396c8209,author_default,53,1,211,pending_no_gpu_admission,,,,5140,2026-10-11T21:40:00-06:00
46b25db9396c8209,author_default,53,1,307,pending_no_gpu_admission,,,,5140,2026-10-11T21:40:00-06:00
46b25db9396c8209,author_default,53,4,101,pending_no_gpu_admission,,,,5140,2026-10-11T21:40:00-06:00
46b25db9396c8209,author_default,53,4,211,pending_no_gpu_admission,,,,5140,2026-10-11T21:40:00-06:00
46b25db9396c8209,author_default,53,4,307,pending_no_gpu_admission,,,,5140,2026-10-11T21:40:00-06:00
46b25db9396c8209,author_default,71,1,101,pending_no_gpu_admission,,,,5150,2026-10-11T21:50:00-06:00
46b25db9396c8209,author_default,71,1,211,pending_no_gpu_admission,,,,5150,2026-10-11T21:50:00-06:00
46b25db9396c8209,author_default,71,1,307,pending_no_gpu_admission,,,,5150,2026-10-11T21:50:00-06:00
46b25db9396c8209,author_default,71,4,101,pending_no_gpu_admission,,,,5150,2026-10-11T21:50:00-06:00
46b25db9396c8209,author_default,71,4,211,pending_no_gpu_admission,,,,5150,2026-10-11T21:50:00-06:00
46b25db9396c8209,author_default,71,4,307,pending_no_gpu_admission,,,,5150,2026-10-11T21:50:00-06:00
46b25db9396c8209,native_selected,11,1,101,pending_no_gpu_admission,,,,5100,2026-10-11T21:00:00-06:00
46b25db9396c8209,native_selected,11,1,211,pending_no_gpu_admission,,,,5100,2026-10-11T21:00:00-06:00
46b25db9396c8209,native_selected,11,1,307,pending_no_gpu_admission,,,,5100,2026-10-11T21:00:00-06:00
46b25db9396c8209,native_selected,11,4,101,pending_no_gpu_admission,,,,5100,2026-10-11T21:00:00-06:00
46b25db9396c8209,native_selected,11,4,211,pending_no_gpu_admission,,,,5100,2026-10-11T21:00:00-06:00
46b25db9396c8209,native_selected,11,4,307,pending_no_gpu_admission,,,,5100,2026-10-11T21:00:00-06:00
46b25db9396c8209,native_selected,23,1,101,pending_no_gpu_admission,,,,5160,2026-10-11T22:00:00-06:00
46b25db9396c8209,native_selected,23,1,211,pending_no_gpu_admission,,,,5160,2026-10-11T22:00:00-06:00
46b25db9396c8209,native_selected,23,1,307,pending_no_gpu_admission,,,,5160,2026-10-11T22:00:00-06:00
46b25db9396c8209,native_selected,23,4,101,pending_no_gpu_admission,,,,5160,2026-10-11T22:00:00-06:00
46b25db9396c8209,native_selected,23,4,211,pending_no_gpu_admission,,,,5160,2026-10-11T22:00:00-06:00
46b25db9396c8209,native_selected,23,4,307,pending_no_gpu_admission,,,,5160,2026-10-11T22:00:00-06:00
46b25db9396c8209,native_selected,37,1,101,pending_no_gpu_admission,,,,5170,2026-10-11T22:10:00-06:00
46b25db9396c8209,native_selected,37,1,211,pending_no_gpu_admission,,,,5170,2026-10-11T22:10:00-06:00
46b25db9396c8209,native_selected,37,1,307,pending_no_gpu_admission,,,,5170,2026-10-11T22:10:00-06:00
46b25db9396c8209,native_selected,37,4,101,pending_no_gpu_admission,,,,5170,2026-10-11T22:10:00-06:00
46b25db9396c8209,native_selected,37,4,211,pending_no_gpu_admission,,,,5170,2026-10-11T22:10:00-06:00
46b25db9396c8209,native_selected,37,4,307,pending_no_gpu_admission,,,,5170,2026-10-11T22:10:00-06:00
46b25db9396c8209,native_selected,53,1,101,pending_no_gpu_admission,,,,5180,2026-10-11T22:20:00-06:00
46b25db9396c8209,native_selected,53,1,211,pending_no_gpu_admission,,,,5180,2026-10-11T22:20:00-06:00
46b25db9396c8209,native_selected,53,1,307,pending_no_gpu_admission,,,,5180,2026-10-11T22:20:00-06:00
46b25db9396c8209,native_selected,53,4,101,pending_no_gpu_admission,,,,5180,2026-10-11T22:20:00-06:00
46b25db9396c8209,native_selected,53,4,211,pending_no_gpu_admission,,,,5180,2026-10-11T22:20:00-06:00
46b25db9396c8209,native_selected,53,4,307,pending_no_gpu_admission,,,,5180,2026-10-11T22:20:00-06:00
46b25db9396c8209,native_selected,71,1,101,pending_no_gpu_admission,,,,5190,2026-10-11T22:30:00-06:00
46b25db9396c8209,native_selected,71,1,211,pending_no_gpu_admission,,,,5190,2026-10-11T22:30:00-06:00
46b25db9396c8209,native_selected,71,1,307,pending_no_gpu_admission,,,,5190,2026-10-11T22:30:00-06:00
46b25db9396c8209,native_selected,71,4,101,pending_no_gpu_admission,,,,5190,2026-10-11T22:30:00-06:00
46b25db9396c8209,native_selected,71,4,211,pending_no_gpu_admission,,,,5190,2026-10-11T22:30:00-06:00
46b25db9396c8209,native_selected,71,4,307,pending_no_gpu_admission,,,,5190,2026-10-11T22:30:00-06:00
46c5a59e5ae42037,author_default,11,1,101,pending_no_gpu_admission,,,,5280,2026-10-12T00:00:00-06:00
46c5a59e5ae42037,author_default,11,1,211,pending_no_gpu_admission,,,,5280,2026-10-12T00:00:00-06:00
46c5a59e5ae42037,author_default,11,1,307,pending_no_gpu_admission,,,,5280,2026-10-12T00:00:00-06:00
46c5a59e5ae42037,author_default,11,4,101,pending_no_gpu_admission,,,,5280,2026-10-12T00:00:00-06:00
46c5a59e5ae42037,author_default,11,4,211,pending_no_gpu_admission,,,,5280,2026-10-12T00:00:00-06:00
46c5a59e5ae42037,author_default,11,4,307,pending_no_gpu_admission,,,,5280,2026-10-12T00:00:00-06:00
46c5a59e5ae42037,author_default,23,1,101,pending_no_gpu_admission,,,,5290,2026-10-12T00:10:00-06:00
46c5a59e5ae42037,author_default,23,1,211,pending_no_gpu_admission,,,,5290,2026-10-12T00:10:00-06:00
46c5a59e5ae42037,author_default,23,1,307,pending_no_gpu_admission,,,,5290,2026-10-12T00:10:00-06:00
46c5a59e5ae42037,author_default,23,4,101,pending_no_gpu_admission,,,,5290,2026-10-12T00:10:00-06:00
46c5a59e5ae42037,author_default,23,4,211,pending_no_gpu_admission,,,,5290,2026-10-12T00:10:00-06:00
46c5a59e5ae42037,author_default,23,4,307,pending_no_gpu_admission,,,,5290,2026-10-12T00:10:00-06:00
46c5a59e5ae42037,author_default,37,1,101,pending_no_gpu_admission,,,,5300,2026-10-12T00:20:00-06:00
46c5a59e5ae42037,author_default,37,1,211,pending_no_gpu_admission,,,,5300,2026-10-12T00:20:00-06:00
46c5a59e5ae42037,author_default,37,1,307,pending_no_gpu_admission,,,,5300,2026-10-12T00:20:00-06:00
46c5a59e5ae42037,author_default,37,4,101,pending_no_gpu_admission,,,,5300,2026-10-12T00:20:00-06:00
46c5a59e5ae42037,author_default,37,4,211,pending_no_gpu_admission,,,,5300,2026-10-12T00:20:00-06:00
46c5a59e5ae42037,author_default,37,4,307,pending_no_gpu_admission,,,,5300,2026-10-12T00:20:00-06:00
46c5a59e5ae42037,author_default,53,1,101,pending_no_gpu_admission,,,,5310,2026-10-12T00:30:00-06:00
46c5a59e5ae42037,author_default,53,1,211,pending_no_gpu_admission,,,,5310,2026-10-12T00:30:00-06:00
46c5a59e5ae42037,author_default,53,1,307,pending_no_gpu_admission,,,,5310,2026-10-12T00:30:00-06:00
46c5a59e5ae42037,author_default,53,4,101,pending_no_gpu_admission,,,,5310,2026-10-12T00:30:00-06:00
46c5a59e5ae42037,author_default,53,4,211,pending_no_gpu_admission,,,,5310,2026-10-12T00:30:00-06:00
46c5a59e5ae42037,author_default,53,4,307,pending_no_gpu_admission,,,,5310,2026-10-12T00:30:00-06:00
46c5a59e5ae42037,author_default,71,1,101,pending_no_gpu_admission,,,,5320,2026-10-12T00:40:00-06:00
46c5a59e5ae42037,author_default,71,1,211,pending_no_gpu_admission,,,,5320,2026-10-12T00:40:00-06:00
46c5a59e5ae42037,author_default,71,1,307,pending_no_gpu_admission,,,,5320,2026-10-12T00:40:00-06:00
46c5a59e5ae42037,author_default,71,4,101,pending_no_gpu_admission,,,,5320,2026-10-12T00:40:00-06:00
46c5a59e5ae42037,author_default,71,4,211,pending_no_gpu_admission,,,,5320,2026-10-12T00:40:00-06:00
46c5a59e5ae42037,author_default,71,4,307,pending_no_gpu_admission,,,,5320,2026-10-12T00:40:00-06:00
46c5a59e5ae42037,native_selected,11,1,101,pending_no_gpu_admission,,,,5270,2026-10-11T23:50:00-06:00
46c5a59e5ae42037,native_selected,11,1,211,pending_no_gpu_admission,,,,5270,2026-10-11T23:50:00-06:00
46c5a59e5ae42037,native_selected,11,1,307,pending_no_gpu_admission,,,,5270,2026-10-11T23:50:00-06:00
46c5a59e5ae42037,native_selected,11,4,101,pending_no_gpu_admission,,,,5270,2026-10-11T23:50:00-06:00
46c5a59e5ae42037,native_selected,11,4,211,pending_no_gpu_admission,,,,5270,2026-10-11T23:50:00-06:00
46c5a59e5ae42037,native_selected,11,4,307,pending_no_gpu_admission,,,,5270,2026-10-11T23:50:00-06:00
46c5a59e5ae42037,native_selected,23,1,101,pending_no_gpu_admission,,,,5330,2026-10-12T00:50:00-06:00
46c5a59e5ae42037,native_selected,23,1,211,pending_no_gpu_admission,,,,5330,2026-10-12T00:50:00-06:00
46c5a59e5ae42037,native_selected,23,1,307,pending_no_gpu_admission,,,,5330,2026-10-12T00:50:00-06:00
46c5a59e5ae42037,native_selected,23,4,101,pending_no_gpu_admission,,,,5330,2026-10-12T00:50:00-06:00
46c5a59e5ae42037,native_selected,23,4,211,pending_no_gpu_admission,,,,5330,2026-10-12T00:50:00-06:00
46c5a59e5ae42037,native_selected,23,4,307,pending_no_gpu_admission,,,,5330,2026-10-12T00:50:00-06:00
46c5a59e5ae42037,native_selected,37,1,101,pending_no_gpu_admission,,,,5340,2026-10-12T01:00:00-06:00
46c5a59e5ae42037,native_selected,37,1,211,pending_no_gpu_admission,,,,5340,2026-10-12T01:00:00-06:00
46c5a59e5ae42037,native_selected,37,1,307,pending_no_gpu_admission,,,,5340,2026-10-12T01:00:00-06:00
46c5a59e5ae42037,native_selected,37,4,101,pending_no_gpu_admission,,,,5340,2026-10-12T01:00:00-06:00
46c5a59e5ae42037,native_selected,37,4,211,pending_no_gpu_admission,,,,5340,2026-10-12T01:00:00-06:00
46c5a59e5ae42037,native_selected,37,4,307,pending_no_gpu_admission,,,,5340,2026-10-12T01:00:00-06:00
46c5a59e5ae42037,native_selected,53,1,101,pending_no_gpu_admission,,,,5350,2026-10-12T01:10:00-06:00
46c5a59e5ae42037,native_selected,53,1,211,pending_no_gpu_admission,,,,5350,2026-10-12T01:10:00-06:00
46c5a59e5ae42037,native_selected,53,1,307,pending_no_gpu_admission,,,,5350,2026-10-12T01:10:00-06:00
46c5a59e5ae42037,native_selected,53,4,101,pending_no_gpu_admission,,,,5350,2026-10-12T01:10:00-06:00
46c5a59e5ae42037,native_selected,53,4,211,pending_no_gpu_admission,,,,5350,2026-10-12T01:10:00-06:00
46c5a59e5ae42037,native_selected,53,4,307,pending_no_gpu_admission,,,,5350,2026-10-12T01:10:00-06:00
46c5a59e5ae42037,native_selected,71,1,101,pending_no_gpu_admission,,,,5360,2026-10-12T01:20:00-06:00
46c5a59e5ae42037,native_selected,71,1,211,pending_no_gpu_admission,,,,5360,2026-10-12T01:20:00-06:00
46c5a59e5ae42037,native_selected,71,1,307,pending_no_gpu_admission,,,,5360,2026-10-12T01:20:00-06:00
46c5a59e5ae42037,native_selected,71,4,101,pending_no_gpu_admission,,,,5360,2026-10-12T01:20:00-06:00
46c5a59e5ae42037,native_selected,71,4,211,pending_no_gpu_admission,,,,5360,2026-10-12T01:20:00-06:00
46c5a59e5ae42037,native_selected,71,4,307,pending_no_gpu_admission,,,,5360,2026-10-12T01:20:00-06:00
471f11cc2d38853a,author_default,11,1,101,pending_no_gpu_admission,,,,5450,2026-10-12T02:50:00-06:00
471f11cc2d38853a,author_default,11,1,211,pending_no_gpu_admission,,,,5450,2026-10-12T02:50:00-06:00
471f11cc2d38853a,author_default,11,1,307,pending_no_gpu_admission,,,,5450,2026-10-12T02:50:00-06:00
471f11cc2d38853a,author_default,11,4,101,pending_no_gpu_admission,,,,5450,2026-10-12T02:50:00-06:00
471f11cc2d38853a,author_default,11,4,211,pending_no_gpu_admission,,,,5450,2026-10-12T02:50:00-06:00
471f11cc2d38853a,author_default,11,4,307,pending_no_gpu_admission,,,,5450,2026-10-12T02:50:00-06:00
471f11cc2d38853a,author_default,23,1,101,pending_no_gpu_admission,,,,5460,2026-10-12T03:00:00-06:00
471f11cc2d38853a,author_default,23,1,211,pending_no_gpu_admission,,,,5460,2026-10-12T03:00:00-06:00
471f11cc2d38853a,author_default,23,1,307,pending_no_gpu_admission,,,,5460,2026-10-12T03:00:00-06:00
471f11cc2d38853a,author_default,23,4,101,pending_no_gpu_admission,,,,5460,2026-10-12T03:00:00-06:00
471f11cc2d38853a,author_default,23,4,211,pending_no_gpu_admission,,,,5460,2026-10-12T03:00:00-06:00
471f11cc2d38853a,author_default,23,4,307,pending_no_gpu_admission,,,,5460,2026-10-12T03:00:00-06:00
471f11cc2d38853a,author_default,37,1,101,pending_no_gpu_admission,,,,5470,2026-10-12T03:10:00-06:00
471f11cc2d38853a,author_default,37,1,211,pending_no_gpu_admission,,,,5470,2026-10-12T03:10:00-06:00
471f11cc2d38853a,author_default,37,1,307,pending_no_gpu_admission,,,,5470,2026-10-12T03:10:00-06:00
471f11cc2d38853a,author_default,37,4,101,pending_no_gpu_admission,,,,5470,2026-10-12T03:10:00-06:00
471f11cc2d38853a,author_default,37,4,211,pending_no_gpu_admission,,,,5470,2026-10-12T03:10:00-06:00
471f11cc2d38853a,author_default,37,4,307,pending_no_gpu_admission,,,,5470,2026-10-12T03:10:00-06:00
471f11cc2d38853a,author_default,53,1,101,pending_no_gpu_admission,,,,5480,2026-10-12T03:20:00-06:00
471f11cc2d38853a,author_default,53,1,211,pending_no_gpu_admission,,,,5480,2026-10-12T03:20:00-06:00
471f11cc2d38853a,author_default,53,1,307,pending_no_gpu_admission,,,,5480,2026-10-12T03:20:00-06:00
471f11cc2d38853a,author_default,53,4,101,pending_no_gpu_admission,,,,5480,2026-10-12T03:20:00-06:00
471f11cc2d38853a,author_default,53,4,211,pending_no_gpu_admission,,,,5480,2026-10-12T03:20:00-06:00
471f11cc2d38853a,author_default,53,4,307,pending_no_gpu_admission,,,,5480,2026-10-12T03:20:00-06:00
471f11cc2d38853a,author_default,71,1,101,pending_no_gpu_admission,,,,5490,2026-10-12T03:30:00-06:00
471f11cc2d38853a,author_default,71,1,211,pending_no_gpu_admission,,,,5490,2026-10-12T03:30:00-06:00
471f11cc2d38853a,author_default,71,1,307,pending_no_gpu_admission,,,,5490,2026-10-12T03:30:00-06:00
471f11cc2d38853a,author_default,71,4,101,pending_no_gpu_admission,,,,5490,2026-10-12T03:30:00-06:00
471f11cc2d38853a,author_default,71,4,211,pending_no_gpu_admission,,,,5490,2026-10-12T03:30:00-06:00
471f11cc2d38853a,author_default,71,4,307,pending_no_gpu_admission,,,,5490,2026-10-12T03:30:00-06:00
471f11cc2d38853a,native_selected,11,1,101,pending_no_gpu_admission,,,,5440,2026-10-12T02:40:00-06:00
471f11cc2d38853a,native_selected,11,1,211,pending_no_gpu_admission,,,,5440,2026-10-12T02:40:00-06:00
471f11cc2d38853a,native_selected,11,1,307,pending_no_gpu_admission,,,,5440,2026-10-12T02:40:00-06:00
471f11cc2d38853a,native_selected,11,4,101,pending_no_gpu_admission,,,,5440,2026-10-12T02:40:00-06:00
471f11cc2d38853a,native_selected,11,4,211,pending_no_gpu_admission,,,,5440,2026-10-12T02:40:00-06:00
471f11cc2d38853a,native_selected,11,4,307,pending_no_gpu_admission,,,,5440,2026-10-12T02:40:00-06:00
471f11cc2d38853a,native_selected,23,1,101,pending_no_gpu_admission,,,,5500,2026-10-12T03:40:00-06:00
471f11cc2d38853a,native_selected,23,1,211,pending_no_gpu_admission,,,,5500,2026-10-12T03:40:00-06:00
471f11cc2d38853a,native_selected,23,1,307,pending_no_gpu_admission,,,,5500,2026-10-12T03:40:00-06:00
471f11cc2d38853a,native_selected,23,4,101,pending_no_gpu_admission,,,,5500,2026-10-12T03:40:00-06:00
471f11cc2d38853a,native_selected,23,4,211,pending_no_gpu_admission,,,,5500,2026-10-12T03:40:00-06:00
471f11cc2d38853a,native_selected,23,4,307,pending_no_gpu_admission,,,,5500,2026-10-12T03:40:00-06:00
471f11cc2d38853a,native_selected,37,1,101,pending_no_gpu_admission,,,,5510,2026-10-12T03:50:00-06:00
471f11cc2d38853a,native_selected,37,1,211,pending_no_gpu_admission,,,,5510,2026-10-12T03:50:00-06:00
471f11cc2d38853a,native_selected,37,1,307,pending_no_gpu_admission,,,,5510,2026-10-12T03:50:00-06:00
471f11cc2d38853a,native_selected,37,4,101,pending_no_gpu_admission,,,,5510,2026-10-12T03:50:00-06:00
471f11cc2d38853a,native_selected,37,4,211,pending_no_gpu_admission,,,,5510,2026-10-12T03:50:00-06:00
471f11cc2d38853a,native_selected,37,4,307,pending_no_gpu_admission,,,,5510,2026-10-12T03:50:00-06:00
471f11cc2d38853a,native_selected,53,1,101,pending_no_gpu_admission,,,,5520,2026-10-12T04:00:00-06:00
471f11cc2d38853a,native_selected,53,1,211,pending_no_gpu_admission,,,,5520,2026-10-12T04:00:00-06:00
471f11cc2d38853a,native_selected,53,1,307,pending_no_gpu_admission,,,,5520,2026-10-12T04:00:00-06:00
471f11cc2d38853a,native_selected,53,4,101,pending_no_gpu_admission,,,,5520,2026-10-12T04:00:00-06:00
471f11cc2d38853a,native_selected,53,4,211,pending_no_gpu_admission,,,,5520,2026-10-12T04:00:00-06:00
471f11cc2d38853a,native_selected,53,4,307,pending_no_gpu_admission,,,,5520,2026-10-12T04:00:00-06:00
471f11cc2d38853a,native_selected,71,1,101,pending_no_gpu_admission,,,,5530,2026-10-12T04:10:00-06:00
471f11cc2d38853a,native_selected,71,1,211,pending_no_gpu_admission,,,,5530,2026-10-12T04:10:00-06:00
471f11cc2d38853a,native_selected,71,1,307,pending_no_gpu_admission,,,,5530,2026-10-12T04:10:00-06:00
471f11cc2d38853a,native_selected,71,4,101,pending_no_gpu_admission,,,,5530,2026-10-12T04:10:00-06:00
471f11cc2d38853a,native_selected,71,4,211,pending_no_gpu_admission,,,,5530,2026-10-12T04:10:00-06:00
471f11cc2d38853a,native_selected,71,4,307,pending_no_gpu_admission,,,,5530,2026-10-12T04:10:00-06:00
47c581af5de1136b,author_default,11,1,101,pending_no_gpu_admission,,,,5620,2026-10-12T05:40:00-06:00
47c581af5de1136b,author_default,11,1,211,pending_no_gpu_admission,,,,5620,2026-10-12T05:40:00-06:00
47c581af5de1136b,author_default,11,1,307,pending_no_gpu_admission,,,,5620,2026-10-12T05:40:00-06:00
47c581af5de1136b,author_default,11,4,101,pending_no_gpu_admission,,,,5620,2026-10-12T05:40:00-06:00
47c581af5de1136b,author_default,11,4,211,pending_no_gpu_admission,,,,5620,2026-10-12T05:40:00-06:00
47c581af5de1136b,author_default,11,4,307,pending_no_gpu_admission,,,,5620,2026-10-12T05:40:00-06:00
47c581af5de1136b,author_default,23,1,101,pending_no_gpu_admission,,,,5630,2026-10-12T05:50:00-06:00
47c581af5de1136b,author_default,23,1,211,pending_no_gpu_admission,,,,5630,2026-10-12T05:50:00-06:00
47c581af5de1136b,author_default,23,1,307,pending_no_gpu_admission,,,,5630,2026-10-12T05:50:00-06:00
47c581af5de1136b,author_default,23,4,101,pending_no_gpu_admission,,,,5630,2026-10-12T05:50:00-06:00
47c581af5de1136b,author_default,23,4,211,pending_no_gpu_admission,,,,5630,2026-10-12T05:50:00-06:00
47c581af5de1136b,author_default,23,4,307,pending_no_gpu_admission,,,,5630,2026-10-12T05:50:00-06:00
47c581af5de1136b,author_default,37,1,101,pending_no_gpu_admission,,,,5640,2026-10-12T06:00:00-06:00
47c581af5de1136b,author_default,37,1,211,pending_no_gpu_admission,,,,5640,2026-10-12T06:00:00-06:00
47c581af5de1136b,author_default,37,1,307,pending_no_gpu_admission,,,,5640,2026-10-12T06:00:00-06:00
47c581af5de1136b,author_default,37,4,101,pending_no_gpu_admission,,,,5640,2026-10-12T06:00:00-06:00
47c581af5de1136b,author_default,37,4,211,pending_no_gpu_admission,,,,5640,2026-10-12T06:00:00-06:00
47c581af5de1136b,author_default,37,4,307,pending_no_gpu_admission,,,,5640,2026-10-12T06:00:00-06:00
47c581af5de1136b,author_default,53,1,101,pending_no_gpu_admission,,,,5650,2026-10-12T06:10:00-06:00
47c581af5de1136b,author_default,53,1,211,pending_no_gpu_admission,,,,5650,2026-10-12T06:10:00-06:00
47c581af5de1136b,author_default,53,1,307,pending_no_gpu_admission,,,,5650,2026-10-12T06:10:00-06:00
47c581af5de1136b,author_default,53,4,101,pending_no_gpu_admission,,,,5650,2026-10-12T06:10:00-06:00
47c581af5de1136b,author_default,53,4,211,pending_no_gpu_admission,,,,5650,2026-10-12T06:10:00-06:00
47c581af5de1136b,author_default,53,4,307,pending_no_gpu_admission,,,,5650,2026-10-12T06:10:00-06:00
47c581af5de1136b,author_default,71,1,101,pending_no_gpu_admission,,,,5660,2026-10-12T06:20:00-06:00
47c581af5de1136b,author_default,71,1,211,pending_no_gpu_admission,,,,5660,2026-10-12T06:20:00-06:00
47c581af5de1136b,author_default,71,1,307,pending_no_gpu_admission,,,,5660,2026-10-12T06:20:00-06:00
47c581af5de1136b,author_default,71,4,101,pending_no_gpu_admission,,,,5660,2026-10-12T06:20:00-06:00
47c581af5de1136b,author_default,71,4,211,pending_no_gpu_admission,,,,5660,2026-10-12T06:20:00-06:00
47c581af5de1136b,author_default,71,4,307,pending_no_gpu_admission,,,,5660,2026-10-12T06:20:00-06:00
47c581af5de1136b,native_selected,11,1,101,pending_no_gpu_admission,,,,5610,2026-10-12T05:30:00-06:00
47c581af5de1136b,native_selected,11,1,211,pending_no_gpu_admission,,,,5610,2026-10-12T05:30:00-06:00
47c581af5de1136b,native_selected,11,1,307,pending_no_gpu_admission,,,,5610,2026-10-12T05:30:00-06:00
47c581af5de1136b,native_selected,11,4,101,pending_no_gpu_admission,,,,5610,2026-10-12T05:30:00-06:00
47c581af5de1136b,native_selected,11,4,211,pending_no_gpu_admission,,,,5610,2026-10-12T05:30:00-06:00
47c581af5de1136b,native_selected,11,4,307,pending_no_gpu_admission,,,,5610,2026-10-12T05:30:00-06:00
47c581af5de1136b,native_selected,23,1,101,pending_no_gpu_admission,,,,5670,2026-10-12T06:30:00-06:00
47c581af5de1136b,native_selected,23,1,211,pending_no_gpu_admission,,,,5670,2026-10-12T06:30:00-06:00
47c581af5de1136b,native_selected,23,1,307,pending_no_gpu_admission,,,,5670,2026-10-12T06:30:00-06:00
47c581af5de1136b,native_selected,23,4,101,pending_no_gpu_admission,,,,5670,2026-10-12T06:30:00-06:00
47c581af5de1136b,native_selected,23,4,211,pending_no_gpu_admission,,,,5670,2026-10-12T06:30:00-06:00
47c581af5de1136b,native_selected,23,4,307,pending_no_gpu_admission,,,,5670,2026-10-12T06:30:00-06:00
47c581af5de1136b,native_selected,37,1,101,pending_no_gpu_admission,,,,5680,2026-10-12T06:40:00-06:00
47c581af5de1136b,native_selected,37,1,211,pending_no_gpu_admission,,,,5680,2026-10-12T06:40:00-06:00
47c581af5de1136b,native_selected,37,1,307,pending_no_gpu_admission,,,,5680,2026-10-12T06:40:00-06:00
47c581af5de1136b,native_selected,37,4,101,pending_no_gpu_admission,,,,5680,2026-10-12T06:40:00-06:00
47c581af5de1136b,native_selected,37,4,211,pending_no_gpu_admission,,,,5680,2026-10-12T06:40:00-06:00
47c581af5de1136b,native_selected,37,4,307,pending_no_gpu_admission,,,,5680,2026-10-12T06:40:00-06:00
47c581af5de1136b,native_selected,53,1,101,pending_no_gpu_admission,,,,5690,2026-10-12T06:50:00-06:00
47c581af5de1136b,native_selected,53,1,211,pending_no_gpu_admission,,,,5690,2026-10-12T06:50:00-06:00
47c581af5de1136b,native_selected,53,1,307,pending_no_gpu_admission,,,,5690,2026-10-12T06:50:00-06:00
47c581af5de1136b,native_selected,53,4,101,pending_no_gpu_admission,,,,5690,2026-10-12T06:50:00-06:00
47c581af5de1136b,native_selected,53,4,211,pending_no_gpu_admission,,,,5690,2026-10-12T06:50:00-06:00
47c581af5de1136b,native_selected,53,4,307,pending_no_gpu_admission,,,,5690,2026-10-12T06:50:00-06:00
47c581af5de1136b,native_selected,71,1,101,pending_no_gpu_admission,,,,5700,2026-10-12T07:00:00-06:00
47c581af5de1136b,native_selected,71,1,211,pending_no_gpu_admission,,,,5700,2026-10-12T07:00:00-06:00
47c581af5de1136b,native_selected,71,1,307,pending_no_gpu_admission,,,,5700,2026-10-12T07:00:00-06:00
47c581af5de1136b,native_selected,71,4,101,pending_no_gpu_admission,,,,5700,2026-10-12T07:00:00-06:00
47c581af5de1136b,native_selected,71,4,211,pending_no_gpu_admission,,,,5700,2026-10-12T07:00:00-06:00
47c581af5de1136b,native_selected,71,4,307,pending_no_gpu_admission,,,,5700,2026-10-12T07:00:00-06:00
48b7a3bf81e5f3e5,author_default,11,1,101,pending_no_gpu_admission,,,,5790,2026-10-12T08:30:00-06:00
48b7a3bf81e5f3e5,author_default,11,1,211,pending_no_gpu_admission,,,,5790,2026-10-12T08:30:00-06:00
48b7a3bf81e5f3e5,author_default,11,1,307,pending_no_gpu_admission,,,,5790,2026-10-12T08:30:00-06:00
48b7a3bf81e5f3e5,author_default,11,4,101,pending_no_gpu_admission,,,,5790,2026-10-12T08:30:00-06:00
48b7a3bf81e5f3e5,author_default,11,4,211,pending_no_gpu_admission,,,,5790,2026-10-12T08:30:00-06:00
48b7a3bf81e5f3e5,author_default,11,4,307,pending_no_gpu_admission,,,,5790,2026-10-12T08:30:00-06:00
48b7a3bf81e5f3e5,author_default,23,1,101,pending_no_gpu_admission,,,,5800,2026-10-12T08:40:00-06:00
48b7a3bf81e5f3e5,author_default,23,1,211,pending_no_gpu_admission,,,,5800,2026-10-12T08:40:00-06:00
48b7a3bf81e5f3e5,author_default,23,1,307,pending_no_gpu_admission,,,,5800,2026-10-12T08:40:00-06:00
48b7a3bf81e5f3e5,author_default,23,4,101,pending_no_gpu_admission,,,,5800,2026-10-12T08:40:00-06:00
48b7a3bf81e5f3e5,author_default,23,4,211,pending_no_gpu_admission,,,,5800,2026-10-12T08:40:00-06:00
48b7a3bf81e5f3e5,author_default,23,4,307,pending_no_gpu_admission,,,,5800,2026-10-12T08:40:00-06:00
48b7a3bf81e5f3e5,author_default,37,1,101,pending_no_gpu_admission,,,,5810,2026-10-12T08:50:00-06:00
48b7a3bf81e5f3e5,author_default,37,1,211,pending_no_gpu_admission,,,,5810,2026-10-12T08:50:00-06:00
48b7a3bf81e5f3e5,author_default,37,1,307,pending_no_gpu_admission,,,,5810,2026-10-12T08:50:00-06:00
48b7a3bf81e5f3e5,author_default,37,4,101,pending_no_gpu_admission,,,,5810,2026-10-12T08:50:00-06:00
48b7a3bf81e5f3e5,author_default,37,4,211,pending_no_gpu_admission,,,,5810,2026-10-12T08:50:00-06:00
48b7a3bf81e5f3e5,author_default,37,4,307,pending_no_gpu_admission,,,,5810,2026-10-12T08:50:00-06:00
48b7a3bf81e5f3e5,author_default,53,1,101,pending_no_gpu_admission,,,,5820,2026-10-12T09:00:00-06:00
48b7a3bf81e5f3e5,author_default,53,1,211,pending_no_gpu_admission,,,,5820,2026-10-12T09:00:00-06:00
48b7a3bf81e5f3e5,author_default,53,1,307,pending_no_gpu_admission,,,,5820,2026-10-12T09:00:00-06:00
48b7a3bf81e5f3e5,author_default,53,4,101,pending_no_gpu_admission,,,,5820,2026-10-12T09:00:00-06:00
48b7a3bf81e5f3e5,author_default,53,4,211,pending_no_gpu_admission,,,,5820,2026-10-12T09:00:00-06:00
48b7a3bf81e5f3e5,author_default,53,4,307,pending_no_gpu_admission,,,,5820,2026-10-12T09:00:00-06:00
48b7a3bf81e5f3e5,author_default,71,1,101,pending_no_gpu_admission,,,,5830,2026-10-12T09:10:00-06:00
48b7a3bf81e5f3e5,author_default,71,1,211,pending_no_gpu_admission,,,,5830,2026-10-12T09:10:00-06:00
48b7a3bf81e5f3e5,author_default,71,1,307,pending_no_gpu_admission,,,,5830,2026-10-12T09:10:00-06:00
48b7a3bf81e5f3e5,author_default,71,4,101,pending_no_gpu_admission,,,,5830,2026-10-12T09:10:00-06:00
48b7a3bf81e5f3e5,author_default,71,4,211,pending_no_gpu_admission,,,,5830,2026-10-12T09:10:00-06:00
48b7a3bf81e5f3e5,author_default,71,4,307,pending_no_gpu_admission,,,,5830,2026-10-12T09:10:00-06:00
48b7a3bf81e5f3e5,native_selected,11,1,101,pending_no_gpu_admission,,,,5780,2026-10-12T08:20:00-06:00
48b7a3bf81e5f3e5,native_selected,11,1,211,pending_no_gpu_admission,,,,5780,2026-10-12T08:20:00-06:00
48b7a3bf81e5f3e5,native_selected,11,1,307,pending_no_gpu_admission,,,,5780,2026-10-12T08:20:00-06:00
48b7a3bf81e5f3e5,native_selected,11,4,101,pending_no_gpu_admission,,,,5780,2026-10-12T08:20:00-06:00
48b7a3bf81e5f3e5,native_selected,11,4,211,pending_no_gpu_admission,,,,5780,2026-10-12T08:20:00-06:00
48b7a3bf81e5f3e5,native_selected,11,4,307,pending_no_gpu_admission,,,,5780,2026-10-12T08:20:00-06:00
48b7a3bf81e5f3e5,native_selected,23,1,101,pending_no_gpu_admission,,,,5840,2026-10-12T09:20:00-06:00
48b7a3bf81e5f3e5,native_selected,23,1,211,pending_no_gpu_admission,,,,5840,2026-10-12T09:20:00-06:00
48b7a3bf81e5f3e5,native_selected,23,1,307,pending_no_gpu_admission,,,,5840,2026-10-12T09:20:00-06:00
48b7a3bf81e5f3e5,native_selected,23,4,101,pending_no_gpu_admission,,,,5840,2026-10-12T09:20:00-06:00
48b7a3bf81e5f3e5,native_selected,23,4,211,pending_no_gpu_admission,,,,5840,2026-10-12T09:20:00-06:00
48b7a3bf81e5f3e5,native_selected,23,4,307,pending_no_gpu_admission,,,,5840,2026-10-12T09:20:00-06:00
48b7a3bf81e5f3e5,native_selected,37,1,101,pending_no_gpu_admission,,,,5850,2026-10-12T09:30:00-06:00
48b7a3bf81e5f3e5,native_selected,37,1,211,pending_no_gpu_admission,,,,5850,2026-10-12T09:30:00-06:00
48b7a3bf81e5f3e5,native_selected,37,1,307,pending_no_gpu_admission,,,,5850,2026-10-12T09:30:00-06:00
48b7a3bf81e5f3e5,native_selected,37,4,101,pending_no_gpu_admission,,,,5850,2026-10-12T09:30:00-06:00
48b7a3bf81e5f3e5,native_selected,37,4,211,pending_no_gpu_admission,,,,5850,2026-10-12T09:30:00-06:00
48b7a3bf81e5f3e5,native_selected,37,4,307,pending_no_gpu_admission,,,,5850,2026-10-12T09:30:00-06:00
48b7a3bf81e5f3e5,native_selected,53,1,101,pending_no_gpu_admission,,,,5860,2026-10-12T09:40:00-06:00
48b7a3bf81e5f3e5,native_selected,53,1,211,pending_no_gpu_admission,,,,5860,2026-10-12T09:40:00-06:00
48b7a3bf81e5f3e5,native_selected,53,1,307,pending_no_gpu_admission,,,,5860,2026-10-12T09:40:00-06:00
48b7a3bf81e5f3e5,native_selected,53,4,101,pending_no_gpu_admission,,,,5860,2026-10-12T09:40:00-06:00
48b7a3bf81e5f3e5,native_selected,53,4,211,pending_no_gpu_admission,,,,5860,2026-10-12T09:40:00-06:00
48b7a3bf81e5f3e5,native_selected,53,4,307,pending_no_gpu_admission,,,,5860,2026-10-12T09:40:00-06:00
48b7a3bf81e5f3e5,native_selected,71,1,101,pending_no_gpu_admission,,,,5870,2026-10-12T09:50:00-06:00
48b7a3bf81e5f3e5,native_selected,71,1,211,pending_no_gpu_admission,,,,5870,2026-10-12T09:50:00-06:00
48b7a3bf81e5f3e5,native_selected,71,1,307,pending_no_gpu_admission,,,,5870,2026-10-12T09:50:00-06:00
48b7a3bf81e5f3e5,native_selected,71,4,101,pending_no_gpu_admission,,,,5870,2026-10-12T09:50:00-06:00
48b7a3bf81e5f3e5,native_selected,71,4,211,pending_no_gpu_admission,,,,5870,2026-10-12T09:50:00-06:00
48b7a3bf81e5f3e5,native_selected,71,4,307,pending_no_gpu_admission,,,,5870,2026-10-12T09:50:00-06:00
4a354d98c965b01f,author_default,11,1,101,pending_no_gpu_admission,,,,5960,2026-10-12T11:20:00-06:00
4a354d98c965b01f,author_default,11,1,211,pending_no_gpu_admission,,,,5960,2026-10-12T11:20:00-06:00
4a354d98c965b01f,author_default,11,1,307,pending_no_gpu_admission,,,,5960,2026-10-12T11:20:00-06:00
4a354d98c965b01f,author_default,11,4,101,pending_no_gpu_admission,,,,5960,2026-10-12T11:20:00-06:00
4a354d98c965b01f,author_default,11,4,211,pending_no_gpu_admission,,,,5960,2026-10-12T11:20:00-06:00
4a354d98c965b01f,author_default,11,4,307,pending_no_gpu_admission,,,,5960,2026-10-12T11:20:00-06:00
4a354d98c965b01f,author_default,23,1,101,pending_no_gpu_admission,,,,5970,2026-10-12T11:30:00-06:00
4a354d98c965b01f,author_default,23,1,211,pending_no_gpu_admission,,,,5970,2026-10-12T11:30:00-06:00
4a354d98c965b01f,author_default,23,1,307,pending_no_gpu_admission,,,,5970,2026-10-12T11:30:00-06:00
4a354d98c965b01f,author_default,23,4,101,pending_no_gpu_admission,,,,5970,2026-10-12T11:30:00-06:00
4a354d98c965b01f,author_default,23,4,211,pending_no_gpu_admission,,,,5970,2026-10-12T11:30:00-06:00
4a354d98c965b01f,author_default,23,4,307,pending_no_gpu_admission,,,,5970,2026-10-12T11:30:00-06:00
4a354d98c965b01f,author_default,37,1,101,pending_no_gpu_admission,,,,5980,2026-10-12T11:40:00-06:00
4a354d98c965b01f,author_default,37,1,211,pending_no_gpu_admission,,,,5980,2026-10-12T11:40:00-06:00
4a354d98c965b01f,author_default,37,1,307,pending_no_gpu_admission,,,,5980,2026-10-12T11:40:00-06:00
4a354d98c965b01f,author_default,37,4,101,pending_no_gpu_admission,,,,5980,2026-10-12T11:40:00-06:00
4a354d98c965b01f,author_default,37,4,211,pending_no_gpu_admission,,,,5980,2026-10-12T11:40:00-06:00
4a354d98c965b01f,author_default,37,4,307,pending_no_gpu_admission,,,,5980,2026-10-12T11:40:00-06:00
4a354d98c965b01f,author_default,53,1,101,pending_no_gpu_admission,,,,5990,2026-10-12T11:50:00-06:00
4a354d98c965b01f,author_default,53,1,211,pending_no_gpu_admission,,,,5990,2026-10-12T11:50:00-06:00
4a354d98c965b01f,author_default,53,1,307,pending_no_gpu_admission,,,,5990,2026-10-12T11:50:00-06:00
4a354d98c965b01f,author_default,53,4,101,pending_no_gpu_admission,,,,5990,2026-10-12T11:50:00-06:00
4a354d98c965b01f,author_default,53,4,211,pending_no_gpu_admission,,,,5990,2026-10-12T11:50:00-06:00
4a354d98c965b01f,author_default,53,4,307,pending_no_gpu_admission,,,,5990,2026-10-12T11:50:00-06:00
4a354d98c965b01f,author_default,71,1,101,pending_no_gpu_admission,,,,6000,2026-10-12T12:00:00-06:00
4a354d98c965b01f,author_default,71,1,211,pending_no_gpu_admission,,,,6000,2026-10-12T12:00:00-06:00
4a354d98c965b01f,author_default,71,1,307,pending_no_gpu_admission,,,,6000,2026-10-12T12:00:00-06:00
4a354d98c965b01f,author_default,71,4,101,pending_no_gpu_admission,,,,6000,2026-10-12T12:00:00-06:00
4a354d98c965b01f,author_default,71,4,211,pending_no_gpu_admission,,,,6000,2026-10-12T12:00:00-06:00
4a354d98c965b01f,author_default,71,4,307,pending_no_gpu_admission,,,,6000,2026-10-12T12:00:00-06:00
4a354d98c965b01f,native_selected,11,1,101,pending_no_gpu_admission,,,,5950,2026-10-12T11:10:00-06:00
4a354d98c965b01f,native_selected,11,1,211,pending_no_gpu_admission,,,,5950,2026-10-12T11:10:00-06:00
4a354d98c965b01f,native_selected,11,1,307,pending_no_gpu_admission,,,,5950,2026-10-12T11:10:00-06:00
4a354d98c965b01f,native_selected,11,4,101,pending_no_gpu_admission,,,,5950,2026-10-12T11:10:00-06:00
4a354d98c965b01f,native_selected,11,4,211,pending_no_gpu_admission,,,,5950,2026-10-12T11:10:00-06:00
4a354d98c965b01f,native_selected,11,4,307,pending_no_gpu_admission,,,,5950,2026-10-12T11:10:00-06:00
4a354d98c965b01f,native_selected,23,1,101,pending_no_gpu_admission,,,,6010,2026-10-12T12:10:00-06:00
4a354d98c965b01f,native_selected,23,1,211,pending_no_gpu_admission,,,,6010,2026-10-12T12:10:00-06:00
4a354d98c965b01f,native_selected,23,1,307,pending_no_gpu_admission,,,,6010,2026-10-12T12:10:00-06:00
4a354d98c965b01f,native_selected,23,4,101,pending_no_gpu_admission,,,,6010,2026-10-12T12:10:00-06:00
4a354d98c965b01f,native_selected,23,4,211,pending_no_gpu_admission,,,,6010,2026-10-12T12:10:00-06:00
4a354d98c965b01f,native_selected,23,4,307,pending_no_gpu_admission,,,,6010,2026-10-12T12:10:00-06:00
4a354d98c965b01f,native_selected,37,1,101,pending_no_gpu_admission,,,,6020,2026-10-12T12:20:00-06:00
4a354d98c965b01f,native_selected,37,1,211,pending_no_gpu_admission,,,,6020,2026-10-12T12:20:00-06:00
4a354d98c965b01f,native_selected,37,1,307,pending_no_gpu_admission,,,,6020,2026-10-12T12:20:00-06:00
4a354d98c965b01f,native_selected,37,4,101,pending_no_gpu_admission,,,,6020,2026-10-12T12:20:00-06:00
4a354d98c965b01f,native_selected,37,4,211,pending_no_gpu_admission,,,,6020,2026-10-12T12:20:00-06:00
4a354d98c965b01f,native_selected,37,4,307,pending_no_gpu_admission,,,,6020,2026-10-12T12:20:00-06:00
4a354d98c965b01f,native_selected,53,1,101,pending_no_gpu_admission,,,,6030,2026-10-12T12:30:00-06:00
4a354d98c965b01f,native_selected,53,1,211,pending_no_gpu_admission,,,,6030,2026-10-12T12:30:00-06:00
4a354d98c965b01f,native_selected,53,1,307,pending_no_gpu_admission,,,,6030,2026-10-12T12:30:00-06:00
4a354d98c965b01f,native_selected,53,4,101,pending_no_gpu_admission,,,,6030,2026-10-12T12:30:00-06:00
4a354d98c965b01f,native_selected,53,4,211,pending_no_gpu_admission,,,,6030,2026-10-12T12:30:00-06:00
4a354d98c965b01f,native_selected,53,4,307,pending_no_gpu_admission,,,,6030,2026-10-12T12:30:00-06:00
4a354d98c965b01f,native_selected,71,1,101,pending_no_gpu_admission,,,,6040,2026-10-12T12:40:00-06:00
4a354d98c965b01f,native_selected,71,1,211,pending_no_gpu_admission,,,,6040,2026-10-12T12:40:00-06:00
4a354d98c965b01f,native_selected,71,1,307,pending_no_gpu_admission,,,,6040,2026-10-12T12:40:00-06:00
4a354d98c965b01f,native_selected,71,4,101,pending_no_gpu_admission,,,,6040,2026-10-12T12:40:00-06:00
4a354d98c965b01f,native_selected,71,4,211,pending_no_gpu_admission,,,,6040,2026-10-12T12:40:00-06:00
4a354d98c965b01f,native_selected,71,4,307,pending_no_gpu_admission,,,,6040,2026-10-12T12:40:00-06:00
4aa84fff8ad0cd26,author_default,11,1,101,pending_no_gpu_admission,,,,6130,2026-10-12T14:10:00-06:00
4aa84fff8ad0cd26,author_default,11,1,211,pending_no_gpu_admission,,,,6130,2026-10-12T14:10:00-06:00
4aa84fff8ad0cd26,author_default,11,1,307,pending_no_gpu_admission,,,,6130,2026-10-12T14:10:00-06:00
4aa84fff8ad0cd26,author_default,11,4,101,pending_no_gpu_admission,,,,6130,2026-10-12T14:10:00-06:00
4aa84fff8ad0cd26,author_default,11,4,211,pending_no_gpu_admission,,,,6130,2026-10-12T14:10:00-06:00
4aa84fff8ad0cd26,author_default,11,4,307,pending_no_gpu_admission,,,,6130,2026-10-12T14:10:00-06:00
4aa84fff8ad0cd26,author_default,23,1,101,pending_no_gpu_admission,,,,6140,2026-10-12T14:20:00-06:00
4aa84fff8ad0cd26,author_default,23,1,211,pending_no_gpu_admission,,,,6140,2026-10-12T14:20:00-06:00
4aa84fff8ad0cd26,author_default,23,1,307,pending_no_gpu_admission,,,,6140,2026-10-12T14:20:00-06:00
4aa84fff8ad0cd26,author_default,23,4,101,pending_no_gpu_admission,,,,6140,2026-10-12T14:20:00-06:00
4aa84fff8ad0cd26,author_default,23,4,211,pending_no_gpu_admission,,,,6140,2026-10-12T14:20:00-06:00
4aa84fff8ad0cd26,author_default,23,4,307,pending_no_gpu_admission,,,,6140,2026-10-12T14:20:00-06:00
4aa84fff8ad0cd26,author_default,37,1,101,pending_no_gpu_admission,,,,6150,2026-10-12T14:30:00-06:00
4aa84fff8ad0cd26,author_default,37,1,211,pending_no_gpu_admission,,,,6150,2026-10-12T14:30:00-06:00
4aa84fff8ad0cd26,author_default,37,1,307,pending_no_gpu_admission,,,,6150,2026-10-12T14:30:00-06:00
4aa84fff8ad0cd26,author_default,37,4,101,pending_no_gpu_admission,,,,6150,2026-10-12T14:30:00-06:00
4aa84fff8ad0cd26,author_default,37,4,211,pending_no_gpu_admission,,,,6150,2026-10-12T14:30:00-06:00
4aa84fff8ad0cd26,author_default,37,4,307,pending_no_gpu_admission,,,,6150,2026-10-12T14:30:00-06:00
4aa84fff8ad0cd26,author_default,53,1,101,pending_no_gpu_admission,,,,6160,2026-10-12T14:40:00-06:00
4aa84fff8ad0cd26,author_default,53,1,211,pending_no_gpu_admission,,,,6160,2026-10-12T14:40:00-06:00
4aa84fff8ad0cd26,author_default,53,1,307,pending_no_gpu_admission,,,,6160,2026-10-12T14:40:00-06:00
4aa84fff8ad0cd26,author_default,53,4,101,pending_no_gpu_admission,,,,6160,2026-10-12T14:40:00-06:00
4aa84fff8ad0cd26,author_default,53,4,211,pending_no_gpu_admission,,,,6160,2026-10-12T14:40:00-06:00
4aa84fff8ad0cd26,author_default,53,4,307,pending_no_gpu_admission,,,,6160,2026-10-12T14:40:00-06:00
4aa84fff8ad0cd26,author_default,71,1,101,pending_no_gpu_admission,,,,6170,2026-10-12T14:50:00-06:00
4aa84fff8ad0cd26,author_default,71,1,211,pending_no_gpu_admission,,,,6170,2026-10-12T14:50:00-06:00
4aa84fff8ad0cd26,author_default,71,1,307,pending_no_gpu_admission,,,,6170,2026-10-12T14:50:00-06:00
4aa84fff8ad0cd26,author_default,71,4,101,pending_no_gpu_admission,,,,6170,2026-10-12T14:50:00-06:00
4aa84fff8ad0cd26,author_default,71,4,211,pending_no_gpu_admission,,,,6170,2026-10-12T14:50:00-06:00
4aa84fff8ad0cd26,author_default,71,4,307,pending_no_gpu_admission,,,,6170,2026-10-12T14:50:00-06:00
4aa84fff8ad0cd26,native_selected,11,1,101,pending_no_gpu_admission,,,,6120,2026-10-12T14:00:00-06:00
4aa84fff8ad0cd26,native_selected,11,1,211,pending_no_gpu_admission,,,,6120,2026-10-12T14:00:00-06:00
4aa84fff8ad0cd26,native_selected,11,1,307,pending_no_gpu_admission,,,,6120,2026-10-12T14:00:00-06:00
4aa84fff8ad0cd26,native_selected,11,4,101,pending_no_gpu_admission,,,,6120,2026-10-12T14:00:00-06:00
4aa84fff8ad0cd26,native_selected,11,4,211,pending_no_gpu_admission,,,,6120,2026-10-12T14:00:00-06:00
4aa84fff8ad0cd26,native_selected,11,4,307,pending_no_gpu_admission,,,,6120,2026-10-12T14:00:00-06:00
4aa84fff8ad0cd26,native_selected,23,1,101,pending_no_gpu_admission,,,,6180,2026-10-12T15:00:00-06:00
4aa84fff8ad0cd26,native_selected,23,1,211,pending_no_gpu_admission,,,,6180,2026-10-12T15:00:00-06:00
4aa84fff8ad0cd26,native_selected,23,1,307,pending_no_gpu_admission,,,,6180,2026-10-12T15:00:00-06:00
4aa84fff8ad0cd26,native_selected,23,4,101,pending_no_gpu_admission,,,,6180,2026-10-12T15:00:00-06:00
4aa84fff8ad0cd26,native_selected,23,4,211,pending_no_gpu_admission,,,,6180,2026-10-12T15:00:00-06:00
4aa84fff8ad0cd26,native_selected,23,4,307,pending_no_gpu_admission,,,,6180,2026-10-12T15:00:00-06:00
4aa84fff8ad0cd26,native_selected,37,1,101,pending_no_gpu_admission,,,,6190,2026-10-12T15:10:00-06:00
4aa84fff8ad0cd26,native_selected,37,1,211,pending_no_gpu_admission,,,,6190,2026-10-12T15:10:00-06:00
4aa84fff8ad0cd26,native_selected,37,1,307,pending_no_gpu_admission,,,,6190,2026-10-12T15:10:00-06:00
4aa84fff8ad0cd26,native_selected,37,4,101,pending_no_gpu_admission,,,,6190,2026-10-12T15:10:00-06:00
4aa84fff8ad0cd26,native_selected,37,4,211,pending_no_gpu_admission,,,,6190,2026-10-12T15:10:00-06:00
4aa84fff8ad0cd26,native_selected,37,4,307,pending_no_gpu_admission,,,,6190,2026-10-12T15:10:00-06:00
4aa84fff8ad0cd26,native_selected,53,1,101,pending_no_gpu_admission,,,,6200,2026-10-12T15:20:00-06:00
4aa84fff8ad0cd26,native_selected,53,1,211,pending_no_gpu_admission,,,,6200,2026-10-12T15:20:00-06:00
4aa84fff8ad0cd26,native_selected,53,1,307,pending_no_gpu_admission,,,,6200,2026-10-12T15:20:00-06:00
4aa84fff8ad0cd26,native_selected,53,4,101,pending_no_gpu_admission,,,,6200,2026-10-12T15:20:00-06:00
4aa84fff8ad0cd26,native_selected,53,4,211,pending_no_gpu_admission,,,,6200,2026-10-12T15:20:00-06:00
4aa84fff8ad0cd26,native_selected,53,4,307,pending_no_gpu_admission,,,,6200,2026-10-12T15:20:00-06:00
4aa84fff8ad0cd26,native_selected,71,1,101,pending_no_gpu_admission,,,,6210,2026-10-12T15:30:00-06:00
4aa84fff8ad0cd26,native_selected,71,1,211,pending_no_gpu_admission,,,,6210,2026-10-12T15:30:00-06:00
4aa84fff8ad0cd26,native_selected,71,1,307,pending_no_gpu_admission,,,,6210,2026-10-12T15:30:00-06:00
4aa84fff8ad0cd26,native_selected,71,4,101,pending_no_gpu_admission,,,,6210,2026-10-12T15:30:00-06:00
4aa84fff8ad0cd26,native_selected,71,4,211,pending_no_gpu_admission,,,,6210,2026-10-12T15:30:00-06:00
4aa84fff8ad0cd26,native_selected,71,4,307,pending_no_gpu_admission,,,,6210,2026-10-12T15:30:00-06:00
51730b348b1bbd14,author_default,11,1,101,pending_no_gpu_admission,,,,6300,2026-10-12T17:00:00-06:00
51730b348b1bbd14,author_default,11,1,211,pending_no_gpu_admission,,,,6300,2026-10-12T17:00:00-06:00
51730b348b1bbd14,author_default,11,1,307,pending_no_gpu_admission,,,,6300,2026-10-12T17:00:00-06:00
51730b348b1bbd14,author_default,11,4,101,pending_no_gpu_admission,,,,6300,2026-10-12T17:00:00-06:00
51730b348b1bbd14,author_default,11,4,211,pending_no_gpu_admission,,,,6300,2026-10-12T17:00:00-06:00
51730b348b1bbd14,author_default,11,4,307,pending_no_gpu_admission,,,,6300,2026-10-12T17:00:00-06:00
51730b348b1bbd14,author_default,23,1,101,pending_no_gpu_admission,,,,6310,2026-10-12T17:10:00-06:00
51730b348b1bbd14,author_default,23,1,211,pending_no_gpu_admission,,,,6310,2026-10-12T17:10:00-06:00
51730b348b1bbd14,author_default,23,1,307,pending_no_gpu_admission,,,,6310,2026-10-12T17:10:00-06:00
51730b348b1bbd14,author_default,23,4,101,pending_no_gpu_admission,,,,6310,2026-10-12T17:10:00-06:00
51730b348b1bbd14,author_default,23,4,211,pending_no_gpu_admission,,,,6310,2026-10-12T17:10:00-06:00
51730b348b1bbd14,author_default,23,4,307,pending_no_gpu_admission,,,,6310,2026-10-12T17:10:00-06:00
51730b348b1bbd14,author_default,37,1,101,pending_no_gpu_admission,,,,6320,2026-10-12T17:20:00-06:00
51730b348b1bbd14,author_default,37,1,211,pending_no_gpu_admission,,,,6320,2026-10-12T17:20:00-06:00
51730b348b1bbd14,author_default,37,1,307,pending_no_gpu_admission,,,,6320,2026-10-12T17:20:00-06:00
51730b348b1bbd14,author_default,37,4,101,pending_no_gpu_admission,,,,6320,2026-10-12T17:20:00-06:00
51730b348b1bbd14,author_default,37,4,211,pending_no_gpu_admission,,,,6320,2026-10-12T17:20:00-06:00
51730b348b1bbd14,author_default,37,4,307,pending_no_gpu_admission,,,,6320,2026-10-12T17:20:00-06:00
51730b348b1bbd14,author_default,53,1,101,pending_no_gpu_admission,,,,6330,2026-10-12T17:30:00-06:00
51730b348b1bbd14,author_default,53,1,211,pending_no_gpu_admission,,,,6330,2026-10-12T17:30:00-06:00
51730b348b1bbd14,author_default,53,1,307,pending_no_gpu_admission,,,,6330,2026-10-12T17:30:00-06:00
51730b348b1bbd14,author_default,53,4,101,pending_no_gpu_admission,,,,6330,2026-10-12T17:30:00-06:00
51730b348b1bbd14,author_default,53,4,211,pending_no_gpu_admission,,,,6330,2026-10-12T17:30:00-06:00
51730b348b1bbd14,author_default,53,4,307,pending_no_gpu_admission,,,,6330,2026-10-12T17:30:00-06:00
51730b348b1bbd14,author_default,71,1,101,pending_no_gpu_admission,,,,6340,2026-10-12T17:40:00-06:00
51730b348b1bbd14,author_default,71,1,211,pending_no_gpu_admission,,,,6340,2026-10-12T17:40:00-06:00
51730b348b1bbd14,author_default,71,1,307,pending_no_gpu_admission,,,,6340,2026-10-12T17:40:00-06:00
51730b348b1bbd14,author_default,71,4,101,pending_no_gpu_admission,,,,6340,2026-10-12T17:40:00-06:00
51730b348b1bbd14,author_default,71,4,211,pending_no_gpu_admission,,,,6340,2026-10-12T17:40:00-06:00
51730b348b1bbd14,author_default,71,4,307,pending_no_gpu_admission,,,,6340,2026-10-12T17:40:00-06:00
51730b348b1bbd14,native_selected,11,1,101,pending_no_gpu_admission,,,,6290,2026-10-12T16:50:00-06:00
51730b348b1bbd14,native_selected,11,1,211,pending_no_gpu_admission,,,,6290,2026-10-12T16:50:00-06:00
51730b348b1bbd14,native_selected,11,1,307,pending_no_gpu_admission,,,,6290,2026-10-12T16:50:00-06:00
51730b348b1bbd14,native_selected,11,4,101,pending_no_gpu_admission,,,,6290,2026-10-12T16:50:00-06:00
51730b348b1bbd14,native_selected,11,4,211,pending_no_gpu_admission,,,,6290,2026-10-12T16:50:00-06:00
51730b348b1bbd14,native_selected,11,4,307,pending_no_gpu_admission,,,,6290,2026-10-12T16:50:00-06:00
51730b348b1bbd14,native_selected,23,1,101,pending_no_gpu_admission,,,,6350,2026-10-12T17:50:00-06:00
51730b348b1bbd14,native_selected,23,1,211,pending_no_gpu_admission,,,,6350,2026-10-12T17:50:00-06:00
51730b348b1bbd14,native_selected,23,1,307,pending_no_gpu_admission,,,,6350,2026-10-12T17:50:00-06:00
51730b348b1bbd14,native_selected,23,4,101,pending_no_gpu_admission,,,,6350,2026-10-12T17:50:00-06:00
51730b348b1bbd14,native_selected,23,4,211,pending_no_gpu_admission,,,,6350,2026-10-12T17:50:00-06:00
51730b348b1bbd14,native_selected,23,4,307,pending_no_gpu_admission,,,,6350,2026-10-12T17:50:00-06:00
51730b348b1bbd14,native_selected,37,1,101,pending_no_gpu_admission,,,,6360,2026-10-12T18:00:00-06:00
51730b348b1bbd14,native_selected,37,1,211,pending_no_gpu_admission,,,,6360,2026-10-12T18:00:00-06:00
51730b348b1bbd14,native_selected,37,1,307,pending_no_gpu_admission,,,,6360,2026-10-12T18:00:00-06:00
51730b348b1bbd14,native_selected,37,4,101,pending_no_gpu_admission,,,,6360,2026-10-12T18:00:00-06:00
51730b348b1bbd14,native_selected,37,4,211,pending_no_gpu_admission,,,,6360,2026-10-12T18:00:00-06:00
51730b348b1bbd14,native_selected,37,4,307,pending_no_gpu_admission,,,,6360,2026-10-12T18:00:00-06:00
51730b348b1bbd14,native_selected,53,1,101,pending_no_gpu_admission,,,,6370,2026-10-12T18:10:00-06:00
51730b348b1bbd14,native_selected,53,1,211,pending_no_gpu_admission,,,,6370,2026-10-12T18:10:00-06:00
51730b348b1bbd14,native_selected,53,1,307,pending_no_gpu_admission,,,,6370,2026-10-12T18:10:00-06:00
51730b348b1bbd14,native_selected,53,4,101,pending_no_gpu_admission,,,,6370,2026-10-12T18:10:00-06:00
51730b348b1bbd14,native_selected,53,4,211,pending_no_gpu_admission,,,,6370,2026-10-12T18:10:00-06:00
51730b348b1bbd14,native_selected,53,4,307,pending_no_gpu_admission,,,,6370,2026-10-12T18:10:00-06:00
51730b348b1bbd14,native_selected,71,1,101,pending_no_gpu_admission,,,,6380,2026-10-12T18:20:00-06:00
51730b348b1bbd14,native_selected,71,1,211,pending_no_gpu_admission,,,,6380,2026-10-12T18:20:00-06:00
51730b348b1bbd14,native_selected,71,1,307,pending_no_gpu_admission,,,,6380,2026-10-12T18:20:00-06:00
51730b348b1bbd14,native_selected,71,4,101,pending_no_gpu_admission,,,,6380,2026-10-12T18:20:00-06:00
51730b348b1bbd14,native_selected,71,4,211,pending_no_gpu_admission,,,,6380,2026-10-12T18:20:00-06:00
51730b348b1bbd14,native_selected,71,4,307,pending_no_gpu_admission,,,,6380,2026-10-12T18:20:00-06:00
54b221668673164c,author_default,11,1,101,pending_no_gpu_admission,,,,6470,2026-10-12T19:50:00-06:00
54b221668673164c,author_default,11,1,211,pending_no_gpu_admission,,,,6470,2026-10-12T19:50:00-06:00
54b221668673164c,author_default,11,1,307,pending_no_gpu_admission,,,,6470,2026-10-12T19:50:00-06:00
54b221668673164c,author_default,11,4,101,pending_no_gpu_admission,,,,6470,2026-10-12T19:50:00-06:00
54b221668673164c,author_default,11,4,211,pending_no_gpu_admission,,,,6470,2026-10-12T19:50:00-06:00
54b221668673164c,author_default,11,4,307,pending_no_gpu_admission,,,,6470,2026-10-12T19:50:00-06:00
54b221668673164c,author_default,23,1,101,pending_no_gpu_admission,,,,6480,2026-10-12T20:00:00-06:00
54b221668673164c,author_default,23,1,211,pending_no_gpu_admission,,,,6480,2026-10-12T20:00:00-06:00
54b221668673164c,author_default,23,1,307,pending_no_gpu_admission,,,,6480,2026-10-12T20:00:00-06:00
54b221668673164c,author_default,23,4,101,pending_no_gpu_admission,,,,6480,2026-10-12T20:00:00-06:00
54b221668673164c,author_default,23,4,211,pending_no_gpu_admission,,,,6480,2026-10-12T20:00:00-06:00
54b221668673164c,author_default,23,4,307,pending_no_gpu_admission,,,,6480,2026-10-12T20:00:00-06:00
54b221668673164c,author_default,37,1,101,pending_no_gpu_admission,,,,6490,2026-10-12T20:10:00-06:00
54b221668673164c,author_default,37,1,211,pending_no_gpu_admission,,,,6490,2026-10-12T20:10:00-06:00
54b221668673164c,author_default,37,1,307,pending_no_gpu_admission,,,,6490,2026-10-12T20:10:00-06:00
54b221668673164c,author_default,37,4,101,pending_no_gpu_admission,,,,6490,2026-10-12T20:10:00-06:00
54b221668673164c,author_default,37,4,211,pending_no_gpu_admission,,,,6490,2026-10-12T20:10:00-06:00
54b221668673164c,author_default,37,4,307,pending_no_gpu_admission,,,,6490,2026-10-12T20:10:00-06:00
54b221668673164c,author_default,53,1,101,pending_no_gpu_admission,,,,6500,2026-10-12T20:20:00-06:00
54b221668673164c,author_default,53,1,211,pending_no_gpu_admission,,,,6500,2026-10-12T20:20:00-06:00
54b221668673164c,author_default,53,1,307,pending_no_gpu_admission,,,,6500,2026-10-12T20:20:00-06:00
54b221668673164c,author_default,53,4,101,pending_no_gpu_admission,,,,6500,2026-10-12T20:20:00-06:00
54b221668673164c,author_default,53,4,211,pending_no_gpu_admission,,,,6500,2026-10-12T20:20:00-06:00
54b221668673164c,author_default,53,4,307,pending_no_gpu_admission,,,,6500,2026-10-12T20:20:00-06:00
54b221668673164c,author_default,71,1,101,pending_no_gpu_admission,,,,6510,2026-10-12T20:30:00-06:00
54b221668673164c,author_default,71,1,211,pending_no_gpu_admission,,,,6510,2026-10-12T20:30:00-06:00
54b221668673164c,author_default,71,1,307,pending_no_gpu_admission,,,,6510,2026-10-12T20:30:00-06:00
54b221668673164c,author_default,71,4,101,pending_no_gpu_admission,,,,6510,2026-10-12T20:30:00-06:00
54b221668673164c,author_default,71,4,211,pending_no_gpu_admission,,,,6510,2026-10-12T20:30:00-06:00
54b221668673164c,author_default,71,4,307,pending_no_gpu_admission,,,,6510,2026-10-12T20:30:00-06:00
54b221668673164c,native_selected,11,1,101,pending_no_gpu_admission,,,,6460,2026-10-12T19:40:00-06:00
54b221668673164c,native_selected,11,1,211,pending_no_gpu_admission,,,,6460,2026-10-12T19:40:00-06:00
54b221668673164c,native_selected,11,1,307,pending_no_gpu_admission,,,,6460,2026-10-12T19:40:00-06:00
54b221668673164c,native_selected,11,4,101,pending_no_gpu_admission,,,,6460,2026-10-12T19:40:00-06:00
54b221668673164c,native_selected,11,4,211,pending_no_gpu_admission,,,,6460,2026-10-12T19:40:00-06:00
54b221668673164c,native_selected,11,4,307,pending_no_gpu_admission,,,,6460,2026-10-12T19:40:00-06:00
54b221668673164c,native_selected,23,1,101,pending_no_gpu_admission,,,,6520,2026-10-12T20:40:00-06:00
54b221668673164c,native_selected,23,1,211,pending_no_gpu_admission,,,,6520,2026-10-12T20:40:00-06:00
54b221668673164c,native_selected,23,1,307,pending_no_gpu_admission,,,,6520,2026-10-12T20:40:00-06:00
54b221668673164c,native_selected,23,4,101,pending_no_gpu_admission,,,,6520,2026-10-12T20:40:00-06:00
54b221668673164c,native_selected,23,4,211,pending_no_gpu_admission,,,,6520,2026-10-12T20:40:00-06:00
54b221668673164c,native_selected,23,4,307,pending_no_gpu_admission,,,,6520,2026-10-12T20:40:00-06:00
54b221668673164c,native_selected,37,1,101,pending_no_gpu_admission,,,,6530,2026-10-12T20:50:00-06:00
54b221668673164c,native_selected,37,1,211,pending_no_gpu_admission,,,,6530,2026-10-12T20:50:00-06:00
54b221668673164c,native_selected,37,1,307,pending_no_gpu_admission,,,,6530,2026-10-12T20:50:00-06:00
54b221668673164c,native_selected,37,4,101,pending_no_gpu_admission,,,,6530,2026-10-12T20:50:00-06:00
54b221668673164c,native_selected,37,4,211,pending_no_gpu_admission,,,,6530,2026-10-12T20:50:00-06:00
54b221668673164c,native_selected,37,4,307,pending_no_gpu_admission,,,,6530,2026-10-12T20:50:00-06:00
54b221668673164c,native_selected,53,1,101,pending_no_gpu_admission,,,,6540,2026-10-12T21:00:00-06:00
54b221668673164c,native_selected,53,1,211,pending_no_gpu_admission,,,,6540,2026-10-12T21:00:00-06:00
54b221668673164c,native_selected,53,1,307,pending_no_gpu_admission,,,,6540,2026-10-12T21:00:00-06:00
54b221668673164c,native_selected,53,4,101,pending_no_gpu_admission,,,,6540,2026-10-12T21:00:00-06:00
54b221668673164c,native_selected,53,4,211,pending_no_gpu_admission,,,,6540,2026-10-12T21:00:00-06:00
54b221668673164c,native_selected,53,4,307,pending_no_gpu_admission,,,,6540,2026-10-12T21:00:00-06:00
54b221668673164c,native_selected,71,1,101,pending_no_gpu_admission,,,,6550,2026-10-12T21:10:00-06:00
54b221668673164c,native_selected,71,1,211,pending_no_gpu_admission,,,,6550,2026-10-12T21:10:00-06:00
54b221668673164c,native_selected,71,1,307,pending_no_gpu_admission,,,,6550,2026-10-12T21:10:00-06:00
54b221668673164c,native_selected,71,4,101,pending_no_gpu_admission,,,,6550,2026-10-12T21:10:00-06:00
54b221668673164c,native_selected,71,4,211,pending_no_gpu_admission,,,,6550,2026-10-12T21:10:00-06:00
54b221668673164c,native_selected,71,4,307,pending_no_gpu_admission,,,,6550,2026-10-12T21:10:00-06:00
552665868f8f72ed,author_default,11,1,101,pending_no_gpu_admission,,,,6640,2026-10-12T22:40:00-06:00
552665868f8f72ed,author_default,11,1,211,pending_no_gpu_admission,,,,6640,2026-10-12T22:40:00-06:00
552665868f8f72ed,author_default,11,1,307,pending_no_gpu_admission,,,,6640,2026-10-12T22:40:00-06:00
552665868f8f72ed,author_default,11,4,101,pending_no_gpu_admission,,,,6640,2026-10-12T22:40:00-06:00
552665868f8f72ed,author_default,11,4,211,pending_no_gpu_admission,,,,6640,2026-10-12T22:40:00-06:00
552665868f8f72ed,author_default,11,4,307,pending_no_gpu_admission,,,,6640,2026-10-12T22:40:00-06:00
552665868f8f72ed,author_default,23,1,101,pending_no_gpu_admission,,,,6650,2026-10-12T22:50:00-06:00
552665868f8f72ed,author_default,23,1,211,pending_no_gpu_admission,,,,6650,2026-10-12T22:50:00-06:00
552665868f8f72ed,author_default,23,1,307,pending_no_gpu_admission,,,,6650,2026-10-12T22:50:00-06:00
552665868f8f72ed,author_default,23,4,101,pending_no_gpu_admission,,,,6650,2026-10-12T22:50:00-06:00
552665868f8f72ed,author_default,23,4,211,pending_no_gpu_admission,,,,6650,2026-10-12T22:50:00-06:00
552665868f8f72ed,author_default,23,4,307,pending_no_gpu_admission,,,,6650,2026-10-12T22:50:00-06:00
552665868f8f72ed,author_default,37,1,101,pending_no_gpu_admission,,,,6660,2026-10-12T23:00:00-06:00
552665868f8f72ed,author_default,37,1,211,pending_no_gpu_admission,,,,6660,2026-10-12T23:00:00-06:00
552665868f8f72ed,author_default,37,1,307,pending_no_gpu_admission,,,,6660,2026-10-12T23:00:00-06:00
552665868f8f72ed,author_default,37,4,101,pending_no_gpu_admission,,,,6660,2026-10-12T23:00:00-06:00
552665868f8f72ed,author_default,37,4,211,pending_no_gpu_admission,,,,6660,2026-10-12T23:00:00-06:00
552665868f8f72ed,author_default,37,4,307,pending_no_gpu_admission,,,,6660,2026-10-12T23:00:00-06:00
552665868f8f72ed,author_default,53,1,101,pending_no_gpu_admission,,,,6670,2026-10-12T23:10:00-06:00
552665868f8f72ed,author_default,53,1,211,pending_no_gpu_admission,,,,6670,2026-10-12T23:10:00-06:00
552665868f8f72ed,author_default,53,1,307,pending_no_gpu_admission,,,,6670,2026-10-12T23:10:00-06:00
552665868f8f72ed,author_default,53,4,101,pending_no_gpu_admission,,,,6670,2026-10-12T23:10:00-06:00
552665868f8f72ed,author_default,53,4,211,pending_no_gpu_admission,,,,6670,2026-10-12T23:10:00-06:00
552665868f8f72ed,author_default,53,4,307,pending_no_gpu_admission,,,,6670,2026-10-12T23:10:00-06:00
552665868f8f72ed,author_default,71,1,101,pending_no_gpu_admission,,,,6680,2026-10-12T23:20:00-06:00
552665868f8f72ed,author_default,71,1,211,pending_no_gpu_admission,,,,6680,2026-10-12T23:20:00-06:00
552665868f8f72ed,author_default,71,1,307,pending_no_gpu_admission,,,,6680,2026-10-12T23:20:00-06:00
552665868f8f72ed,author_default,71,4,101,pending_no_gpu_admission,,,,6680,2026-10-12T23:20:00-06:00
552665868f8f72ed,author_default,71,4,211,pending_no_gpu_admission,,,,6680,2026-10-12T23:20:00-06:00
552665868f8f72ed,author_default,71,4,307,pending_no_gpu_admission,,,,6680,2026-10-12T23:20:00-06:00
552665868f8f72ed,native_selected,11,1,101,pending_no_gpu_admission,,,,6630,2026-10-12T22:30:00-06:00
552665868f8f72ed,native_selected,11,1,211,pending_no_gpu_admission,,,,6630,2026-10-12T22:30:00-06:00
552665868f8f72ed,native_selected,11,1,307,pending_no_gpu_admission,,,,6630,2026-10-12T22:30:00-06:00
552665868f8f72ed,native_selected,11,4,101,pending_no_gpu_admission,,,,6630,2026-10-12T22:30:00-06:00
552665868f8f72ed,native_selected,11,4,211,pending_no_gpu_admission,,,,6630,2026-10-12T22:30:00-06:00
552665868f8f72ed,native_selected,11,4,307,pending_no_gpu_admission,,,,6630,2026-10-12T22:30:00-06:00
552665868f8f72ed,native_selected,23,1,101,pending_no_gpu_admission,,,,6690,2026-10-12T23:30:00-06:00
552665868f8f72ed,native_selected,23,1,211,pending_no_gpu_admission,,,,6690,2026-10-12T23:30:00-06:00
552665868f8f72ed,native_selected,23,1,307,pending_no_gpu_admission,,,,6690,2026-10-12T23:30:00-06:00
552665868f8f72ed,native_selected,23,4,101,pending_no_gpu_admission,,,,6690,2026-10-12T23:30:00-06:00
552665868f8f72ed,native_selected,23,4,211,pending_no_gpu_admission,,,,6690,2026-10-12T23:30:00-06:00
552665868f8f72ed,native_selected,23,4,307,pending_no_gpu_admission,,,,6690,2026-10-12T23:30:00-06:00
552665868f8f72ed,native_selected,37,1,101,pending_no_gpu_admission,,,,6700,2026-10-12T23:40:00-06:00
552665868f8f72ed,native_selected,37,1,211,pending_no_gpu_admission,,,,6700,2026-10-12T23:40:00-06:00
552665868f8f72ed,native_selected,37,1,307,pending_no_gpu_admission,,,,6700,2026-10-12T23:40:00-06:00
552665868f8f72ed,native_selected,37,4,101,pending_no_gpu_admission,,,,6700,2026-10-12T23:40:00-06:00
552665868f8f72ed,native_selected,37,4,211,pending_no_gpu_admission,,,,6700,2026-10-12T23:40:00-06:00
552665868f8f72ed,native_selected,37,4,307,pending_no_gpu_admission,,,,6700,2026-10-12T23:40:00-06:00
552665868f8f72ed,native_selected,53,1,101,pending_no_gpu_admission,,,,6710,2026-10-12T23:50:00-06:00
552665868f8f72ed,native_selected,53,1,211,pending_no_gpu_admission,,,,6710,2026-10-12T23:50:00-06:00
552665868f8f72ed,native_selected,53,1,307,pending_no_gpu_admission,,,,6710,2026-10-12T23:50:00-06:00
552665868f8f72ed,native_selected,53,4,101,pending_no_gpu_admission,,,,6710,2026-10-12T23:50:00-06:00
552665868f8f72ed,native_selected,53,4,211,pending_no_gpu_admission,,,,6710,2026-10-12T23:50:00-06:00
552665868f8f72ed,native_selected,53,4,307,pending_no_gpu_admission,,,,6710,2026-10-12T23:50:00-06:00
552665868f8f72ed,native_selected,71,1,101,pending_no_gpu_admission,,,,6720,2026-10-13T00:00:00-06:00
552665868f8f72ed,native_selected,71,1,211,pending_no_gpu_admission,,,,6720,2026-10-13T00:00:00-06:00
552665868f8f72ed,native_selected,71,1,307,pending_no_gpu_admission,,,,6720,2026-10-13T00:00:00-06:00
552665868f8f72ed,native_selected,71,4,101,pending_no_gpu_admission,,,,6720,2026-10-13T00:00:00-06:00
552665868f8f72ed,native_selected,71,4,211,pending_no_gpu_admission,,,,6720,2026-10-13T00:00:00-06:00
552665868f8f72ed,native_selected,71,4,307,pending_no_gpu_admission,,,,6720,2026-10-13T00:00:00-06:00
585fef2a1cb6b33f,author_default,11,1,101,pending_no_gpu_admission,,,,6810,2026-10-13T01:30:00-06:00
585fef2a1cb6b33f,author_default,11,1,211,pending_no_gpu_admission,,,,6810,2026-10-13T01:30:00-06:00
585fef2a1cb6b33f,author_default,11,1,307,pending_no_gpu_admission,,,,6810,2026-10-13T01:30:00-06:00
585fef2a1cb6b33f,author_default,11,4,101,pending_no_gpu_admission,,,,6810,2026-10-13T01:30:00-06:00
585fef2a1cb6b33f,author_default,11,4,211,pending_no_gpu_admission,,,,6810,2026-10-13T01:30:00-06:00
585fef2a1cb6b33f,author_default,11,4,307,pending_no_gpu_admission,,,,6810,2026-10-13T01:30:00-06:00
585fef2a1cb6b33f,author_default,23,1,101,pending_no_gpu_admission,,,,6820,2026-10-13T01:40:00-06:00
585fef2a1cb6b33f,author_default,23,1,211,pending_no_gpu_admission,,,,6820,2026-10-13T01:40:00-06:00
585fef2a1cb6b33f,author_default,23,1,307,pending_no_gpu_admission,,,,6820,2026-10-13T01:40:00-06:00
585fef2a1cb6b33f,author_default,23,4,101,pending_no_gpu_admission,,,,6820,2026-10-13T01:40:00-06:00
585fef2a1cb6b33f,author_default,23,4,211,pending_no_gpu_admission,,,,6820,2026-10-13T01:40:00-06:00
585fef2a1cb6b33f,author_default,23,4,307,pending_no_gpu_admission,,,,6820,2026-10-13T01:40:00-06:00
585fef2a1cb6b33f,author_default,37,1,101,pending_no_gpu_admission,,,,6830,2026-10-13T01:50:00-06:00
585fef2a1cb6b33f,author_default,37,1,211,pending_no_gpu_admission,,,,6830,2026-10-13T01:50:00-06:00
585fef2a1cb6b33f,author_default,37,1,307,pending_no_gpu_admission,,,,6830,2026-10-13T01:50:00-06:00
585fef2a1cb6b33f,author_default,37,4,101,pending_no_gpu_admission,,,,6830,2026-10-13T01:50:00-06:00
585fef2a1cb6b33f,author_default,37,4,211,pending_no_gpu_admission,,,,6830,2026-10-13T01:50:00-06:00
585fef2a1cb6b33f,author_default,37,4,307,pending_no_gpu_admission,,,,6830,2026-10-13T01:50:00-06:00
585fef2a1cb6b33f,author_default,53,1,101,pending_no_gpu_admission,,,,6840,2026-10-13T02:00:00-06:00
585fef2a1cb6b33f,author_default,53,1,211,pending_no_gpu_admission,,,,6840,2026-10-13T02:00:00-06:00
585fef2a1cb6b33f,author_default,53,1,307,pending_no_gpu_admission,,,,6840,2026-10-13T02:00:00-06:00
585fef2a1cb6b33f,author_default,53,4,101,pending_no_gpu_admission,,,,6840,2026-10-13T02:00:00-06:00
585fef2a1cb6b33f,author_default,53,4,211,pending_no_gpu_admission,,,,6840,2026-10-13T02:00:00-06:00
585fef2a1cb6b33f,author_default,53,4,307,pending_no_gpu_admission,,,,6840,2026-10-13T02:00:00-06:00
585fef2a1cb6b33f,author_default,71,1,101,pending_no_gpu_admission,,,,6850,2026-10-13T02:10:00-06:00
585fef2a1cb6b33f,author_default,71,1,211,pending_no_gpu_admission,,,,6850,2026-10-13T02:10:00-06:00
585fef2a1cb6b33f,author_default,71,1,307,pending_no_gpu_admission,,,,6850,2026-10-13T02:10:00-06:00
585fef2a1cb6b33f,author_default,71,4,101,pending_no_gpu_admission,,,,6850,2026-10-13T02:10:00-06:00
585fef2a1cb6b33f,author_default,71,4,211,pending_no_gpu_admission,,,,6850,2026-10-13T02:10:00-06:00
585fef2a1cb6b33f,author_default,71,4,307,pending_no_gpu_admission,,,,6850,2026-10-13T02:10:00-06:00
585fef2a1cb6b33f,native_selected,11,1,101,pending_no_gpu_admission,,,,6800,2026-10-13T01:20:00-06:00
585fef2a1cb6b33f,native_selected,11,1,211,pending_no_gpu_admission,,,,6800,2026-10-13T01:20:00-06:00
585fef2a1cb6b33f,native_selected,11,1,307,pending_no_gpu_admission,,,,6800,2026-10-13T01:20:00-06:00
585fef2a1cb6b33f,native_selected,11,4,101,pending_no_gpu_admission,,,,6800,2026-10-13T01:20:00-06:00
585fef2a1cb6b33f,native_selected,11,4,211,pending_no_gpu_admission,,,,6800,2026-10-13T01:20:00-06:00
585fef2a1cb6b33f,native_selected,11,4,307,pending_no_gpu_admission,,,,6800,2026-10-13T01:20:00-06:00
585fef2a1cb6b33f,native_selected,23,1,101,pending_no_gpu_admission,,,,6860,2026-10-13T02:20:00-06:00
585fef2a1cb6b33f,native_selected,23,1,211,pending_no_gpu_admission,,,,6860,2026-10-13T02:20:00-06:00
585fef2a1cb6b33f,native_selected,23,1,307,pending_no_gpu_admission,,,,6860,2026-10-13T02:20:00-06:00
585fef2a1cb6b33f,native_selected,23,4,101,pending_no_gpu_admission,,,,6860,2026-10-13T02:20:00-06:00
585fef2a1cb6b33f,native_selected,23,4,211,pending_no_gpu_admission,,,,6860,2026-10-13T02:20:00-06:00
585fef2a1cb6b33f,native_selected,23,4,307,pending_no_gpu_admission,,,,6860,2026-10-13T02:20:00-06:00
585fef2a1cb6b33f,native_selected,37,1,101,pending_no_gpu_admission,,,,6870,2026-10-13T02:30:00-06:00
585fef2a1cb6b33f,native_selected,37,1,211,pending_no_gpu_admission,,,,6870,2026-10-13T02:30:00-06:00
585fef2a1cb6b33f,native_selected,37,1,307,pending_no_gpu_admission,,,,6870,2026-10-13T02:30:00-06:00
585fef2a1cb6b33f,native_selected,37,4,101,pending_no_gpu_admission,,,,6870,2026-10-13T02:30:00-06:00
585fef2a1cb6b33f,native_selected,37,4,211,pending_no_gpu_admission,,,,6870,2026-10-13T02:30:00-06:00
585fef2a1cb6b33f,native_selected,37,4,307,pending_no_gpu_admission,,,,6870,2026-10-13T02:30:00-06:00
585fef2a1cb6b33f,native_selected,53,1,101,pending_no_gpu_admission,,,,6880,2026-10-13T02:40:00-06:00
585fef2a1cb6b33f,native_selected,53,1,211,pending_no_gpu_admission,,,,6880,2026-10-13T02:40:00-06:00
585fef2a1cb6b33f,native_selected,53,1,307,pending_no_gpu_admission,,,,6880,2026-10-13T02:40:00-06:00
585fef2a1cb6b33f,native_selected,53,4,101,pending_no_gpu_admission,,,,6880,2026-10-13T02:40:00-06:00
585fef2a1cb6b33f,native_selected,53,4,211,pending_no_gpu_admission,,,,6880,2026-10-13T02:40:00-06:00
585fef2a1cb6b33f,native_selected,53,4,307,pending_no_gpu_admission,,,,6880,2026-10-13T02:40:00-06:00
585fef2a1cb6b33f,native_selected,71,1,101,pending_no_gpu_admission,,,,6890,2026-10-13T02:50:00-06:00
585fef2a1cb6b33f,native_selected,71,1,211,pending_no_gpu_admission,,,,6890,2026-10-13T02:50:00-06:00
585fef2a1cb6b33f,native_selected,71,1,307,pending_no_gpu_admission,,,,6890,2026-10-13T02:50:00-06:00
585fef2a1cb6b33f,native_selected,71,4,101,pending_no_gpu_admission,,,,6890,2026-10-13T02:50:00-06:00
585fef2a1cb6b33f,native_selected,71,4,211,pending_no_gpu_admission,,,,6890,2026-10-13T02:50:00-06:00
585fef2a1cb6b33f,native_selected,71,4,307,pending_no_gpu_admission,,,,6890,2026-10-13T02:50:00-06:00
642738a361f1c63a,author_default,11,1,101,pending_no_gpu_admission,,,,6980,2026-10-13T04:20:00-06:00
642738a361f1c63a,author_default,11,1,211,pending_no_gpu_admission,,,,6980,2026-10-13T04:20:00-06:00
642738a361f1c63a,author_default,11,1,307,pending_no_gpu_admission,,,,6980,2026-10-13T04:20:00-06:00
642738a361f1c63a,author_default,11,4,101,pending_no_gpu_admission,,,,6980,2026-10-13T04:20:00-06:00
642738a361f1c63a,author_default,11,4,211,pending_no_gpu_admission,,,,6980,2026-10-13T04:20:00-06:00
642738a361f1c63a,author_default,11,4,307,pending_no_gpu_admission,,,,6980,2026-10-13T04:20:00-06:00
642738a361f1c63a,author_default,23,1,101,pending_no_gpu_admission,,,,6990,2026-10-13T04:30:00-06:00
642738a361f1c63a,author_default,23,1,211,pending_no_gpu_admission,,,,6990,2026-10-13T04:30:00-06:00
642738a361f1c63a,author_default,23,1,307,pending_no_gpu_admission,,,,6990,2026-10-13T04:30:00-06:00
642738a361f1c63a,author_default,23,4,101,pending_no_gpu_admission,,,,6990,2026-10-13T04:30:00-06:00
642738a361f1c63a,author_default,23,4,211,pending_no_gpu_admission,,,,6990,2026-10-13T04:30:00-06:00
642738a361f1c63a,author_default,23,4,307,pending_no_gpu_admission,,,,6990,2026-10-13T04:30:00-06:00
642738a361f1c63a,author_default,37,1,101,pending_no_gpu_admission,,,,7000,2026-10-13T04:40:00-06:00
642738a361f1c63a,author_default,37,1,211,pending_no_gpu_admission,,,,7000,2026-10-13T04:40:00-06:00
642738a361f1c63a,author_default,37,1,307,pending_no_gpu_admission,,,,7000,2026-10-13T04:40:00-06:00
642738a361f1c63a,author_default,37,4,101,pending_no_gpu_admission,,,,7000,2026-10-13T04:40:00-06:00
642738a361f1c63a,author_default,37,4,211,pending_no_gpu_admission,,,,7000,2026-10-13T04:40:00-06:00
642738a361f1c63a,author_default,37,4,307,pending_no_gpu_admission,,,,7000,2026-10-13T04:40:00-06:00
642738a361f1c63a,author_default,53,1,101,pending_no_gpu_admission,,,,7010,2026-10-13T04:50:00-06:00
642738a361f1c63a,author_default,53,1,211,pending_no_gpu_admission,,,,7010,2026-10-13T04:50:00-06:00
642738a361f1c63a,author_default,53,1,307,pending_no_gpu_admission,,,,7010,2026-10-13T04:50:00-06:00
642738a361f1c63a,author_default,53,4,101,pending_no_gpu_admission,,,,7010,2026-10-13T04:50:00-06:00
642738a361f1c63a,author_default,53,4,211,pending_no_gpu_admission,,,,7010,2026-10-13T04:50:00-06:00
642738a361f1c63a,author_default,53,4,307,pending_no_gpu_admission,,,,7010,2026-10-13T04:50:00-06:00
642738a361f1c63a,author_default,71,1,101,pending_no_gpu_admission,,,,7020,2026-10-13T05:00:00-06:00
642738a361f1c63a,author_default,71,1,211,pending_no_gpu_admission,,,,7020,2026-10-13T05:00:00-06:00
642738a361f1c63a,author_default,71,1,307,pending_no_gpu_admission,,,,7020,2026-10-13T05:00:00-06:00
642738a361f1c63a,author_default,71,4,101,pending_no_gpu_admission,,,,7020,2026-10-13T05:00:00-06:00
642738a361f1c63a,author_default,71,4,211,pending_no_gpu_admission,,,,7020,2026-10-13T05:00:00-06:00
642738a361f1c63a,author_default,71,4,307,pending_no_gpu_admission,,,,7020,2026-10-13T05:00:00-06:00
642738a361f1c63a,native_selected,11,1,101,pending_no_gpu_admission,,,,6970,2026-10-13T04:10:00-06:00
642738a361f1c63a,native_selected,11,1,211,pending_no_gpu_admission,,,,6970,2026-10-13T04:10:00-06:00
642738a361f1c63a,native_selected,11,1,307,pending_no_gpu_admission,,,,6970,2026-10-13T04:10:00-06:00
642738a361f1c63a,native_selected,11,4,101,pending_no_gpu_admission,,,,6970,2026-10-13T04:10:00-06:00
642738a361f1c63a,native_selected,11,4,211,pending_no_gpu_admission,,,,6970,2026-10-13T04:10:00-06:00
642738a361f1c63a,native_selected,11,4,307,pending_no_gpu_admission,,,,6970,2026-10-13T04:10:00-06:00
642738a361f1c63a,native_selected,23,1,101,pending_no_gpu_admission,,,,7030,2026-10-13T05:10:00-06:00
642738a361f1c63a,native_selected,23,1,211,pending_no_gpu_admission,,,,7030,2026-10-13T05:10:00-06:00
642738a361f1c63a,native_selected,23,1,307,pending_no_gpu_admission,,,,7030,2026-10-13T05:10:00-06:00
642738a361f1c63a,native_selected,23,4,101,pending_no_gpu_admission,,,,7030,2026-10-13T05:10:00-06:00
642738a361f1c63a,native_selected,23,4,211,pending_no_gpu_admission,,,,7030,2026-10-13T05:10:00-06:00
642738a361f1c63a,native_selected,23,4,307,pending_no_gpu_admission,,,,7030,2026-10-13T05:10:00-06:00
642738a361f1c63a,native_selected,37,1,101,pending_no_gpu_admission,,,,7040,2026-10-13T05:20:00-06:00
642738a361f1c63a,native_selected,37,1,211,pending_no_gpu_admission,,,,7040,2026-10-13T05:20:00-06:00
642738a361f1c63a,native_selected,37,1,307,pending_no_gpu_admission,,,,7040,2026-10-13T05:20:00-06:00
642738a361f1c63a,native_selected,37,4,101,pending_no_gpu_admission,,,,7040,2026-10-13T05:20:00-06:00
642738a361f1c63a,native_selected,37,4,211,pending_no_gpu_admission,,,,7040,2026-10-13T05:20:00-06:00
642738a361f1c63a,native_selected,37,4,307,pending_no_gpu_admission,,,,7040,2026-10-13T05:20:00-06:00
642738a361f1c63a,native_selected,53,1,101,pending_no_gpu_admission,,,,7050,2026-10-13T05:30:00-06:00
642738a361f1c63a,native_selected,53,1,211,pending_no_gpu_admission,,,,7050,2026-10-13T05:30:00-06:00
642738a361f1c63a,native_selected,53,1,307,pending_no_gpu_admission,,,,7050,2026-10-13T05:30:00-06:00
642738a361f1c63a,native_selected,53,4,101,pending_no_gpu_admission,,,,7050,2026-10-13T05:30:00-06:00
642738a361f1c63a,native_selected,53,4,211,pending_no_gpu_admission,,,,7050,2026-10-13T05:30:00-06:00
642738a361f1c63a,native_selected,53,4,307,pending_no_gpu_admission,,,,7050,2026-10-13T05:30:00-06:00
642738a361f1c63a,native_selected,71,1,101,pending_no_gpu_admission,,,,7060,2026-10-13T05:40:00-06:00
642738a361f1c63a,native_selected,71,1,211,pending_no_gpu_admission,,,,7060,2026-10-13T05:40:00-06:00
642738a361f1c63a,native_selected,71,1,307,pending_no_gpu_admission,,,,7060,2026-10-13T05:40:00-06:00
642738a361f1c63a,native_selected,71,4,101,pending_no_gpu_admission,,,,7060,2026-10-13T05:40:00-06:00
642738a361f1c63a,native_selected,71,4,211,pending_no_gpu_admission,,,,7060,2026-10-13T05:40:00-06:00
642738a361f1c63a,native_selected,71,4,307,pending_no_gpu_admission,,,,7060,2026-10-13T05:40:00-06:00
64c64f0f9983c48f,author_default,11,1,101,pending_no_gpu_admission,,,,7150,2026-10-13T07:10:00-06:00
64c64f0f9983c48f,author_default,11,1,211,pending_no_gpu_admission,,,,7150,2026-10-13T07:10:00-06:00
64c64f0f9983c48f,author_default,11,1,307,pending_no_gpu_admission,,,,7150,2026-10-13T07:10:00-06:00
64c64f0f9983c48f,author_default,11,4,101,pending_no_gpu_admission,,,,7150,2026-10-13T07:10:00-06:00
64c64f0f9983c48f,author_default,11,4,211,pending_no_gpu_admission,,,,7150,2026-10-13T07:10:00-06:00
64c64f0f9983c48f,author_default,11,4,307,pending_no_gpu_admission,,,,7150,2026-10-13T07:10:00-06:00
64c64f0f9983c48f,author_default,23,1,101,pending_no_gpu_admission,,,,7160,2026-10-13T07:20:00-06:00
64c64f0f9983c48f,author_default,23,1,211,pending_no_gpu_admission,,,,7160,2026-10-13T07:20:00-06:00
64c64f0f9983c48f,author_default,23,1,307,pending_no_gpu_admission,,,,7160,2026-10-13T07:20:00-06:00
64c64f0f9983c48f,author_default,23,4,101,pending_no_gpu_admission,,,,7160,2026-10-13T07:20:00-06:00
64c64f0f9983c48f,author_default,23,4,211,pending_no_gpu_admission,,,,7160,2026-10-13T07:20:00-06:00
64c64f0f9983c48f,author_default,23,4,307,pending_no_gpu_admission,,,,7160,2026-10-13T07:20:00-06:00
64c64f0f9983c48f,author_default,37,1,101,pending_no_gpu_admission,,,,7170,2026-10-13T07:30:00-06:00
64c64f0f9983c48f,author_default,37,1,211,pending_no_gpu_admission,,,,7170,2026-10-13T07:30:00-06:00
64c64f0f9983c48f,author_default,37,1,307,pending_no_gpu_admission,,,,7170,2026-10-13T07:30:00-06:00
64c64f0f9983c48f,author_default,37,4,101,pending_no_gpu_admission,,,,7170,2026-10-13T07:30:00-06:00
64c64f0f9983c48f,author_default,37,4,211,pending_no_gpu_admission,,,,7170,2026-10-13T07:30:00-06:00
64c64f0f9983c48f,author_default,37,4,307,pending_no_gpu_admission,,,,7170,2026-10-13T07:30:00-06:00
64c64f0f9983c48f,author_default,53,1,101,pending_no_gpu_admission,,,,7180,2026-10-13T07:40:00-06:00
64c64f0f9983c48f,author_default,53,1,211,pending_no_gpu_admission,,,,7180,2026-10-13T07:40:00-06:00
64c64f0f9983c48f,author_default,53,1,307,pending_no_gpu_admission,,,,7180,2026-10-13T07:40:00-06:00
64c64f0f9983c48f,author_default,53,4,101,pending_no_gpu_admission,,,,7180,2026-10-13T07:40:00-06:00
64c64f0f9983c48f,author_default,53,4,211,pending_no_gpu_admission,,,,7180,2026-10-13T07:40:00-06:00
64c64f0f9983c48f,author_default,53,4,307,pending_no_gpu_admission,,,,7180,2026-10-13T07:40:00-06:00
64c64f0f9983c48f,author_default,71,1,101,pending_no_gpu_admission,,,,7190,2026-10-13T07:50:00-06:00
64c64f0f9983c48f,author_default,71,1,211,pending_no_gpu_admission,,,,7190,2026-10-13T07:50:00-06:00
64c64f0f9983c48f,author_default,71,1,307,pending_no_gpu_admission,,,,7190,2026-10-13T07:50:00-06:00
64c64f0f9983c48f,author_default,71,4,101,pending_no_gpu_admission,,,,7190,2026-10-13T07:50:00-06:00
64c64f0f9983c48f,author_default,71,4,211,pending_no_gpu_admission,,,,7190,2026-10-13T07:50:00-06:00
64c64f0f9983c48f,author_default,71,4,307,pending_no_gpu_admission,,,,7190,2026-10-13T07:50:00-06:00
64c64f0f9983c48f,native_selected,11,1,101,pending_no_gpu_admission,,,,7140,2026-10-13T07:00:00-06:00
64c64f0f9983c48f,native_selected,11,1,211,pending_no_gpu_admission,,,,7140,2026-10-13T07:00:00-06:00
64c64f0f9983c48f,native_selected,11,1,307,pending_no_gpu_admission,,,,7140,2026-10-13T07:00:00-06:00
64c64f0f9983c48f,native_selected,11,4,101,pending_no_gpu_admission,,,,7140,2026-10-13T07:00:00-06:00
64c64f0f9983c48f,native_selected,11,4,211,pending_no_gpu_admission,,,,7140,2026-10-13T07:00:00-06:00
64c64f0f9983c48f,native_selected,11,4,307,pending_no_gpu_admission,,,,7140,2026-10-13T07:00:00-06:00
64c64f0f9983c48f,native_selected,23,1,101,pending_no_gpu_admission,,,,7200,2026-10-13T08:00:00-06:00
64c64f0f9983c48f,native_selected,23,1,211,pending_no_gpu_admission,,,,7200,2026-10-13T08:00:00-06:00
64c64f0f9983c48f,native_selected,23,1,307,pending_no_gpu_admission,,,,7200,2026-10-13T08:00:00-06:00
64c64f0f9983c48f,native_selected,23,4,101,pending_no_gpu_admission,,,,7200,2026-10-13T08:00:00-06:00
64c64f0f9983c48f,native_selected,23,4,211,pending_no_gpu_admission,,,,7200,2026-10-13T08:00:00-06:00
64c64f0f9983c48f,native_selected,23,4,307,pending_no_gpu_admission,,,,7200,2026-10-13T08:00:00-06:00
64c64f0f9983c48f,native_selected,37,1,101,pending_no_gpu_admission,,,,7210,2026-10-13T08:10:00-06:00
64c64f0f9983c48f,native_selected,37,1,211,pending_no_gpu_admission,,,,7210,2026-10-13T08:10:00-06:00
64c64f0f9983c48f,native_selected,37,1,307,pending_no_gpu_admission,,,,7210,2026-10-13T08:10:00-06:00
64c64f0f9983c48f,native_selected,37,4,101,pending_no_gpu_admission,,,,7210,2026-10-13T08:10:00-06:00
64c64f0f9983c48f,native_selected,37,4,211,pending_no_gpu_admission,,,,7210,2026-10-13T08:10:00-06:00
64c64f0f9983c48f,native_selected,37,4,307,pending_no_gpu_admission,,,,7210,2026-10-13T08:10:00-06:00
64c64f0f9983c48f,native_selected,53,1,101,pending_no_gpu_admission,,,,7220,2026-10-13T08:20:00-06:00
64c64f0f9983c48f,native_selected,53,1,211,pending_no_gpu_admission,,,,7220,2026-10-13T08:20:00-06:00
64c64f0f9983c48f,native_selected,53,1,307,pending_no_gpu_admission,,,,7220,2026-10-13T08:20:00-06:00
64c64f0f9983c48f,native_selected,53,4,101,pending_no_gpu_admission,,,,7220,2026-10-13T08:20:00-06:00
64c64f0f9983c48f,native_selected,53,4,211,pending_no_gpu_admission,,,,7220,2026-10-13T08:20:00-06:00
64c64f0f9983c48f,native_selected,53,4,307,pending_no_gpu_admission,,,,7220,2026-10-13T08:20:00-06:00
64c64f0f9983c48f,native_selected,71,1,101,pending_no_gpu_admission,,,,7230,2026-10-13T08:30:00-06:00
64c64f0f9983c48f,native_selected,71,1,211,pending_no_gpu_admission,,,,7230,2026-10-13T08:30:00-06:00
64c64f0f9983c48f,native_selected,71,1,307,pending_no_gpu_admission,,,,7230,2026-10-13T08:30:00-06:00
64c64f0f9983c48f,native_selected,71,4,101,pending_no_gpu_admission,,,,7230,2026-10-13T08:30:00-06:00
64c64f0f9983c48f,native_selected,71,4,211,pending_no_gpu_admission,,,,7230,2026-10-13T08:30:00-06:00
64c64f0f9983c48f,native_selected,71,4,307,pending_no_gpu_admission,,,,7230,2026-10-13T08:30:00-06:00
654566a1f91408aa,author_default,11,1,101,pending_no_gpu_admission,,,,7320,2026-10-13T10:00:00-06:00
654566a1f91408aa,author_default,11,1,211,pending_no_gpu_admission,,,,7320,2026-10-13T10:00:00-06:00
654566a1f91408aa,author_default,11,1,307,pending_no_gpu_admission,,,,7320,2026-10-13T10:00:00-06:00
654566a1f91408aa,author_default,11,4,101,pending_no_gpu_admission,,,,7320,2026-10-13T10:00:00-06:00
654566a1f91408aa,author_default,11,4,211,pending_no_gpu_admission,,,,7320,2026-10-13T10:00:00-06:00
654566a1f91408aa,author_default,11,4,307,pending_no_gpu_admission,,,,7320,2026-10-13T10:00:00-06:00
654566a1f91408aa,author_default,23,1,101,pending_no_gpu_admission,,,,7330,2026-10-13T10:10:00-06:00
654566a1f91408aa,author_default,23,1,211,pending_no_gpu_admission,,,,7330,2026-10-13T10:10:00-06:00
654566a1f91408aa,author_default,23,1,307,pending_no_gpu_admission,,,,7330,2026-10-13T10:10:00-06:00
654566a1f91408aa,author_default,23,4,101,pending_no_gpu_admission,,,,7330,2026-10-13T10:10:00-06:00
654566a1f91408aa,author_default,23,4,211,pending_no_gpu_admission,,,,7330,2026-10-13T10:10:00-06:00
654566a1f91408aa,author_default,23,4,307,pending_no_gpu_admission,,,,7330,2026-10-13T10:10:00-06:00
654566a1f91408aa,author_default,37,1,101,pending_no_gpu_admission,,,,7340,2026-10-13T10:20:00-06:00
654566a1f91408aa,author_default,37,1,211,pending_no_gpu_admission,,,,7340,2026-10-13T10:20:00-06:00
654566a1f91408aa,author_default,37,1,307,pending_no_gpu_admission,,,,7340,2026-10-13T10:20:00-06:00
654566a1f91408aa,author_default,37,4,101,pending_no_gpu_admission,,,,7340,2026-10-13T10:20:00-06:00
654566a1f91408aa,author_default,37,4,211,pending_no_gpu_admission,,,,7340,2026-10-13T10:20:00-06:00
654566a1f91408aa,author_default,37,4,307,pending_no_gpu_admission,,,,7340,2026-10-13T10:20:00-06:00
654566a1f91408aa,author_default,53,1,101,pending_no_gpu_admission,,,,7350,2026-10-13T10:30:00-06:00
654566a1f91408aa,author_default,53,1,211,pending_no_gpu_admission,,,,7350,2026-10-13T10:30:00-06:00
654566a1f91408aa,author_default,53,1,307,pending_no_gpu_admission,,,,7350,2026-10-13T10:30:00-06:00
654566a1f91408aa,author_default,53,4,101,pending_no_gpu_admission,,,,7350,2026-10-13T10:30:00-06:00
654566a1f91408aa,author_default,53,4,211,pending_no_gpu_admission,,,,7350,2026-10-13T10:30:00-06:00
654566a1f91408aa,author_default,53,4,307,pending_no_gpu_admission,,,,7350,2026-10-13T10:30:00-06:00
654566a1f91408aa,author_default,71,1,101,pending_no_gpu_admission,,,,7360,2026-10-13T10:40:00-06:00
654566a1f91408aa,author_default,71,1,211,pending_no_gpu_admission,,,,7360,2026-10-13T10:40:00-06:00
654566a1f91408aa,author_default,71,1,307,pending_no_gpu_admission,,,,7360,2026-10-13T10:40:00-06:00
654566a1f91408aa,author_default,71,4,101,pending_no_gpu_admission,,,,7360,2026-10-13T10:40:00-06:00
654566a1f91408aa,author_default,71,4,211,pending_no_gpu_admission,,,,7360,2026-10-13T10:40:00-06:00
654566a1f91408aa,author_default,71,4,307,pending_no_gpu_admission,,,,7360,2026-10-13T10:40:00-06:00
654566a1f91408aa,native_selected,11,1,101,pending_no_gpu_admission,,,,7310,2026-10-13T09:50:00-06:00
654566a1f91408aa,native_selected,11,1,211,pending_no_gpu_admission,,,,7310,2026-10-13T09:50:00-06:00
654566a1f91408aa,native_selected,11,1,307,pending_no_gpu_admission,,,,7310,2026-10-13T09:50:00-06:00
654566a1f91408aa,native_selected,11,4,101,pending_no_gpu_admission,,,,7310,2026-10-13T09:50:00-06:00
654566a1f91408aa,native_selected,11,4,211,pending_no_gpu_admission,,,,7310,2026-10-13T09:50:00-06:00
654566a1f91408aa,native_selected,11,4,307,pending_no_gpu_admission,,,,7310,2026-10-13T09:50:00-06:00
654566a1f91408aa,native_selected,23,1,101,pending_no_gpu_admission,,,,7370,2026-10-13T10:50:00-06:00
654566a1f91408aa,native_selected,23,1,211,pending_no_gpu_admission,,,,7370,2026-10-13T10:50:00-06:00
654566a1f91408aa,native_selected,23,1,307,pending_no_gpu_admission,,,,7370,2026-10-13T10:50:00-06:00
654566a1f91408aa,native_selected,23,4,101,pending_no_gpu_admission,,,,7370,2026-10-13T10:50:00-06:00
654566a1f91408aa,native_selected,23,4,211,pending_no_gpu_admission,,,,7370,2026-10-13T10:50:00-06:00
654566a1f91408aa,native_selected,23,4,307,pending_no_gpu_admission,,,,7370,2026-10-13T10:50:00-06:00
654566a1f91408aa,native_selected,37,1,101,pending_no_gpu_admission,,,,7380,2026-10-13T11:00:00-06:00
654566a1f91408aa,native_selected,37,1,211,pending_no_gpu_admission,,,,7380,2026-10-13T11:00:00-06:00
654566a1f91408aa,native_selected,37,1,307,pending_no_gpu_admission,,,,7380,2026-10-13T11:00:00-06:00
654566a1f91408aa,native_selected,37,4,101,pending_no_gpu_admission,,,,7380,2026-10-13T11:00:00-06:00
654566a1f91408aa,native_selected,37,4,211,pending_no_gpu_admission,,,,7380,2026-10-13T11:00:00-06:00
654566a1f91408aa,native_selected,37,4,307,pending_no_gpu_admission,,,,7380,2026-10-13T11:00:00-06:00
654566a1f91408aa,native_selected,53,1,101,pending_no_gpu_admission,,,,7390,2026-10-13T11:10:00-06:00
654566a1f91408aa,native_selected,53,1,211,pending_no_gpu_admission,,,,7390,2026-10-13T11:10:00-06:00
654566a1f91408aa,native_selected,53,1,307,pending_no_gpu_admission,,,,7390,2026-10-13T11:10:00-06:00
654566a1f91408aa,native_selected,53,4,101,pending_no_gpu_admission,,,,7390,2026-10-13T11:10:00-06:00
654566a1f91408aa,native_selected,53,4,211,pending_no_gpu_admission,,,,7390,2026-10-13T11:10:00-06:00
654566a1f91408aa,native_selected,53,4,307,pending_no_gpu_admission,,,,7390,2026-10-13T11:10:00-06:00
654566a1f91408aa,native_selected,71,1,101,pending_no_gpu_admission,,,,7400,2026-10-13T11:20:00-06:00
654566a1f91408aa,native_selected,71,1,211,pending_no_gpu_admission,,,,7400,2026-10-13T11:20:00-06:00
654566a1f91408aa,native_selected,71,1,307,pending_no_gpu_admission,,,,7400,2026-10-13T11:20:00-06:00
654566a1f91408aa,native_selected,71,4,101,pending_no_gpu_admission,,,,7400,2026-10-13T11:20:00-06:00
654566a1f91408aa,native_selected,71,4,211,pending_no_gpu_admission,,,,7400,2026-10-13T11:20:00-06:00
654566a1f91408aa,native_selected,71,4,307,pending_no_gpu_admission,,,,7400,2026-10-13T11:20:00-06:00
693890aae9dc860b,author_default,11,1,101,pending_no_gpu_admission,,,,7490,2026-10-13T12:50:00-06:00
693890aae9dc860b,author_default,11,1,211,pending_no_gpu_admission,,,,7490,2026-10-13T12:50:00-06:00
693890aae9dc860b,author_default,11,1,307,pending_no_gpu_admission,,,,7490,2026-10-13T12:50:00-06:00
693890aae9dc860b,author_default,11,4,101,pending_no_gpu_admission,,,,7490,2026-10-13T12:50:00-06:00
693890aae9dc860b,author_default,11,4,211,pending_no_gpu_admission,,,,7490,2026-10-13T12:50:00-06:00
693890aae9dc860b,author_default,11,4,307,pending_no_gpu_admission,,,,7490,2026-10-13T12:50:00-06:00
693890aae9dc860b,author_default,23,1,101,pending_no_gpu_admission,,,,7500,2026-10-13T13:00:00-06:00
693890aae9dc860b,author_default,23,1,211,pending_no_gpu_admission,,,,7500,2026-10-13T13:00:00-06:00
693890aae9dc860b,author_default,23,1,307,pending_no_gpu_admission,,,,7500,2026-10-13T13:00:00-06:00
693890aae9dc860b,author_default,23,4,101,pending_no_gpu_admission,,,,7500,2026-10-13T13:00:00-06:00
693890aae9dc860b,author_default,23,4,211,pending_no_gpu_admission,,,,7500,2026-10-13T13:00:00-06:00
693890aae9dc860b,author_default,23,4,307,pending_no_gpu_admission,,,,7500,2026-10-13T13:00:00-06:00
693890aae9dc860b,author_default,37,1,101,pending_no_gpu_admission,,,,7510,2026-10-13T13:10:00-06:00
693890aae9dc860b,author_default,37,1,211,pending_no_gpu_admission,,,,7510,2026-10-13T13:10:00-06:00
693890aae9dc860b,author_default,37,1,307,pending_no_gpu_admission,,,,7510,2026-10-13T13:10:00-06:00
693890aae9dc860b,author_default,37,4,101,pending_no_gpu_admission,,,,7510,2026-10-13T13:10:00-06:00
693890aae9dc860b,author_default,37,4,211,pending_no_gpu_admission,,,,7510,2026-10-13T13:10:00-06:00
693890aae9dc860b,author_default,37,4,307,pending_no_gpu_admission,,,,7510,2026-10-13T13:10:00-06:00
693890aae9dc860b,author_default,53,1,101,pending_no_gpu_admission,,,,7520,2026-10-13T13:20:00-06:00
693890aae9dc860b,author_default,53,1,211,pending_no_gpu_admission,,,,7520,2026-10-13T13:20:00-06:00
693890aae9dc860b,author_default,53,1,307,pending_no_gpu_admission,,,,7520,2026-10-13T13:20:00-06:00
693890aae9dc860b,author_default,53,4,101,pending_no_gpu_admission,,,,7520,2026-10-13T13:20:00-06:00
693890aae9dc860b,author_default,53,4,211,pending_no_gpu_admission,,,,7520,2026-10-13T13:20:00-06:00
693890aae9dc860b,author_default,53,4,307,pending_no_gpu_admission,,,,7520,2026-10-13T13:20:00-06:00
693890aae9dc860b,author_default,71,1,101,pending_no_gpu_admission,,,,7530,2026-10-13T13:30:00-06:00
693890aae9dc860b,author_default,71,1,211,pending_no_gpu_admission,,,,7530,2026-10-13T13:30:00-06:00
693890aae9dc860b,author_default,71,1,307,pending_no_gpu_admission,,,,7530,2026-10-13T13:30:00-06:00
693890aae9dc860b,author_default,71,4,101,pending_no_gpu_admission,,,,7530,2026-10-13T13:30:00-06:00
693890aae9dc860b,author_default,71,4,211,pending_no_gpu_admission,,,,7530,2026-10-13T13:30:00-06:00
693890aae9dc860b,author_default,71,4,307,pending_no_gpu_admission,,,,7530,2026-10-13T13:30:00-06:00
693890aae9dc860b,native_selected,11,1,101,pending_no_gpu_admission,,,,7480,2026-10-13T12:40:00-06:00
693890aae9dc860b,native_selected,11,1,211,pending_no_gpu_admission,,,,7480,2026-10-13T12:40:00-06:00
693890aae9dc860b,native_selected,11,1,307,pending_no_gpu_admission,,,,7480,2026-10-13T12:40:00-06:00
693890aae9dc860b,native_selected,11,4,101,pending_no_gpu_admission,,,,7480,2026-10-13T12:40:00-06:00
693890aae9dc860b,native_selected,11,4,211,pending_no_gpu_admission,,,,7480,2026-10-13T12:40:00-06:00
693890aae9dc860b,native_selected,11,4,307,pending_no_gpu_admission,,,,7480,2026-10-13T12:40:00-06:00
693890aae9dc860b,native_selected,23,1,101,pending_no_gpu_admission,,,,7540,2026-10-13T13:40:00-06:00
693890aae9dc860b,native_selected,23,1,211,pending_no_gpu_admission,,,,7540,2026-10-13T13:40:00-06:00
693890aae9dc860b,native_selected,23,1,307,pending_no_gpu_admission,,,,7540,2026-10-13T13:40:00-06:00
693890aae9dc860b,native_selected,23,4,101,pending_no_gpu_admission,,,,7540,2026-10-13T13:40:00-06:00
693890aae9dc860b,native_selected,23,4,211,pending_no_gpu_admission,,,,7540,2026-10-13T13:40:00-06:00
693890aae9dc860b,native_selected,23,4,307,pending_no_gpu_admission,,,,7540,2026-10-13T13:40:00-06:00
693890aae9dc860b,native_selected,37,1,101,pending_no_gpu_admission,,,,7550,2026-10-13T13:50:00-06:00
693890aae9dc860b,native_selected,37,1,211,pending_no_gpu_admission,,,,7550,2026-10-13T13:50:00-06:00
693890aae9dc860b,native_selected,37,1,307,pending_no_gpu_admission,,,,7550,2026-10-13T13:50:00-06:00
693890aae9dc860b,native_selected,37,4,101,pending_no_gpu_admission,,,,7550,2026-10-13T13:50:00-06:00
693890aae9dc860b,native_selected,37,4,211,pending_no_gpu_admission,,,,7550,2026-10-13T13:50:00-06:00
693890aae9dc860b,native_selected,37,4,307,pending_no_gpu_admission,,,,7550,2026-10-13T13:50:00-06:00
693890aae9dc860b,native_selected,53,1,101,pending_no_gpu_admission,,,,7560,2026-10-13T14:00:00-06:00
693890aae9dc860b,native_selected,53,1,211,pending_no_gpu_admission,,,,7560,2026-10-13T14:00:00-06:00
693890aae9dc860b,native_selected,53,1,307,pending_no_gpu_admission,,,,7560,2026-10-13T14:00:00-06:00
693890aae9dc860b,native_selected,53,4,101,pending_no_gpu_admission,,,,7560,2026-10-13T14:00:00-06:00
693890aae9dc860b,native_selected,53,4,211,pending_no_gpu_admission,,,,7560,2026-10-13T14:00:00-06:00
693890aae9dc860b,native_selected,53,4,307,pending_no_gpu_admission,,,,7560,2026-10-13T14:00:00-06:00
693890aae9dc860b,native_selected,71,1,101,pending_no_gpu_admission,,,,7570,2026-10-13T14:10:00-06:00
693890aae9dc860b,native_selected,71,1,211,pending_no_gpu_admission,,,,7570,2026-10-13T14:10:00-06:00
693890aae9dc860b,native_selected,71,1,307,pending_no_gpu_admission,,,,7570,2026-10-13T14:10:00-06:00
693890aae9dc860b,native_selected,71,4,101,pending_no_gpu_admission,,,,7570,2026-10-13T14:10:00-06:00
693890aae9dc860b,native_selected,71,4,211,pending_no_gpu_admission,,,,7570,2026-10-13T14:10:00-06:00
693890aae9dc860b,native_selected,71,4,307,pending_no_gpu_admission,,,,7570,2026-10-13T14:10:00-06:00
6cacb11611345a24,author_default,11,1,101,pending_no_gpu_admission,,,,7660,2026-10-13T15:40:00-06:00
6cacb11611345a24,author_default,11,1,211,pending_no_gpu_admission,,,,7660,2026-10-13T15:40:00-06:00
6cacb11611345a24,author_default,11,1,307,pending_no_gpu_admission,,,,7660,2026-10-13T15:40:00-06:00
6cacb11611345a24,author_default,11,4,101,pending_no_gpu_admission,,,,7660,2026-10-13T15:40:00-06:00
6cacb11611345a24,author_default,11,4,211,pending_no_gpu_admission,,,,7660,2026-10-13T15:40:00-06:00
6cacb11611345a24,author_default,11,4,307,pending_no_gpu_admission,,,,7660,2026-10-13T15:40:00-06:00
6cacb11611345a24,author_default,23,1,101,pending_no_gpu_admission,,,,7670,2026-10-13T15:50:00-06:00
6cacb11611345a24,author_default,23,1,211,pending_no_gpu_admission,,,,7670,2026-10-13T15:50:00-06:00
6cacb11611345a24,author_default,23,1,307,pending_no_gpu_admission,,,,7670,2026-10-13T15:50:00-06:00
6cacb11611345a24,author_default,23,4,101,pending_no_gpu_admission,,,,7670,2026-10-13T15:50:00-06:00
6cacb11611345a24,author_default,23,4,211,pending_no_gpu_admission,,,,7670,2026-10-13T15:50:00-06:00
6cacb11611345a24,author_default,23,4,307,pending_no_gpu_admission,,,,7670,2026-10-13T15:50:00-06:00
6cacb11611345a24,author_default,37,1,101,pending_no_gpu_admission,,,,7680,2026-10-13T16:00:00-06:00
6cacb11611345a24,author_default,37,1,211,pending_no_gpu_admission,,,,7680,2026-10-13T16:00:00-06:00
6cacb11611345a24,author_default,37,1,307,pending_no_gpu_admission,,,,7680,2026-10-13T16:00:00-06:00
6cacb11611345a24,author_default,37,4,101,pending_no_gpu_admission,,,,7680,2026-10-13T16:00:00-06:00
6cacb11611345a24,author_default,37,4,211,pending_no_gpu_admission,,,,7680,2026-10-13T16:00:00-06:00
6cacb11611345a24,author_default,37,4,307,pending_no_gpu_admission,,,,7680,2026-10-13T16:00:00-06:00
6cacb11611345a24,author_default,53,1,101,pending_no_gpu_admission,,,,7690,2026-10-13T16:10:00-06:00
6cacb11611345a24,author_default,53,1,211,pending_no_gpu_admission,,,,7690,2026-10-13T16:10:00-06:00
6cacb11611345a24,author_default,53,1,307,pending_no_gpu_admission,,,,7690,2026-10-13T16:10:00-06:00
6cacb11611345a24,author_default,53,4,101,pending_no_gpu_admission,,,,7690,2026-10-13T16:10:00-06:00
6cacb11611345a24,author_default,53,4,211,pending_no_gpu_admission,,,,7690,2026-10-13T16:10:00-06:00
6cacb11611345a24,author_default,53,4,307,pending_no_gpu_admission,,,,7690,2026-10-13T16:10:00-06:00
6cacb11611345a24,author_default,71,1,101,pending_no_gpu_admission,,,,7700,2026-10-13T16:20:00-06:00
6cacb11611345a24,author_default,71,1,211,pending_no_gpu_admission,,,,7700,2026-10-13T16:20:00-06:00
6cacb11611345a24,author_default,71,1,307,pending_no_gpu_admission,,,,7700,2026-10-13T16:20:00-06:00
6cacb11611345a24,author_default,71,4,101,pending_no_gpu_admission,,,,7700,2026-10-13T16:20:00-06:00
6cacb11611345a24,author_default,71,4,211,pending_no_gpu_admission,,,,7700,2026-10-13T16:20:00-06:00
6cacb11611345a24,author_default,71,4,307,pending_no_gpu_admission,,,,7700,2026-10-13T16:20:00-06:00
6cacb11611345a24,native_selected,11,1,101,pending_no_gpu_admission,,,,7650,2026-10-13T15:30:00-06:00
6cacb11611345a24,native_selected,11,1,211,pending_no_gpu_admission,,,,7650,2026-10-13T15:30:00-06:00
6cacb11611345a24,native_selected,11,1,307,pending_no_gpu_admission,,,,7650,2026-10-13T15:30:00-06:00
6cacb11611345a24,native_selected,11,4,101,pending_no_gpu_admission,,,,7650,2026-10-13T15:30:00-06:00
6cacb11611345a24,native_selected,11,4,211,pending_no_gpu_admission,,,,7650,2026-10-13T15:30:00-06:00
6cacb11611345a24,native_selected,11,4,307,pending_no_gpu_admission,,,,7650,2026-10-13T15:30:00-06:00
6cacb11611345a24,native_selected,23,1,101,pending_no_gpu_admission,,,,7710,2026-10-13T16:30:00-06:00
6cacb11611345a24,native_selected,23,1,211,pending_no_gpu_admission,,,,7710,2026-10-13T16:30:00-06:00
6cacb11611345a24,native_selected,23,1,307,pending_no_gpu_admission,,,,7710,2026-10-13T16:30:00-06:00
6cacb11611345a24,native_selected,23,4,101,pending_no_gpu_admission,,,,7710,2026-10-13T16:30:00-06:00
6cacb11611345a24,native_selected,23,4,211,pending_no_gpu_admission,,,,7710,2026-10-13T16:30:00-06:00
6cacb11611345a24,native_selected,23,4,307,pending_no_gpu_admission,,,,7710,2026-10-13T16:30:00-06:00
6cacb11611345a24,native_selected,37,1,101,pending_no_gpu_admission,,,,7720,2026-10-13T16:40:00-06:00
6cacb11611345a24,native_selected,37,1,211,pending_no_gpu_admission,,,,7720,2026-10-13T16:40:00-06:00
6cacb11611345a24,native_selected,37,1,307,pending_no_gpu_admission,,,,7720,2026-10-13T16:40:00-06:00
6cacb11611345a24,native_selected,37,4,101,pending_no_gpu_admission,,,,7720,2026-10-13T16:40:00-06:00
6cacb11611345a24,native_selected,37,4,211,pending_no_gpu_admission,,,,7720,2026-10-13T16:40:00-06:00
6cacb11611345a24,native_selected,37,4,307,pending_no_gpu_admission,,,,7720,2026-10-13T16:40:00-06:00
6cacb11611345a24,native_selected,53,1,101,pending_no_gpu_admission,,,,7730,2026-10-13T16:50:00-06:00
6cacb11611345a24,native_selected,53,1,211,pending_no_gpu_admission,,,,7730,2026-10-13T16:50:00-06:00
6cacb11611345a24,native_selected,53,1,307,pending_no_gpu_admission,,,,7730,2026-10-13T16:50:00-06:00
6cacb11611345a24,native_selected,53,4,101,pending_no_gpu_admission,,,,7730,2026-10-13T16:50:00-06:00
6cacb11611345a24,native_selected,53,4,211,pending_no_gpu_admission,,,,7730,2026-10-13T16:50:00-06:00
6cacb11611345a24,native_selected,53,4,307,pending_no_gpu_admission,,,,7730,2026-10-13T16:50:00-06:00
6cacb11611345a24,native_selected,71,1,101,pending_no_gpu_admission,,,,7740,2026-10-13T17:00:00-06:00
6cacb11611345a24,native_selected,71,1,211,pending_no_gpu_admission,,,,7740,2026-10-13T17:00:00-06:00
6cacb11611345a24,native_selected,71,1,307,pending_no_gpu_admission,,,,7740,2026-10-13T17:00:00-06:00
6cacb11611345a24,native_selected,71,4,101,pending_no_gpu_admission,,,,7740,2026-10-13T17:00:00-06:00
6cacb11611345a24,native_selected,71,4,211,pending_no_gpu_admission,,,,7740,2026-10-13T17:00:00-06:00
6cacb11611345a24,native_selected,71,4,307,pending_no_gpu_admission,,,,7740,2026-10-13T17:00:00-06:00
7291b347fe0238fb,author_default,11,1,101,pending_no_gpu_admission,,,,7830,2026-10-13T18:30:00-06:00
7291b347fe0238fb,author_default,11,1,211,pending_no_gpu_admission,,,,7830,2026-10-13T18:30:00-06:00
7291b347fe0238fb,author_default,11,1,307,pending_no_gpu_admission,,,,7830,2026-10-13T18:30:00-06:00
7291b347fe0238fb,author_default,11,4,101,pending_no_gpu_admission,,,,7830,2026-10-13T18:30:00-06:00
7291b347fe0238fb,author_default,11,4,211,pending_no_gpu_admission,,,,7830,2026-10-13T18:30:00-06:00
7291b347fe0238fb,author_default,11,4,307,pending_no_gpu_admission,,,,7830,2026-10-13T18:30:00-06:00
7291b347fe0238fb,author_default,23,1,101,pending_no_gpu_admission,,,,7840,2026-10-13T18:40:00-06:00
7291b347fe0238fb,author_default,23,1,211,pending_no_gpu_admission,,,,7840,2026-10-13T18:40:00-06:00
7291b347fe0238fb,author_default,23,1,307,pending_no_gpu_admission,,,,7840,2026-10-13T18:40:00-06:00
7291b347fe0238fb,author_default,23,4,101,pending_no_gpu_admission,,,,7840,2026-10-13T18:40:00-06:00
7291b347fe0238fb,author_default,23,4,211,pending_no_gpu_admission,,,,7840,2026-10-13T18:40:00-06:00
7291b347fe0238fb,author_default,23,4,307,pending_no_gpu_admission,,,,7840,2026-10-13T18:40:00-06:00
7291b347fe0238fb,author_default,37,1,101,pending_no_gpu_admission,,,,7850,2026-10-13T18:50:00-06:00
7291b347fe0238fb,author_default,37,1,211,pending_no_gpu_admission,,,,7850,2026-10-13T18:50:00-06:00
7291b347fe0238fb,author_default,37,1,307,pending_no_gpu_admission,,,,7850,2026-10-13T18:50:00-06:00
7291b347fe0238fb,author_default,37,4,101,pending_no_gpu_admission,,,,7850,2026-10-13T18:50:00-06:00
7291b347fe0238fb,author_default,37,4,211,pending_no_gpu_admission,,,,7850,2026-10-13T18:50:00-06:00
7291b347fe0238fb,author_default,37,4,307,pending_no_gpu_admission,,,,7850,2026-10-13T18:50:00-06:00
7291b347fe0238fb,author_default,53,1,101,pending_no_gpu_admission,,,,7860,2026-10-13T19:00:00-06:00
7291b347fe0238fb,author_default,53,1,211,pending_no_gpu_admission,,,,7860,2026-10-13T19:00:00-06:00
7291b347fe0238fb,author_default,53,1,307,pending_no_gpu_admission,,,,7860,2026-10-13T19:00:00-06:00
7291b347fe0238fb,author_default,53,4,101,pending_no_gpu_admission,,,,7860,2026-10-13T19:00:00-06:00
7291b347fe0238fb,author_default,53,4,211,pending_no_gpu_admission,,,,7860,2026-10-13T19:00:00-06:00
7291b347fe0238fb,author_default,53,4,307,pending_no_gpu_admission,,,,7860,2026-10-13T19:00:00-06:00
7291b347fe0238fb,author_default,71,1,101,pending_no_gpu_admission,,,,7870,2026-10-13T19:10:00-06:00
7291b347fe0238fb,author_default,71,1,211,pending_no_gpu_admission,,,,7870,2026-10-13T19:10:00-06:00
7291b347fe0238fb,author_default,71,1,307,pending_no_gpu_admission,,,,7870,2026-10-13T19:10:00-06:00
7291b347fe0238fb,author_default,71,4,101,pending_no_gpu_admission,,,,7870,2026-10-13T19:10:00-06:00
7291b347fe0238fb,author_default,71,4,211,pending_no_gpu_admission,,,,7870,2026-10-13T19:10:00-06:00
7291b347fe0238fb,author_default,71,4,307,pending_no_gpu_admission,,,,7870,2026-10-13T19:10:00-06:00
7291b347fe0238fb,native_selected,11,1,101,pending_no_gpu_admission,,,,7820,2026-10-13T18:20:00-06:00
7291b347fe0238fb,native_selected,11,1,211,pending_no_gpu_admission,,,,7820,2026-10-13T18:20:00-06:00
7291b347fe0238fb,native_selected,11,1,307,pending_no_gpu_admission,,,,7820,2026-10-13T18:20:00-06:00
7291b347fe0238fb,native_selected,11,4,101,pending_no_gpu_admission,,,,7820,2026-10-13T18:20:00-06:00
7291b347fe0238fb,native_selected,11,4,211,pending_no_gpu_admission,,,,7820,2026-10-13T18:20:00-06:00
7291b347fe0238fb,native_selected,11,4,307,pending_no_gpu_admission,,,,7820,2026-10-13T18:20:00-06:00
7291b347fe0238fb,native_selected,23,1,101,pending_no_gpu_admission,,,,7880,2026-10-13T19:20:00-06:00
7291b347fe0238fb,native_selected,23,1,211,pending_no_gpu_admission,,,,7880,2026-10-13T19:20:00-06:00
7291b347fe0238fb,native_selected,23,1,307,pending_no_gpu_admission,,,,7880,2026-10-13T19:20:00-06:00
7291b347fe0238fb,native_selected,23,4,101,pending_no_gpu_admission,,,,7880,2026-10-13T19:20:00-06:00
7291b347fe0238fb,native_selected,23,4,211,pending_no_gpu_admission,,,,7880,2026-10-13T19:20:00-06:00
7291b347fe0238fb,native_selected,23,4,307,pending_no_gpu_admission,,,,7880,2026-10-13T19:20:00-06:00
7291b347fe0238fb,native_selected,37,1,101,pending_no_gpu_admission,,,,7890,2026-10-13T19:30:00-06:00
7291b347fe0238fb,native_selected,37,1,211,pending_no_gpu_admission,,,,7890,2026-10-13T19:30:00-06:00
7291b347fe0238fb,native_selected,37,1,307,pending_no_gpu_admission,,,,7890,2026-10-13T19:30:00-06:00
7291b347fe0238fb,native_selected,37,4,101,pending_no_gpu_admission,,,,7890,2026-10-13T19:30:00-06:00
7291b347fe0238fb,native_selected,37,4,211,pending_no_gpu_admission,,,,7890,2026-10-13T19:30:00-06:00
7291b347fe0238fb,native_selected,37,4,307,pending_no_gpu_admission,,,,7890,2026-10-13T19:30:00-06:00
7291b347fe0238fb,native_selected,53,1,101,pending_no_gpu_admission,,,,7900,2026-10-13T19:40:00-06:00
7291b347fe0238fb,native_selected,53,1,211,pending_no_gpu_admission,,,,7900,2026-10-13T19:40:00-06:00
7291b347fe0238fb,native_selected,53,1,307,pending_no_gpu_admission,,,,7900,2026-10-13T19:40:00-06:00
7291b347fe0238fb,native_selected,53,4,101,pending_no_gpu_admission,,,,7900,2026-10-13T19:40:00-06:00
7291b347fe0238fb,native_selected,53,4,211,pending_no_gpu_admission,,,,7900,2026-10-13T19:40:00-06:00
7291b347fe0238fb,native_selected,53,4,307,pending_no_gpu_admission,,,,7900,2026-10-13T19:40:00-06:00
7291b347fe0238fb,native_selected,71,1,101,pending_no_gpu_admission,,,,7910,2026-10-13T19:50:00-06:00
7291b347fe0238fb,native_selected,71,1,211,pending_no_gpu_admission,,,,7910,2026-10-13T19:50:00-06:00
7291b347fe0238fb,native_selected,71,1,307,pending_no_gpu_admission,,,,7910,2026-10-13T19:50:00-06:00
7291b347fe0238fb,native_selected,71,4,101,pending_no_gpu_admission,,,,7910,2026-10-13T19:50:00-06:00
7291b347fe0238fb,native_selected,71,4,211,pending_no_gpu_admission,,,,7910,2026-10-13T19:50:00-06:00
7291b347fe0238fb,native_selected,71,4,307,pending_no_gpu_admission,,,,7910,2026-10-13T19:50:00-06:00
7423783f7e38bb9b,author_default,11,1,101,pending_no_gpu_admission,,,,8000,2026-10-13T21:20:00-06:00
7423783f7e38bb9b,author_default,11,1,211,pending_no_gpu_admission,,,,8000,2026-10-13T21:20:00-06:00
7423783f7e38bb9b,author_default,11,1,307,pending_no_gpu_admission,,,,8000,2026-10-13T21:20:00-06:00
7423783f7e38bb9b,author_default,11,4,101,pending_no_gpu_admission,,,,8000,2026-10-13T21:20:00-06:00
7423783f7e38bb9b,author_default,11,4,211,pending_no_gpu_admission,,,,8000,2026-10-13T21:20:00-06:00
7423783f7e38bb9b,author_default,11,4,307,pending_no_gpu_admission,,,,8000,2026-10-13T21:20:00-06:00
7423783f7e38bb9b,author_default,23,1,101,pending_no_gpu_admission,,,,8010,2026-10-13T21:30:00-06:00
7423783f7e38bb9b,author_default,23,1,211,pending_no_gpu_admission,,,,8010,2026-10-13T21:30:00-06:00
7423783f7e38bb9b,author_default,23,1,307,pending_no_gpu_admission,,,,8010,2026-10-13T21:30:00-06:00
7423783f7e38bb9b,author_default,23,4,101,pending_no_gpu_admission,,,,8010,2026-10-13T21:30:00-06:00
7423783f7e38bb9b,author_default,23,4,211,pending_no_gpu_admission,,,,8010,2026-10-13T21:30:00-06:00
7423783f7e38bb9b,author_default,23,4,307,pending_no_gpu_admission,,,,8010,2026-10-13T21:30:00-06:00
7423783f7e38bb9b,author_default,37,1,101,pending_no_gpu_admission,,,,8020,2026-10-13T21:40:00-06:00
7423783f7e38bb9b,author_default,37,1,211,pending_no_gpu_admission,,,,8020,2026-10-13T21:40:00-06:00
7423783f7e38bb9b,author_default,37,1,307,pending_no_gpu_admission,,,,8020,2026-10-13T21:40:00-06:00
7423783f7e38bb9b,author_default,37,4,101,pending_no_gpu_admission,,,,8020,2026-10-13T21:40:00-06:00
7423783f7e38bb9b,author_default,37,4,211,pending_no_gpu_admission,,,,8020,2026-10-13T21:40:00-06:00
7423783f7e38bb9b,author_default,37,4,307,pending_no_gpu_admission,,,,8020,2026-10-13T21:40:00-06:00
7423783f7e38bb9b,author_default,53,1,101,pending_no_gpu_admission,,,,8030,2026-10-13T21:50:00-06:00
7423783f7e38bb9b,author_default,53,1,211,pending_no_gpu_admission,,,,8030,2026-10-13T21:50:00-06:00
7423783f7e38bb9b,author_default,53,1,307,pending_no_gpu_admission,,,,8030,2026-10-13T21:50:00-06:00
7423783f7e38bb9b,author_default,53,4,101,pending_no_gpu_admission,,,,8030,2026-10-13T21:50:00-06:00
7423783f7e38bb9b,author_default,53,4,211,pending_no_gpu_admission,,,,8030,2026-10-13T21:50:00-06:00
7423783f7e38bb9b,author_default,53,4,307,pending_no_gpu_admission,,,,8030,2026-10-13T21:50:00-06:00
7423783f7e38bb9b,author_default,71,1,101,pending_no_gpu_admission,,,,8040,2026-10-13T22:00:00-06:00
7423783f7e38bb9b,author_default,71,1,211,pending_no_gpu_admission,,,,8040,2026-10-13T22:00:00-06:00
7423783f7e38bb9b,author_default,71,1,307,pending_no_gpu_admission,,,,8040,2026-10-13T22:00:00-06:00
7423783f7e38bb9b,author_default,71,4,101,pending_no_gpu_admission,,,,8040,2026-10-13T22:00:00-06:00
7423783f7e38bb9b,author_default,71,4,211,pending_no_gpu_admission,,,,8040,2026-10-13T22:00:00-06:00
7423783f7e38bb9b,author_default,71,4,307,pending_no_gpu_admission,,,,8040,2026-10-13T22:00:00-06:00
7423783f7e38bb9b,native_selected,11,1,101,pending_no_gpu_admission,,,,7990,2026-10-13T21:10:00-06:00
7423783f7e38bb9b,native_selected,11,1,211,pending_no_gpu_admission,,,,7990,2026-10-13T21:10:00-06:00
7423783f7e38bb9b,native_selected,11,1,307,pending_no_gpu_admission,,,,7990,2026-10-13T21:10:00-06:00
7423783f7e38bb9b,native_selected,11,4,101,pending_no_gpu_admission,,,,7990,2026-10-13T21:10:00-06:00
7423783f7e38bb9b,native_selected,11,4,211,pending_no_gpu_admission,,,,7990,2026-10-13T21:10:00-06:00
7423783f7e38bb9b,native_selected,11,4,307,pending_no_gpu_admission,,,,7990,2026-10-13T21:10:00-06:00
7423783f7e38bb9b,native_selected,23,1,101,pending_no_gpu_admission,,,,8050,2026-10-13T22:10:00-06:00
7423783f7e38bb9b,native_selected,23,1,211,pending_no_gpu_admission,,,,8050,2026-10-13T22:10:00-06:00
7423783f7e38bb9b,native_selected,23,1,307,pending_no_gpu_admission,,,,8050,2026-10-13T22:10:00-06:00
7423783f7e38bb9b,native_selected,23,4,101,pending_no_gpu_admission,,,,8050,2026-10-13T22:10:00-06:00
7423783f7e38bb9b,native_selected,23,4,211,pending_no_gpu_admission,,,,8050,2026-10-13T22:10:00-06:00
7423783f7e38bb9b,native_selected,23,4,307,pending_no_gpu_admission,,,,8050,2026-10-13T22:10:00-06:00
7423783f7e38bb9b,native_selected,37,1,101,pending_no_gpu_admission,,,,8060,2026-10-13T22:20:00-06:00
7423783f7e38bb9b,native_selected,37,1,211,pending_no_gpu_admission,,,,8060,2026-10-13T22:20:00-06:00
7423783f7e38bb9b,native_selected,37,1,307,pending_no_gpu_admission,,,,8060,2026-10-13T22:20:00-06:00
7423783f7e38bb9b,native_selected,37,4,101,pending_no_gpu_admission,,,,8060,2026-10-13T22:20:00-06:00
7423783f7e38bb9b,native_selected,37,4,211,pending_no_gpu_admission,,,,8060,2026-10-13T22:20:00-06:00
7423783f7e38bb9b,native_selected,37,4,307,pending_no_gpu_admission,,,,8060,2026-10-13T22:20:00-06:00
7423783f7e38bb9b,native_selected,53,1,101,pending_no_gpu_admission,,,,8070,2026-10-13T22:30:00-06:00
7423783f7e38bb9b,native_selected,53,1,211,pending_no_gpu_admission,,,,8070,2026-10-13T22:30:00-06:00
7423783f7e38bb9b,native_selected,53,1,307,pending_no_gpu_admission,,,,8070,2026-10-13T22:30:00-06:00
7423783f7e38bb9b,native_selected,53,4,101,pending_no_gpu_admission,,,,8070,2026-10-13T22:30:00-06:00
7423783f7e38bb9b,native_selected,53,4,211,pending_no_gpu_admission,,,,8070,2026-10-13T22:30:00-06:00
7423783f7e38bb9b,native_selected,53,4,307,pending_no_gpu_admission,,,,8070,2026-10-13T22:30:00-06:00
7423783f7e38bb9b,native_selected,71,1,101,pending_no_gpu_admission,,,,8080,2026-10-13T22:40:00-06:00
7423783f7e38bb9b,native_selected,71,1,211,pending_no_gpu_admission,,,,8080,2026-10-13T22:40:00-06:00
7423783f7e38bb9b,native_selected,71,1,307,pending_no_gpu_admission,,,,8080,2026-10-13T22:40:00-06:00
7423783f7e38bb9b,native_selected,71,4,101,pending_no_gpu_admission,,,,8080,2026-10-13T22:40:00-06:00
7423783f7e38bb9b,native_selected,71,4,211,pending_no_gpu_admission,,,,8080,2026-10-13T22:40:00-06:00
7423783f7e38bb9b,native_selected,71,4,307,pending_no_gpu_admission,,,,8080,2026-10-13T22:40:00-06:00
7a3d123dd555110d,author_default,11,1,101,pending_no_gpu_admission,,,,8170,2026-10-14T00:10:00-06:00
7a3d123dd555110d,author_default,11,1,211,pending_no_gpu_admission,,,,8170,2026-10-14T00:10:00-06:00
7a3d123dd555110d,author_default,11,1,307,pending_no_gpu_admission,,,,8170,2026-10-14T00:10:00-06:00
7a3d123dd555110d,author_default,11,4,101,pending_no_gpu_admission,,,,8170,2026-10-14T00:10:00-06:00
7a3d123dd555110d,author_default,11,4,211,pending_no_gpu_admission,,,,8170,2026-10-14T00:10:00-06:00
7a3d123dd555110d,author_default,11,4,307,pending_no_gpu_admission,,,,8170,2026-10-14T00:10:00-06:00
7a3d123dd555110d,author_default,23,1,101,pending_no_gpu_admission,,,,8180,2026-10-14T00:20:00-06:00
7a3d123dd555110d,author_default,23,1,211,pending_no_gpu_admission,,,,8180,2026-10-14T00:20:00-06:00
7a3d123dd555110d,author_default,23,1,307,pending_no_gpu_admission,,,,8180,2026-10-14T00:20:00-06:00
7a3d123dd555110d,author_default,23,4,101,pending_no_gpu_admission,,,,8180,2026-10-14T00:20:00-06:00
7a3d123dd555110d,author_default,23,4,211,pending_no_gpu_admission,,,,8180,2026-10-14T00:20:00-06:00
7a3d123dd555110d,author_default,23,4,307,pending_no_gpu_admission,,,,8180,2026-10-14T00:20:00-06:00
7a3d123dd555110d,author_default,37,1,101,pending_no_gpu_admission,,,,8190,2026-10-14T00:30:00-06:00
7a3d123dd555110d,author_default,37,1,211,pending_no_gpu_admission,,,,8190,2026-10-14T00:30:00-06:00
7a3d123dd555110d,author_default,37,1,307,pending_no_gpu_admission,,,,8190,2026-10-14T00:30:00-06:00
7a3d123dd555110d,author_default,37,4,101,pending_no_gpu_admission,,,,8190,2026-10-14T00:30:00-06:00
7a3d123dd555110d,author_default,37,4,211,pending_no_gpu_admission,,,,8190,2026-10-14T00:30:00-06:00
7a3d123dd555110d,author_default,37,4,307,pending_no_gpu_admission,,,,8190,2026-10-14T00:30:00-06:00
7a3d123dd555110d,author_default,53,1,101,pending_no_gpu_admission,,,,8200,2026-10-14T00:40:00-06:00
7a3d123dd555110d,author_default,53,1,211,pending_no_gpu_admission,,,,8200,2026-10-14T00:40:00-06:00
7a3d123dd555110d,author_default,53,1,307,pending_no_gpu_admission,,,,8200,2026-10-14T00:40:00-06:00
7a3d123dd555110d,author_default,53,4,101,pending_no_gpu_admission,,,,8200,2026-10-14T00:40:00-06:00
7a3d123dd555110d,author_default,53,4,211,pending_no_gpu_admission,,,,8200,2026-10-14T00:40:00-06:00
7a3d123dd555110d,author_default,53,4,307,pending_no_gpu_admission,,,,8200,2026-10-14T00:40:00-06:00
7a3d123dd555110d,author_default,71,1,101,pending_no_gpu_admission,,,,8210,2026-10-14T00:50:00-06:00
7a3d123dd555110d,author_default,71,1,211,pending_no_gpu_admission,,,,8210,2026-10-14T00:50:00-06:00
7a3d123dd555110d,author_default,71,1,307,pending_no_gpu_admission,,,,8210,2026-10-14T00:50:00-06:00
7a3d123dd555110d,author_default,71,4,101,pending_no_gpu_admission,,,,8210,2026-10-14T00:50:00-06:00
7a3d123dd555110d,author_default,71,4,211,pending_no_gpu_admission,,,,8210,2026-10-14T00:50:00-06:00
7a3d123dd555110d,author_default,71,4,307,pending_no_gpu_admission,,,,8210,2026-10-14T00:50:00-06:00
7a3d123dd555110d,native_selected,11,1,101,pending_no_gpu_admission,,,,8160,2026-10-14T00:00:00-06:00
7a3d123dd555110d,native_selected,11,1,211,pending_no_gpu_admission,,,,8160,2026-10-14T00:00:00-06:00
7a3d123dd555110d,native_selected,11,1,307,pending_no_gpu_admission,,,,8160,2026-10-14T00:00:00-06:00
7a3d123dd555110d,native_selected,11,4,101,pending_no_gpu_admission,,,,8160,2026-10-14T00:00:00-06:00
7a3d123dd555110d,native_selected,11,4,211,pending_no_gpu_admission,,,,8160,2026-10-14T00:00:00-06:00
7a3d123dd555110d,native_selected,11,4,307,pending_no_gpu_admission,,,,8160,2026-10-14T00:00:00-06:00
7a3d123dd555110d,native_selected,23,1,101,pending_no_gpu_admission,,,,8220,2026-10-14T01:00:00-06:00
7a3d123dd555110d,native_selected,23,1,211,pending_no_gpu_admission,,,,8220,2026-10-14T01:00:00-06:00
7a3d123dd555110d,native_selected,23,1,307,pending_no_gpu_admission,,,,8220,2026-10-14T01:00:00-06:00
7a3d123dd555110d,native_selected,23,4,101,pending_no_gpu_admission,,,,8220,2026-10-14T01:00:00-06:00
7a3d123dd555110d,native_selected,23,4,211,pending_no_gpu_admission,,,,8220,2026-10-14T01:00:00-06:00
7a3d123dd555110d,native_selected,23,4,307,pending_no_gpu_admission,,,,8220,2026-10-14T01:00:00-06:00
7a3d123dd555110d,native_selected,37,1,101,pending_no_gpu_admission,,,,8230,2026-10-14T01:10:00-06:00
7a3d123dd555110d,native_selected,37,1,211,pending_no_gpu_admission,,,,8230,2026-10-14T01:10:00-06:00
7a3d123dd555110d,native_selected,37,1,307,pending_no_gpu_admission,,,,8230,2026-10-14T01:10:00-06:00
7a3d123dd555110d,native_selected,37,4,101,pending_no_gpu_admission,,,,8230,2026-10-14T01:10:00-06:00
7a3d123dd555110d,native_selected,37,4,211,pending_no_gpu_admission,,,,8230,2026-10-14T01:10:00-06:00
7a3d123dd555110d,native_selected,37,4,307,pending_no_gpu_admission,,,,8230,2026-10-14T01:10:00-06:00
7a3d123dd555110d,native_selected,53,1,101,pending_no_gpu_admission,,,,8240,2026-10-14T01:20:00-06:00
7a3d123dd555110d,native_selected,53,1,211,pending_no_gpu_admission,,,,8240,2026-10-14T01:20:00-06:00
7a3d123dd555110d,native_selected,53,1,307,pending_no_gpu_admission,,,,8240,2026-10-14T01:20:00-06:00
7a3d123dd555110d,native_selected,53,4,101,pending_no_gpu_admission,,,,8240,2026-10-14T01:20:00-06:00
7a3d123dd555110d,native_selected,53,4,211,pending_no_gpu_admission,,,,8240,2026-10-14T01:20:00-06:00
7a3d123dd555110d,native_selected,53,4,307,pending_no_gpu_admission,,,,8240,2026-10-14T01:20:00-06:00
7a3d123dd555110d,native_selected,71,1,101,pending_no_gpu_admission,,,,8250,2026-10-14T01:30:00-06:00
7a3d123dd555110d,native_selected,71,1,211,pending_no_gpu_admission,,,,8250,2026-10-14T01:30:00-06:00
7a3d123dd555110d,native_selected,71,1,307,pending_no_gpu_admission,,,,8250,2026-10-14T01:30:00-06:00
7a3d123dd555110d,native_selected,71,4,101,pending_no_gpu_admission,,,,8250,2026-10-14T01:30:00-06:00
7a3d123dd555110d,native_selected,71,4,211,pending_no_gpu_admission,,,,8250,2026-10-14T01:30:00-06:00
7a3d123dd555110d,native_selected,71,4,307,pending_no_gpu_admission,,,,8250,2026-10-14T01:30:00-06:00
7c8943b160464add,author_default,11,1,101,pending_no_gpu_admission,,,,8340,2026-10-14T03:00:00-06:00
7c8943b160464add,author_default,11,1,211,pending_no_gpu_admission,,,,8340,2026-10-14T03:00:00-06:00
7c8943b160464add,author_default,11,1,307,pending_no_gpu_admission,,,,8340,2026-10-14T03:00:00-06:00
7c8943b160464add,author_default,11,4,101,pending_no_gpu_admission,,,,8340,2026-10-14T03:00:00-06:00
7c8943b160464add,author_default,11,4,211,pending_no_gpu_admission,,,,8340,2026-10-14T03:00:00-06:00
7c8943b160464add,author_default,11,4,307,pending_no_gpu_admission,,,,8340,2026-10-14T03:00:00-06:00
7c8943b160464add,author_default,23,1,101,pending_no_gpu_admission,,,,8350,2026-10-14T03:10:00-06:00
7c8943b160464add,author_default,23,1,211,pending_no_gpu_admission,,,,8350,2026-10-14T03:10:00-06:00
7c8943b160464add,author_default,23,1,307,pending_no_gpu_admission,,,,8350,2026-10-14T03:10:00-06:00
7c8943b160464add,author_default,23,4,101,pending_no_gpu_admission,,,,8350,2026-10-14T03:10:00-06:00
7c8943b160464add,author_default,23,4,211,pending_no_gpu_admission,,,,8350,2026-10-14T03:10:00-06:00
7c8943b160464add,author_default,23,4,307,pending_no_gpu_admission,,,,8350,2026-10-14T03:10:00-06:00
7c8943b160464add,author_default,37,1,101,pending_no_gpu_admission,,,,8360,2026-10-14T03:20:00-06:00
7c8943b160464add,author_default,37,1,211,pending_no_gpu_admission,,,,8360,2026-10-14T03:20:00-06:00
7c8943b160464add,author_default,37,1,307,pending_no_gpu_admission,,,,8360,2026-10-14T03:20:00-06:00
7c8943b160464add,author_default,37,4,101,pending_no_gpu_admission,,,,8360,2026-10-14T03:20:00-06:00
7c8943b160464add,author_default,37,4,211,pending_no_gpu_admission,,,,8360,2026-10-14T03:20:00-06:00
7c8943b160464add,author_default,37,4,307,pending_no_gpu_admission,,,,8360,2026-10-14T03:20:00-06:00
7c8943b160464add,author_default,53,1,101,pending_no_gpu_admission,,,,8370,2026-10-14T03:30:00-06:00
7c8943b160464add,author_default,53,1,211,pending_no_gpu_admission,,,,8370,2026-10-14T03:30:00-06:00
7c8943b160464add,author_default,53,1,307,pending_no_gpu_admission,,,,8370,2026-10-14T03:30:00-06:00
7c8943b160464add,author_default,53,4,101,pending_no_gpu_admission,,,,8370,2026-10-14T03:30:00-06:00
7c8943b160464add,author_default,53,4,211,pending_no_gpu_admission,,,,8370,2026-10-14T03:30:00-06:00
7c8943b160464add,author_default,53,4,307,pending_no_gpu_admission,,,,8370,2026-10-14T03:30:00-06:00
7c8943b160464add,author_default,71,1,101,pending_no_gpu_admission,,,,8380,2026-10-14T03:40:00-06:00
7c8943b160464add,author_default,71,1,211,pending_no_gpu_admission,,,,8380,2026-10-14T03:40:00-06:00
7c8943b160464add,author_default,71,1,307,pending_no_gpu_admission,,,,8380,2026-10-14T03:40:00-06:00
7c8943b160464add,author_default,71,4,101,pending_no_gpu_admission,,,,8380,2026-10-14T03:40:00-06:00
7c8943b160464add,author_default,71,4,211,pending_no_gpu_admission,,,,8380,2026-10-14T03:40:00-06:00
7c8943b160464add,author_default,71,4,307,pending_no_gpu_admission,,,,8380,2026-10-14T03:40:00-06:00
7c8943b160464add,native_selected,11,1,101,pending_no_gpu_admission,,,,8330,2026-10-14T02:50:00-06:00
7c8943b160464add,native_selected,11,1,211,pending_no_gpu_admission,,,,8330,2026-10-14T02:50:00-06:00
7c8943b160464add,native_selected,11,1,307,pending_no_gpu_admission,,,,8330,2026-10-14T02:50:00-06:00
7c8943b160464add,native_selected,11,4,101,pending_no_gpu_admission,,,,8330,2026-10-14T02:50:00-06:00
7c8943b160464add,native_selected,11,4,211,pending_no_gpu_admission,,,,8330,2026-10-14T02:50:00-06:00
7c8943b160464add,native_selected,11,4,307,pending_no_gpu_admission,,,,8330,2026-10-14T02:50:00-06:00
7c8943b160464add,native_selected,23,1,101,pending_no_gpu_admission,,,,8390,2026-10-14T03:50:00-06:00
7c8943b160464add,native_selected,23,1,211,pending_no_gpu_admission,,,,8390,2026-10-14T03:50:00-06:00
7c8943b160464add,native_selected,23,1,307,pending_no_gpu_admission,,,,8390,2026-10-14T03:50:00-06:00
7c8943b160464add,native_selected,23,4,101,pending_no_gpu_admission,,,,8390,2026-10-14T03:50:00-06:00
7c8943b160464add,native_selected,23,4,211,pending_no_gpu_admission,,,,8390,2026-10-14T03:50:00-06:00
7c8943b160464add,native_selected,23,4,307,pending_no_gpu_admission,,,,8390,2026-10-14T03:50:00-06:00
7c8943b160464add,native_selected,37,1,101,pending_no_gpu_admission,,,,8400,2026-10-14T04:00:00-06:00
7c8943b160464add,native_selected,37,1,211,pending_no_gpu_admission,,,,8400,2026-10-14T04:00:00-06:00
7c8943b160464add,native_selected,37,1,307,pending_no_gpu_admission,,,,8400,2026-10-14T04:00:00-06:00
7c8943b160464add,native_selected,37,4,101,pending_no_gpu_admission,,,,8400,2026-10-14T04:00:00-06:00
7c8943b160464add,native_selected,37,4,211,pending_no_gpu_admission,,,,8400,2026-10-14T04:00:00-06:00
7c8943b160464add,native_selected,37,4,307,pending_no_gpu_admission,,,,8400,2026-10-14T04:00:00-06:00
7c8943b160464add,native_selected,53,1,101,pending_no_gpu_admission,,,,8410,2026-10-14T04:10:00-06:00
7c8943b160464add,native_selected,53,1,211,pending_no_gpu_admission,,,,8410,2026-10-14T04:10:00-06:00
7c8943b160464add,native_selected,53,1,307,pending_no_gpu_admission,,,,8410,2026-10-14T04:10:00-06:00
7c8943b160464add,native_selected,53,4,101,pending_no_gpu_admission,,,,8410,2026-10-14T04:10:00-06:00
7c8943b160464add,native_selected,53,4,211,pending_no_gpu_admission,,,,8410,2026-10-14T04:10:00-06:00
7c8943b160464add,native_selected,53,4,307,pending_no_gpu_admission,,,,8410,2026-10-14T04:10:00-06:00
7c8943b160464add,native_selected,71,1,101,pending_no_gpu_admission,,,,8420,2026-10-14T04:20:00-06:00
7c8943b160464add,native_selected,71,1,211,pending_no_gpu_admission,,,,8420,2026-10-14T04:20:00-06:00
7c8943b160464add,native_selected,71,1,307,pending_no_gpu_admission,,,,8420,2026-10-14T04:20:00-06:00
7c8943b160464add,native_selected,71,4,101,pending_no_gpu_admission,,,,8420,2026-10-14T04:20:00-06:00
7c8943b160464add,native_selected,71,4,211,pending_no_gpu_admission,,,,8420,2026-10-14T04:20:00-06:00
7c8943b160464add,native_selected,71,4,307,pending_no_gpu_admission,,,,8420,2026-10-14T04:20:00-06:00
7e51711baa1b1fb1,author_default,11,1,101,pending_no_gpu_admission,,,,8510,2026-10-14T05:50:00-06:00
7e51711baa1b1fb1,author_default,11,1,211,pending_no_gpu_admission,,,,8510,2026-10-14T05:50:00-06:00
7e51711baa1b1fb1,author_default,11,1,307,pending_no_gpu_admission,,,,8510,2026-10-14T05:50:00-06:00
7e51711baa1b1fb1,author_default,11,4,101,pending_no_gpu_admission,,,,8510,2026-10-14T05:50:00-06:00
7e51711baa1b1fb1,author_default,11,4,211,pending_no_gpu_admission,,,,8510,2026-10-14T05:50:00-06:00
7e51711baa1b1fb1,author_default,11,4,307,pending_no_gpu_admission,,,,8510,2026-10-14T05:50:00-06:00
7e51711baa1b1fb1,author_default,23,1,101,pending_no_gpu_admission,,,,8520,2026-10-14T06:00:00-06:00
7e51711baa1b1fb1,author_default,23,1,211,pending_no_gpu_admission,,,,8520,2026-10-14T06:00:00-06:00
7e51711baa1b1fb1,author_default,23,1,307,pending_no_gpu_admission,,,,8520,2026-10-14T06:00:00-06:00
7e51711baa1b1fb1,author_default,23,4,101,pending_no_gpu_admission,,,,8520,2026-10-14T06:00:00-06:00
7e51711baa1b1fb1,author_default,23,4,211,pending_no_gpu_admission,,,,8520,2026-10-14T06:00:00-06:00
7e51711baa1b1fb1,author_default,23,4,307,pending_no_gpu_admission,,,,8520,2026-10-14T06:00:00-06:00
7e51711baa1b1fb1,author_default,37,1,101,pending_no_gpu_admission,,,,8530,2026-10-14T06:10:00-06:00
7e51711baa1b1fb1,author_default,37,1,211,pending_no_gpu_admission,,,,8530,2026-10-14T06:10:00-06:00
7e51711baa1b1fb1,author_default,37,1,307,pending_no_gpu_admission,,,,8530,2026-10-14T06:10:00-06:00
7e51711baa1b1fb1,author_default,37,4,101,pending_no_gpu_admission,,,,8530,2026-10-14T06:10:00-06:00
7e51711baa1b1fb1,author_default,37,4,211,pending_no_gpu_admission,,,,8530,2026-10-14T06:10:00-06:00
7e51711baa1b1fb1,author_default,37,4,307,pending_no_gpu_admission,,,,8530,2026-10-14T06:10:00-06:00
7e51711baa1b1fb1,author_default,53,1,101,pending_no_gpu_admission,,,,8540,2026-10-14T06:20:00-06:00
7e51711baa1b1fb1,author_default,53,1,211,pending_no_gpu_admission,,,,8540,2026-10-14T06:20:00-06:00
7e51711baa1b1fb1,author_default,53,1,307,pending_no_gpu_admission,,,,8540,2026-10-14T06:20:00-06:00
7e51711baa1b1fb1,author_default,53,4,101,pending_no_gpu_admission,,,,8540,2026-10-14T06:20:00-06:00
7e51711baa1b1fb1,author_default,53,4,211,pending_no_gpu_admission,,,,8540,2026-10-14T06:20:00-06:00
7e51711baa1b1fb1,author_default,53,4,307,pending_no_gpu_admission,,,,8540,2026-10-14T06:20:00-06:00
7e51711baa1b1fb1,author_default,71,1,101,pending_no_gpu_admission,,,,8550,2026-10-14T06:30:00-06:00
7e51711baa1b1fb1,author_default,71,1,211,pending_no_gpu_admission,,,,8550,2026-10-14T06:30:00-06:00
7e51711baa1b1fb1,author_default,71,1,307,pending_no_gpu_admission,,,,8550,2026-10-14T06:30:00-06:00
7e51711baa1b1fb1,author_default,71,4,101,pending_no_gpu_admission,,,,8550,2026-10-14T06:30:00-06:00
7e51711baa1b1fb1,author_default,71,4,211,pending_no_gpu_admission,,,,8550,2026-10-14T06:30:00-06:00
7e51711baa1b1fb1,author_default,71,4,307,pending_no_gpu_admission,,,,8550,2026-10-14T06:30:00-06:00
7e51711baa1b1fb1,native_selected,11,1,101,pending_no_gpu_admission,,,,8500,2026-10-14T05:40:00-06:00
7e51711baa1b1fb1,native_selected,11,1,211,pending_no_gpu_admission,,,,8500,2026-10-14T05:40:00-06:00
7e51711baa1b1fb1,native_selected,11,1,307,pending_no_gpu_admission,,,,8500,2026-10-14T05:40:00-06:00
7e51711baa1b1fb1,native_selected,11,4,101,pending_no_gpu_admission,,,,8500,2026-10-14T05:40:00-06:00
7e51711baa1b1fb1,native_selected,11,4,211,pending_no_gpu_admission,,,,8500,2026-10-14T05:40:00-06:00
7e51711baa1b1fb1,native_selected,11,4,307,pending_no_gpu_admission,,,,8500,2026-10-14T05:40:00-06:00
7e51711baa1b1fb1,native_selected,23,1,101,pending_no_gpu_admission,,,,8560,2026-10-14T06:40:00-06:00
7e51711baa1b1fb1,native_selected,23,1,211,pending_no_gpu_admission,,,,8560,2026-10-14T06:40:00-06:00
7e51711baa1b1fb1,native_selected,23,1,307,pending_no_gpu_admission,,,,8560,2026-10-14T06:40:00-06:00
7e51711baa1b1fb1,native_selected,23,4,101,pending_no_gpu_admission,,,,8560,2026-10-14T06:40:00-06:00
7e51711baa1b1fb1,native_selected,23,4,211,pending_no_gpu_admission,,,,8560,2026-10-14T06:40:00-06:00
7e51711baa1b1fb1,native_selected,23,4,307,pending_no_gpu_admission,,,,8560,2026-10-14T06:40:00-06:00
7e51711baa1b1fb1,native_selected,37,1,101,pending_no_gpu_admission,,,,8570,2026-10-14T06:50:00-06:00
7e51711baa1b1fb1,native_selected,37,1,211,pending_no_gpu_admission,,,,8570,2026-10-14T06:50:00-06:00
7e51711baa1b1fb1,native_selected,37,1,307,pending_no_gpu_admission,,,,8570,2026-10-14T06:50:00-06:00
7e51711baa1b1fb1,native_selected,37,4,101,pending_no_gpu_admission,,,,8570,2026-10-14T06:50:00-06:00
7e51711baa1b1fb1,native_selected,37,4,211,pending_no_gpu_admission,,,,8570,2026-10-14T06:50:00-06:00
7e51711baa1b1fb1,native_selected,37,4,307,pending_no_gpu_admission,,,,8570,2026-10-14T06:50:00-06:00
7e51711baa1b1fb1,native_selected,53,1,101,pending_no_gpu_admission,,,,8580,2026-10-14T07:00:00-06:00
7e51711baa1b1fb1,native_selected,53,1,211,pending_no_gpu_admission,,,,8580,2026-10-14T07:00:00-06:00
7e51711baa1b1fb1,native_selected,53,1,307,pending_no_gpu_admission,,,,8580,2026-10-14T07:00:00-06:00
7e51711baa1b1fb1,native_selected,53,4,101,pending_no_gpu_admission,,,,8580,2026-10-14T07:00:00-06:00
7e51711baa1b1fb1,native_selected,53,4,211,pending_no_gpu_admission,,,,8580,2026-10-14T07:00:00-06:00
7e51711baa1b1fb1,native_selected,53,4,307,pending_no_gpu_admission,,,,8580,2026-10-14T07:00:00-06:00
7e51711baa1b1fb1,native_selected,71,1,101,pending_no_gpu_admission,,,,8590,2026-10-14T07:10:00-06:00
7e51711baa1b1fb1,native_selected,71,1,211,pending_no_gpu_admission,,,,8590,2026-10-14T07:10:00-06:00
7e51711baa1b1fb1,native_selected,71,1,307,pending_no_gpu_admission,,,,8590,2026-10-14T07:10:00-06:00
7e51711baa1b1fb1,native_selected,71,4,101,pending_no_gpu_admission,,,,8590,2026-10-14T07:10:00-06:00
7e51711baa1b1fb1,native_selected,71,4,211,pending_no_gpu_admission,,,,8590,2026-10-14T07:10:00-06:00
7e51711baa1b1fb1,native_selected,71,4,307,pending_no_gpu_admission,,,,8590,2026-10-14T07:10:00-06:00
80589368fa78f21a,author_default,11,1,101,pending_no_gpu_admission,,,,8680,2026-10-14T08:40:00-06:00
80589368fa78f21a,author_default,11,1,211,pending_no_gpu_admission,,,,8680,2026-10-14T08:40:00-06:00
80589368fa78f21a,author_default,11,1,307,pending_no_gpu_admission,,,,8680,2026-10-14T08:40:00-06:00
80589368fa78f21a,author_default,11,4,101,pending_no_gpu_admission,,,,8680,2026-10-14T08:40:00-06:00
80589368fa78f21a,author_default,11,4,211,pending_no_gpu_admission,,,,8680,2026-10-14T08:40:00-06:00
80589368fa78f21a,author_default,11,4,307,pending_no_gpu_admission,,,,8680,2026-10-14T08:40:00-06:00
80589368fa78f21a,author_default,23,1,101,pending_no_gpu_admission,,,,8690,2026-10-14T08:50:00-06:00
80589368fa78f21a,author_default,23,1,211,pending_no_gpu_admission,,,,8690,2026-10-14T08:50:00-06:00
80589368fa78f21a,author_default,23,1,307,pending_no_gpu_admission,,,,8690,2026-10-14T08:50:00-06:00
80589368fa78f21a,author_default,23,4,101,pending_no_gpu_admission,,,,8690,2026-10-14T08:50:00-06:00
80589368fa78f21a,author_default,23,4,211,pending_no_gpu_admission,,,,8690,2026-10-14T08:50:00-06:00
80589368fa78f21a,author_default,23,4,307,pending_no_gpu_admission,,,,8690,2026-10-14T08:50:00-06:00
80589368fa78f21a,author_default,37,1,101,pending_no_gpu_admission,,,,8700,2026-10-14T09:00:00-06:00
80589368fa78f21a,author_default,37,1,211,pending_no_gpu_admission,,,,8700,2026-10-14T09:00:00-06:00
80589368fa78f21a,author_default,37,1,307,pending_no_gpu_admission,,,,8700,2026-10-14T09:00:00-06:00
80589368fa78f21a,author_default,37,4,101,pending_no_gpu_admission,,,,8700,2026-10-14T09:00:00-06:00
80589368fa78f21a,author_default,37,4,211,pending_no_gpu_admission,,,,8700,2026-10-14T09:00:00-06:00
80589368fa78f21a,author_default,37,4,307,pending_no_gpu_admission,,,,8700,2026-10-14T09:00:00-06:00
80589368fa78f21a,author_default,53,1,101,pending_no_gpu_admission,,,,8710,2026-10-14T09:10:00-06:00
80589368fa78f21a,author_default,53,1,211,pending_no_gpu_admission,,,,8710,2026-10-14T09:10:00-06:00
80589368fa78f21a,author_default,53,1,307,pending_no_gpu_admission,,,,8710,2026-10-14T09:10:00-06:00
80589368fa78f21a,author_default,53,4,101,pending_no_gpu_admission,,,,8710,2026-10-14T09:10:00-06:00
80589368fa78f21a,author_default,53,4,211,pending_no_gpu_admission,,,,8710,2026-10-14T09:10:00-06:00
80589368fa78f21a,author_default,53,4,307,pending_no_gpu_admission,,,,8710,2026-10-14T09:10:00-06:00
80589368fa78f21a,author_default,71,1,101,pending_no_gpu_admission,,,,8720,2026-10-14T09:20:00-06:00
80589368fa78f21a,author_default,71,1,211,pending_no_gpu_admission,,,,8720,2026-10-14T09:20:00-06:00
80589368fa78f21a,author_default,71,1,307,pending_no_gpu_admission,,,,8720,2026-10-14T09:20:00-06:00
80589368fa78f21a,author_default,71,4,101,pending_no_gpu_admission,,,,8720,2026-10-14T09:20:00-06:00
80589368fa78f21a,author_default,71,4,211,pending_no_gpu_admission,,,,8720,2026-10-14T09:20:00-06:00
80589368fa78f21a,author_default,71,4,307,pending_no_gpu_admission,,,,8720,2026-10-14T09:20:00-06:00
80589368fa78f21a,native_selected,11,1,101,pending_no_gpu_admission,,,,8670,2026-10-14T08:30:00-06:00
80589368fa78f21a,native_selected,11,1,211,pending_no_gpu_admission,,,,8670,2026-10-14T08:30:00-06:00
80589368fa78f21a,native_selected,11,1,307,pending_no_gpu_admission,,,,8670,2026-10-14T08:30:00-06:00
80589368fa78f21a,native_selected,11,4,101,pending_no_gpu_admission,,,,8670,2026-10-14T08:30:00-06:00
80589368fa78f21a,native_selected,11,4,211,pending_no_gpu_admission,,,,8670,2026-10-14T08:30:00-06:00
80589368fa78f21a,native_selected,11,4,307,pending_no_gpu_admission,,,,8670,2026-10-14T08:30:00-06:00
80589368fa78f21a,native_selected,23,1,101,pending_no_gpu_admission,,,,8730,2026-10-14T09:30:00-06:00
80589368fa78f21a,native_selected,23,1,211,pending_no_gpu_admission,,,,8730,2026-10-14T09:30:00-06:00
80589368fa78f21a,native_selected,23,1,307,pending_no_gpu_admission,,,,8730,2026-10-14T09:30:00-06:00
80589368fa78f21a,native_selected,23,4,101,pending_no_gpu_admission,,,,8730,2026-10-14T09:30:00-06:00
80589368fa78f21a,native_selected,23,4,211,pending_no_gpu_admission,,,,8730,2026-10-14T09:30:00-06:00
80589368fa78f21a,native_selected,23,4,307,pending_no_gpu_admission,,,,8730,2026-10-14T09:30:00-06:00
80589368fa78f21a,native_selected,37,1,101,pending_no_gpu_admission,,,,8740,2026-10-14T09:40:00-06:00
80589368fa78f21a,native_selected,37,1,211,pending_no_gpu_admission,,,,8740,2026-10-14T09:40:00-06:00
80589368fa78f21a,native_selected,37,1,307,pending_no_gpu_admission,,,,8740,2026-10-14T09:40:00-06:00
80589368fa78f21a,native_selected,37,4,101,pending_no_gpu_admission,,,,8740,2026-10-14T09:40:00-06:00
80589368fa78f21a,native_selected,37,4,211,pending_no_gpu_admission,,,,8740,2026-10-14T09:40:00-06:00
80589368fa78f21a,native_selected,37,4,307,pending_no_gpu_admission,,,,8740,2026-10-14T09:40:00-06:00
80589368fa78f21a,native_selected,53,1,101,pending_no_gpu_admission,,,,8750,2026-10-14T09:50:00-06:00
80589368fa78f21a,native_selected,53,1,211,pending_no_gpu_admission,,,,8750,2026-10-14T09:50:00-06:00
80589368fa78f21a,native_selected,53,1,307,pending_no_gpu_admission,,,,8750,2026-10-14T09:50:00-06:00
80589368fa78f21a,native_selected,53,4,101,pending_no_gpu_admission,,,,8750,2026-10-14T09:50:00-06:00
80589368fa78f21a,native_selected,53,4,211,pending_no_gpu_admission,,,,8750,2026-10-14T09:50:00-06:00
80589368fa78f21a,native_selected,53,4,307,pending_no_gpu_admission,,,,8750,2026-10-14T09:50:00-06:00
80589368fa78f21a,native_selected,71,1,101,pending_no_gpu_admission,,,,8760,2026-10-14T10:00:00-06:00
80589368fa78f21a,native_selected,71,1,211,pending_no_gpu_admission,,,,8760,2026-10-14T10:00:00-06:00
80589368fa78f21a,native_selected,71,1,307,pending_no_gpu_admission,,,,8760,2026-10-14T10:00:00-06:00
80589368fa78f21a,native_selected,71,4,101,pending_no_gpu_admission,,,,8760,2026-10-14T10:00:00-06:00
80589368fa78f21a,native_selected,71,4,211,pending_no_gpu_admission,,,,8760,2026-10-14T10:00:00-06:00
80589368fa78f21a,native_selected,71,4,307,pending_no_gpu_admission,,,,8760,2026-10-14T10:00:00-06:00
8164950b155f7f56,author_default,11,1,101,pending_no_gpu_admission,,,,8850,2026-10-14T11:30:00-06:00
8164950b155f7f56,author_default,11,1,211,pending_no_gpu_admission,,,,8850,2026-10-14T11:30:00-06:00
8164950b155f7f56,author_default,11,1,307,pending_no_gpu_admission,,,,8850,2026-10-14T11:30:00-06:00
8164950b155f7f56,author_default,11,4,101,pending_no_gpu_admission,,,,8850,2026-10-14T11:30:00-06:00
8164950b155f7f56,author_default,11,4,211,pending_no_gpu_admission,,,,8850,2026-10-14T11:30:00-06:00
8164950b155f7f56,author_default,11,4,307,pending_no_gpu_admission,,,,8850,2026-10-14T11:30:00-06:00
8164950b155f7f56,author_default,23,1,101,pending_no_gpu_admission,,,,8860,2026-10-14T11:40:00-06:00
8164950b155f7f56,author_default,23,1,211,pending_no_gpu_admission,,,,8860,2026-10-14T11:40:00-06:00
8164950b155f7f56,author_default,23,1,307,pending_no_gpu_admission,,,,8860,2026-10-14T11:40:00-06:00
8164950b155f7f56,author_default,23,4,101,pending_no_gpu_admission,,,,8860,2026-10-14T11:40:00-06:00
8164950b155f7f56,author_default,23,4,211,pending_no_gpu_admission,,,,8860,2026-10-14T11:40:00-06:00
8164950b155f7f56,author_default,23,4,307,pending_no_gpu_admission,,,,8860,2026-10-14T11:40:00-06:00
8164950b155f7f56,author_default,37,1,101,pending_no_gpu_admission,,,,8870,2026-10-14T11:50:00-06:00
8164950b155f7f56,author_default,37,1,211,pending_no_gpu_admission,,,,8870,2026-10-14T11:50:00-06:00
8164950b155f7f56,author_default,37,1,307,pending_no_gpu_admission,,,,8870,2026-10-14T11:50:00-06:00
8164950b155f7f56,author_default,37,4,101,pending_no_gpu_admission,,,,8870,2026-10-14T11:50:00-06:00
8164950b155f7f56,author_default,37,4,211,pending_no_gpu_admission,,,,8870,2026-10-14T11:50:00-06:00
8164950b155f7f56,author_default,37,4,307,pending_no_gpu_admission,,,,8870,2026-10-14T11:50:00-06:00
8164950b155f7f56,author_default,53,1,101,pending_no_gpu_admission,,,,8880,2026-10-14T12:00:00-06:00
8164950b155f7f56,author_default,53,1,211,pending_no_gpu_admission,,,,8880,2026-10-14T12:00:00-06:00
8164950b155f7f56,author_default,53,1,307,pending_no_gpu_admission,,,,8880,2026-10-14T12:00:00-06:00
8164950b155f7f56,author_default,53,4,101,pending_no_gpu_admission,,,,8880,2026-10-14T12:00:00-06:00
8164950b155f7f56,author_default,53,4,211,pending_no_gpu_admission,,,,8880,2026-10-14T12:00:00-06:00
8164950b155f7f56,author_default,53,4,307,pending_no_gpu_admission,,,,8880,2026-10-14T12:00:00-06:00
8164950b155f7f56,author_default,71,1,101,pending_no_gpu_admission,,,,8890,2026-10-14T12:10:00-06:00
8164950b155f7f56,author_default,71,1,211,pending_no_gpu_admission,,,,8890,2026-10-14T12:10:00-06:00
8164950b155f7f56,author_default,71,1,307,pending_no_gpu_admission,,,,8890,2026-10-14T12:10:00-06:00
8164950b155f7f56,author_default,71,4,101,pending_no_gpu_admission,,,,8890,2026-10-14T12:10:00-06:00
8164950b155f7f56,author_default,71,4,211,pending_no_gpu_admission,,,,8890,2026-10-14T12:10:00-06:00
8164950b155f7f56,author_default,71,4,307,pending_no_gpu_admission,,,,8890,2026-10-14T12:10:00-06:00
8164950b155f7f56,native_selected,11,1,101,pending_no_gpu_admission,,,,8840,2026-10-14T11:20:00-06:00
8164950b155f7f56,native_selected,11,1,211,pending_no_gpu_admission,,,,8840,2026-10-14T11:20:00-06:00
8164950b155f7f56,native_selected,11,1,307,pending_no_gpu_admission,,,,8840,2026-10-14T11:20:00-06:00
8164950b155f7f56,native_selected,11,4,101,pending_no_gpu_admission,,,,8840,2026-10-14T11:20:00-06:00
8164950b155f7f56,native_selected,11,4,211,pending_no_gpu_admission,,,,8840,2026-10-14T11:20:00-06:00
8164950b155f7f56,native_selected,11,4,307,pending_no_gpu_admission,,,,8840,2026-10-14T11:20:00-06:00
8164950b155f7f56,native_selected,23,1,101,pending_no_gpu_admission,,,,8900,2026-10-14T12:20:00-06:00
8164950b155f7f56,native_selected,23,1,211,pending_no_gpu_admission,,,,8900,2026-10-14T12:20:00-06:00
8164950b155f7f56,native_selected,23,1,307,pending_no_gpu_admission,,,,8900,2026-10-14T12:20:00-06:00
8164950b155f7f56,native_selected,23,4,101,pending_no_gpu_admission,,,,8900,2026-10-14T12:20:00-06:00
8164950b155f7f56,native_selected,23,4,211,pending_no_gpu_admission,,,,8900,2026-10-14T12:20:00-06:00
8164950b155f7f56,native_selected,23,4,307,pending_no_gpu_admission,,,,8900,2026-10-14T12:20:00-06:00
8164950b155f7f56,native_selected,37,1,101,pending_no_gpu_admission,,,,8910,2026-10-14T12:30:00-06:00
8164950b155f7f56,native_selected,37,1,211,pending_no_gpu_admission,,,,8910,2026-10-14T12:30:00-06:00
8164950b155f7f56,native_selected,37,1,307,pending_no_gpu_admission,,,,8910,2026-10-14T12:30:00-06:00
8164950b155f7f56,native_selected,37,4,101,pending_no_gpu_admission,,,,8910,2026-10-14T12:30:00-06:00
8164950b155f7f56,native_selected,37,4,211,pending_no_gpu_admission,,,,8910,2026-10-14T12:30:00-06:00
8164950b155f7f56,native_selected,37,4,307,pending_no_gpu_admission,,,,8910,2026-10-14T12:30:00-06:00
8164950b155f7f56,native_selected,53,1,101,pending_no_gpu_admission,,,,8920,2026-10-14T12:40:00-06:00
8164950b155f7f56,native_selected,53,1,211,pending_no_gpu_admission,,,,8920,2026-10-14T12:40:00-06:00
8164950b155f7f56,native_selected,53,1,307,pending_no_gpu_admission,,,,8920,2026-10-14T12:40:00-06:00
8164950b155f7f56,native_selected,53,4,101,pending_no_gpu_admission,,,,8920,2026-10-14T12:40:00-06:00
8164950b155f7f56,native_selected,53,4,211,pending_no_gpu_admission,,,,8920,2026-10-14T12:40:00-06:00
8164950b155f7f56,native_selected,53,4,307,pending_no_gpu_admission,,,,8920,2026-10-14T12:40:00-06:00
8164950b155f7f56,native_selected,71,1,101,pending_no_gpu_admission,,,,8930,2026-10-14T12:50:00-06:00
8164950b155f7f56,native_selected,71,1,211,pending_no_gpu_admission,,,,8930,2026-10-14T12:50:00-06:00
8164950b155f7f56,native_selected,71,1,307,pending_no_gpu_admission,,,,8930,2026-10-14T12:50:00-06:00
8164950b155f7f56,native_selected,71,4,101,pending_no_gpu_admission,,,,8930,2026-10-14T12:50:00-06:00
8164950b155f7f56,native_selected,71,4,211,pending_no_gpu_admission,,,,8930,2026-10-14T12:50:00-06:00
8164950b155f7f56,native_selected,71,4,307,pending_no_gpu_admission,,,,8930,2026-10-14T12:50:00-06:00
85a31ae409944a1b,author_default,11,1,101,pending_no_gpu_admission,,,,9020,2026-10-14T14:20:00-06:00
85a31ae409944a1b,author_default,11,1,211,pending_no_gpu_admission,,,,9020,2026-10-14T14:20:00-06:00
85a31ae409944a1b,author_default,11,1,307,pending_no_gpu_admission,,,,9020,2026-10-14T14:20:00-06:00
85a31ae409944a1b,author_default,11,4,101,pending_no_gpu_admission,,,,9020,2026-10-14T14:20:00-06:00
85a31ae409944a1b,author_default,11,4,211,pending_no_gpu_admission,,,,9020,2026-10-14T14:20:00-06:00
85a31ae409944a1b,author_default,11,4,307,pending_no_gpu_admission,,,,9020,2026-10-14T14:20:00-06:00
85a31ae409944a1b,author_default,23,1,101,pending_no_gpu_admission,,,,9030,2026-10-14T14:30:00-06:00
85a31ae409944a1b,author_default,23,1,211,pending_no_gpu_admission,,,,9030,2026-10-14T14:30:00-06:00
85a31ae409944a1b,author_default,23,1,307,pending_no_gpu_admission,,,,9030,2026-10-14T14:30:00-06:00
85a31ae409944a1b,author_default,23,4,101,pending_no_gpu_admission,,,,9030,2026-10-14T14:30:00-06:00
85a31ae409944a1b,author_default,23,4,211,pending_no_gpu_admission,,,,9030,2026-10-14T14:30:00-06:00
85a31ae409944a1b,author_default,23,4,307,pending_no_gpu_admission,,,,9030,2026-10-14T14:30:00-06:00
85a31ae409944a1b,author_default,37,1,101,pending_no_gpu_admission,,,,9040,2026-10-14T14:40:00-06:00
85a31ae409944a1b,author_default,37,1,211,pending_no_gpu_admission,,,,9040,2026-10-14T14:40:00-06:00
85a31ae409944a1b,author_default,37,1,307,pending_no_gpu_admission,,,,9040,2026-10-14T14:40:00-06:00
85a31ae409944a1b,author_default,37,4,101,pending_no_gpu_admission,,,,9040,2026-10-14T14:40:00-06:00
85a31ae409944a1b,author_default,37,4,211,pending_no_gpu_admission,,,,9040,2026-10-14T14:40:00-06:00
85a31ae409944a1b,author_default,37,4,307,pending_no_gpu_admission,,,,9040,2026-10-14T14:40:00-06:00
85a31ae409944a1b,author_default,53,1,101,pending_no_gpu_admission,,,,9050,2026-10-14T14:50:00-06:00
85a31ae409944a1b,author_default,53,1,211,pending_no_gpu_admission,,,,9050,2026-10-14T14:50:00-06:00
85a31ae409944a1b,author_default,53,1,307,pending_no_gpu_admission,,,,9050,2026-10-14T14:50:00-06:00
85a31ae409944a1b,author_default,53,4,101,pending_no_gpu_admission,,,,9050,2026-10-14T14:50:00-06:00
85a31ae409944a1b,author_default,53,4,211,pending_no_gpu_admission,,,,9050,2026-10-14T14:50:00-06:00
85a31ae409944a1b,author_default,53,4,307,pending_no_gpu_admission,,,,9050,2026-10-14T14:50:00-06:00
85a31ae409944a1b,author_default,71,1,101,pending_no_gpu_admission,,,,9060,2026-10-14T15:00:00-06:00
85a31ae409944a1b,author_default,71,1,211,pending_no_gpu_admission,,,,9060,2026-10-14T15:00:00-06:00
85a31ae409944a1b,author_default,71,1,307,pending_no_gpu_admission,,,,9060,2026-10-14T15:00:00-06:00
85a31ae409944a1b,author_default,71,4,101,pending_no_gpu_admission,,,,9060,2026-10-14T15:00:00-06:00
85a31ae409944a1b,author_default,71,4,211,pending_no_gpu_admission,,,,9060,2026-10-14T15:00:00-06:00
85a31ae409944a1b,author_default,71,4,307,pending_no_gpu_admission,,,,9060,2026-10-14T15:00:00-06:00
85a31ae409944a1b,native_selected,11,1,101,pending_no_gpu_admission,,,,9010,2026-10-14T14:10:00-06:00
85a31ae409944a1b,native_selected,11,1,211,pending_no_gpu_admission,,,,9010,2026-10-14T14:10:00-06:00
85a31ae409944a1b,native_selected,11,1,307,pending_no_gpu_admission,,,,9010,2026-10-14T14:10:00-06:00
85a31ae409944a1b,native_selected,11,4,101,pending_no_gpu_admission,,,,9010,2026-10-14T14:10:00-06:00
85a31ae409944a1b,native_selected,11,4,211,pending_no_gpu_admission,,,,9010,2026-10-14T14:10:00-06:00
85a31ae409944a1b,native_selected,11,4,307,pending_no_gpu_admission,,,,9010,2026-10-14T14:10:00-06:00
85a31ae409944a1b,native_selected,23,1,101,pending_no_gpu_admission,,,,9070,2026-10-14T15:10:00-06:00
85a31ae409944a1b,native_selected,23,1,211,pending_no_gpu_admission,,,,9070,2026-10-14T15:10:00-06:00
85a31ae409944a1b,native_selected,23,1,307,pending_no_gpu_admission,,,,9070,2026-10-14T15:10:00-06:00
85a31ae409944a1b,native_selected,23,4,101,pending_no_gpu_admission,,,,9070,2026-10-14T15:10:00-06:00
85a31ae409944a1b,native_selected,23,4,211,pending_no_gpu_admission,,,,9070,2026-10-14T15:10:00-06:00
85a31ae409944a1b,native_selected,23,4,307,pending_no_gpu_admission,,,,9070,2026-10-14T15:10:00-06:00
85a31ae409944a1b,native_selected,37,1,101,pending_no_gpu_admission,,,,9080,2026-10-14T15:20:00-06:00
85a31ae409944a1b,native_selected,37,1,211,pending_no_gpu_admission,,,,9080,2026-10-14T15:20:00-06:00
85a31ae409944a1b,native_selected,37,1,307,pending_no_gpu_admission,,,,9080,2026-10-14T15:20:00-06:00
85a31ae409944a1b,native_selected,37,4,101,pending_no_gpu_admission,,,,9080,2026-10-14T15:20:00-06:00
85a31ae409944a1b,native_selected,37,4,211,pending_no_gpu_admission,,,,9080,2026-10-14T15:20:00-06:00
85a31ae409944a1b,native_selected,37,4,307,pending_no_gpu_admission,,,,9080,2026-10-14T15:20:00-06:00
85a31ae409944a1b,native_selected,53,1,101,pending_no_gpu_admission,,,,9090,2026-10-14T15:30:00-06:00
85a31ae409944a1b,native_selected,53,1,211,pending_no_gpu_admission,,,,9090,2026-10-14T15:30:00-06:00
85a31ae409944a1b,native_selected,53,1,307,pending_no_gpu_admission,,,,9090,2026-10-14T15:30:00-06:00
85a31ae409944a1b,native_selected,53,4,101,pending_no_gpu_admission,,,,9090,2026-10-14T15:30:00-06:00
85a31ae409944a1b,native_selected,53,4,211,pending_no_gpu_admission,,,,9090,2026-10-14T15:30:00-06:00
85a31ae409944a1b,native_selected,53,4,307,pending_no_gpu_admission,,,,9090,2026-10-14T15:30:00-06:00
85a31ae409944a1b,native_selected,71,1,101,pending_no_gpu_admission,,,,9100,2026-10-14T15:40:00-06:00
85a31ae409944a1b,native_selected,71,1,211,pending_no_gpu_admission,,,,9100,2026-10-14T15:40:00-06:00
85a31ae409944a1b,native_selected,71,1,307,pending_no_gpu_admission,,,,9100,2026-10-14T15:40:00-06:00
85a31ae409944a1b,native_selected,71,4,101,pending_no_gpu_admission,,,,9100,2026-10-14T15:40:00-06:00
85a31ae409944a1b,native_selected,71,4,211,pending_no_gpu_admission,,,,9100,2026-10-14T15:40:00-06:00
85a31ae409944a1b,native_selected,71,4,307,pending_no_gpu_admission,,,,9100,2026-10-14T15:40:00-06:00
8d859cfa7b51a351,author_default,11,1,101,pending_no_gpu_admission,,,,9190,2026-10-14T17:10:00-06:00
8d859cfa7b51a351,author_default,11,1,211,pending_no_gpu_admission,,,,9190,2026-10-14T17:10:00-06:00
8d859cfa7b51a351,author_default,11,1,307,pending_no_gpu_admission,,,,9190,2026-10-14T17:10:00-06:00
8d859cfa7b51a351,author_default,11,4,101,pending_no_gpu_admission,,,,9190,2026-10-14T17:10:00-06:00
8d859cfa7b51a351,author_default,11,4,211,pending_no_gpu_admission,,,,9190,2026-10-14T17:10:00-06:00
8d859cfa7b51a351,author_default,11,4,307,pending_no_gpu_admission,,,,9190,2026-10-14T17:10:00-06:00
8d859cfa7b51a351,author_default,23,1,101,pending_no_gpu_admission,,,,9200,2026-10-14T17:20:00-06:00
8d859cfa7b51a351,author_default,23,1,211,pending_no_gpu_admission,,,,9200,2026-10-14T17:20:00-06:00
8d859cfa7b51a351,author_default,23,1,307,pending_no_gpu_admission,,,,9200,2026-10-14T17:20:00-06:00
8d859cfa7b51a351,author_default,23,4,101,pending_no_gpu_admission,,,,9200,2026-10-14T17:20:00-06:00
8d859cfa7b51a351,author_default,23,4,211,pending_no_gpu_admission,,,,9200,2026-10-14T17:20:00-06:00
8d859cfa7b51a351,author_default,23,4,307,pending_no_gpu_admission,,,,9200,2026-10-14T17:20:00-06:00
8d859cfa7b51a351,author_default,37,1,101,pending_no_gpu_admission,,,,9210,2026-10-14T17:30:00-06:00
8d859cfa7b51a351,author_default,37,1,211,pending_no_gpu_admission,,,,9210,2026-10-14T17:30:00-06:00
8d859cfa7b51a351,author_default,37,1,307,pending_no_gpu_admission,,,,9210,2026-10-14T17:30:00-06:00
8d859cfa7b51a351,author_default,37,4,101,pending_no_gpu_admission,,,,9210,2026-10-14T17:30:00-06:00
8d859cfa7b51a351,author_default,37,4,211,pending_no_gpu_admission,,,,9210,2026-10-14T17:30:00-06:00
8d859cfa7b51a351,author_default,37,4,307,pending_no_gpu_admission,,,,9210,2026-10-14T17:30:00-06:00
8d859cfa7b51a351,author_default,53,1,101,pending_no_gpu_admission,,,,9220,2026-10-14T17:40:00-06:00
8d859cfa7b51a351,author_default,53,1,211,pending_no_gpu_admission,,,,9220,2026-10-14T17:40:00-06:00
8d859cfa7b51a351,author_default,53,1,307,pending_no_gpu_admission,,,,9220,2026-10-14T17:40:00-06:00
8d859cfa7b51a351,author_default,53,4,101,pending_no_gpu_admission,,,,9220,2026-10-14T17:40:00-06:00
8d859cfa7b51a351,author_default,53,4,211,pending_no_gpu_admission,,,,9220,2026-10-14T17:40:00-06:00
8d859cfa7b51a351,author_default,53,4,307,pending_no_gpu_admission,,,,9220,2026-10-14T17:40:00-06:00
8d859cfa7b51a351,author_default,71,1,101,pending_no_gpu_admission,,,,9230,2026-10-14T17:50:00-06:00
8d859cfa7b51a351,author_default,71,1,211,pending_no_gpu_admission,,,,9230,2026-10-14T17:50:00-06:00
8d859cfa7b51a351,author_default,71,1,307,pending_no_gpu_admission,,,,9230,2026-10-14T17:50:00-06:00
8d859cfa7b51a351,author_default,71,4,101,pending_no_gpu_admission,,,,9230,2026-10-14T17:50:00-06:00
8d859cfa7b51a351,author_default,71,4,211,pending_no_gpu_admission,,,,9230,2026-10-14T17:50:00-06:00
8d859cfa7b51a351,author_default,71,4,307,pending_no_gpu_admission,,,,9230,2026-10-14T17:50:00-06:00
8d859cfa7b51a351,native_selected,11,1,101,pending_no_gpu_admission,,,,9180,2026-10-14T17:00:00-06:00
8d859cfa7b51a351,native_selected,11,1,211,pending_no_gpu_admission,,,,9180,2026-10-14T17:00:00-06:00
8d859cfa7b51a351,native_selected,11,1,307,pending_no_gpu_admission,,,,9180,2026-10-14T17:00:00-06:00
8d859cfa7b51a351,native_selected,11,4,101,pending_no_gpu_admission,,,,9180,2026-10-14T17:00:00-06:00
8d859cfa7b51a351,native_selected,11,4,211,pending_no_gpu_admission,,,,9180,2026-10-14T17:00:00-06:00
8d859cfa7b51a351,native_selected,11,4,307,pending_no_gpu_admission,,,,9180,2026-10-14T17:00:00-06:00
8d859cfa7b51a351,native_selected,23,1,101,pending_no_gpu_admission,,,,9240,2026-10-14T18:00:00-06:00
8d859cfa7b51a351,native_selected,23,1,211,pending_no_gpu_admission,,,,9240,2026-10-14T18:00:00-06:00
8d859cfa7b51a351,native_selected,23,1,307,pending_no_gpu_admission,,,,9240,2026-10-14T18:00:00-06:00
8d859cfa7b51a351,native_selected,23,4,101,pending_no_gpu_admission,,,,9240,2026-10-14T18:00:00-06:00
8d859cfa7b51a351,native_selected,23,4,211,pending_no_gpu_admission,,,,9240,2026-10-14T18:00:00-06:00
8d859cfa7b51a351,native_selected,23,4,307,pending_no_gpu_admission,,,,9240,2026-10-14T18:00:00-06:00
8d859cfa7b51a351,native_selected,37,1,101,pending_no_gpu_admission,,,,9250,2026-10-14T18:10:00-06:00
8d859cfa7b51a351,native_selected,37,1,211,pending_no_gpu_admission,,,,9250,2026-10-14T18:10:00-06:00
8d859cfa7b51a351,native_selected,37,1,307,pending_no_gpu_admission,,,,9250,2026-10-14T18:10:00-06:00
8d859cfa7b51a351,native_selected,37,4,101,pending_no_gpu_admission,,,,9250,2026-10-14T18:10:00-06:00
8d859cfa7b51a351,native_selected,37,4,211,pending_no_gpu_admission,,,,9250,2026-10-14T18:10:00-06:00
8d859cfa7b51a351,native_selected,37,4,307,pending_no_gpu_admission,,,,9250,2026-10-14T18:10:00-06:00
8d859cfa7b51a351,native_selected,53,1,101,pending_no_gpu_admission,,,,9260,2026-10-14T18:20:00-06:00
8d859cfa7b51a351,native_selected,53,1,211,pending_no_gpu_admission,,,,9260,2026-10-14T18:20:00-06:00
8d859cfa7b51a351,native_selected,53,1,307,pending_no_gpu_admission,,,,9260,2026-10-14T18:20:00-06:00
8d859cfa7b51a351,native_selected,53,4,101,pending_no_gpu_admission,,,,9260,2026-10-14T18:20:00-06:00
8d859cfa7b51a351,native_selected,53,4,211,pending_no_gpu_admission,,,,9260,2026-10-14T18:20:00-06:00
8d859cfa7b51a351,native_selected,53,4,307,pending_no_gpu_admission,,,,9260,2026-10-14T18:20:00-06:00
8d859cfa7b51a351,native_selected,71,1,101,pending_no_gpu_admission,,,,9270,2026-10-14T18:30:00-06:00
8d859cfa7b51a351,native_selected,71,1,211,pending_no_gpu_admission,,,,9270,2026-10-14T18:30:00-06:00
8d859cfa7b51a351,native_selected,71,1,307,pending_no_gpu_admission,,,,9270,2026-10-14T18:30:00-06:00
8d859cfa7b51a351,native_selected,71,4,101,pending_no_gpu_admission,,,,9270,2026-10-14T18:30:00-06:00
8d859cfa7b51a351,native_selected,71,4,211,pending_no_gpu_admission,,,,9270,2026-10-14T18:30:00-06:00
8d859cfa7b51a351,native_selected,71,4,307,pending_no_gpu_admission,,,,9270,2026-10-14T18:30:00-06:00
923483635406b213,author_default,11,1,101,pending_no_gpu_admission,,,,9360,2026-10-14T20:00:00-06:00
923483635406b213,author_default,11,1,211,pending_no_gpu_admission,,,,9360,2026-10-14T20:00:00-06:00
923483635406b213,author_default,11,1,307,pending_no_gpu_admission,,,,9360,2026-10-14T20:00:00-06:00
923483635406b213,author_default,11,4,101,pending_no_gpu_admission,,,,9360,2026-10-14T20:00:00-06:00
923483635406b213,author_default,11,4,211,pending_no_gpu_admission,,,,9360,2026-10-14T20:00:00-06:00
923483635406b213,author_default,11,4,307,pending_no_gpu_admission,,,,9360,2026-10-14T20:00:00-06:00
923483635406b213,author_default,23,1,101,pending_no_gpu_admission,,,,9370,2026-10-14T20:10:00-06:00
923483635406b213,author_default,23,1,211,pending_no_gpu_admission,,,,9370,2026-10-14T20:10:00-06:00
923483635406b213,author_default,23,1,307,pending_no_gpu_admission,,,,9370,2026-10-14T20:10:00-06:00
923483635406b213,author_default,23,4,101,pending_no_gpu_admission,,,,9370,2026-10-14T20:10:00-06:00
923483635406b213,author_default,23,4,211,pending_no_gpu_admission,,,,9370,2026-10-14T20:10:00-06:00
923483635406b213,author_default,23,4,307,pending_no_gpu_admission,,,,9370,2026-10-14T20:10:00-06:00
923483635406b213,author_default,37,1,101,pending_no_gpu_admission,,,,9380,2026-10-14T20:20:00-06:00
923483635406b213,author_default,37,1,211,pending_no_gpu_admission,,,,9380,2026-10-14T20:20:00-06:00
923483635406b213,author_default,37,1,307,pending_no_gpu_admission,,,,9380,2026-10-14T20:20:00-06:00
923483635406b213,author_default,37,4,101,pending_no_gpu_admission,,,,9380,2026-10-14T20:20:00-06:00
923483635406b213,author_default,37,4,211,pending_no_gpu_admission,,,,9380,2026-10-14T20:20:00-06:00
923483635406b213,author_default,37,4,307,pending_no_gpu_admission,,,,9380,2026-10-14T20:20:00-06:00
923483635406b213,author_default,53,1,101,pending_no_gpu_admission,,,,9390,2026-10-14T20:30:00-06:00
923483635406b213,author_default,53,1,211,pending_no_gpu_admission,,,,9390,2026-10-14T20:30:00-06:00
923483635406b213,author_default,53,1,307,pending_no_gpu_admission,,,,9390,2026-10-14T20:30:00-06:00
923483635406b213,author_default,53,4,101,pending_no_gpu_admission,,,,9390,2026-10-14T20:30:00-06:00
923483635406b213,author_default,53,4,211,pending_no_gpu_admission,,,,9390,2026-10-14T20:30:00-06:00
923483635406b213,author_default,53,4,307,pending_no_gpu_admission,,,,9390,2026-10-14T20:30:00-06:00
923483635406b213,author_default,71,1,101,pending_no_gpu_admission,,,,9400,2026-10-14T20:40:00-06:00
923483635406b213,author_default,71,1,211,pending_no_gpu_admission,,,,9400,2026-10-14T20:40:00-06:00
923483635406b213,author_default,71,1,307,pending_no_gpu_admission,,,,9400,2026-10-14T20:40:00-06:00
923483635406b213,author_default,71,4,101,pending_no_gpu_admission,,,,9400,2026-10-14T20:40:00-06:00
923483635406b213,author_default,71,4,211,pending_no_gpu_admission,,,,9400,2026-10-14T20:40:00-06:00
923483635406b213,author_default,71,4,307,pending_no_gpu_admission,,,,9400,2026-10-14T20:40:00-06:00
923483635406b213,native_selected,11,1,101,pending_no_gpu_admission,,,,9350,2026-10-14T19:50:00-06:00
923483635406b213,native_selected,11,1,211,pending_no_gpu_admission,,,,9350,2026-10-14T19:50:00-06:00
923483635406b213,native_selected,11,1,307,pending_no_gpu_admission,,,,9350,2026-10-14T19:50:00-06:00
923483635406b213,native_selected,11,4,101,pending_no_gpu_admission,,,,9350,2026-10-14T19:50:00-06:00
923483635406b213,native_selected,11,4,211,pending_no_gpu_admission,,,,9350,2026-10-14T19:50:00-06:00
923483635406b213,native_selected,11,4,307,pending_no_gpu_admission,,,,9350,2026-10-14T19:50:00-06:00
923483635406b213,native_selected,23,1,101,pending_no_gpu_admission,,,,9410,2026-10-14T20:50:00-06:00
923483635406b213,native_selected,23,1,211,pending_no_gpu_admission,,,,9410,2026-10-14T20:50:00-06:00
923483635406b213,native_selected,23,1,307,pending_no_gpu_admission,,,,9410,2026-10-14T20:50:00-06:00
923483635406b213,native_selected,23,4,101,pending_no_gpu_admission,,,,9410,2026-10-14T20:50:00-06:00
923483635406b213,native_selected,23,4,211,pending_no_gpu_admission,,,,9410,2026-10-14T20:50:00-06:00
923483635406b213,native_selected,23,4,307,pending_no_gpu_admission,,,,9410,2026-10-14T20:50:00-06:00
923483635406b213,native_selected,37,1,101,pending_no_gpu_admission,,,,9420,2026-10-14T21:00:00-06:00
923483635406b213,native_selected,37,1,211,pending_no_gpu_admission,,,,9420,2026-10-14T21:00:00-06:00
923483635406b213,native_selected,37,1,307,pending_no_gpu_admission,,,,9420,2026-10-14T21:00:00-06:00
923483635406b213,native_selected,37,4,101,pending_no_gpu_admission,,,,9420,2026-10-14T21:00:00-06:00
923483635406b213,native_selected,37,4,211,pending_no_gpu_admission,,,,9420,2026-10-14T21:00:00-06:00
923483635406b213,native_selected,37,4,307,pending_no_gpu_admission,,,,9420,2026-10-14T21:00:00-06:00
923483635406b213,native_selected,53,1,101,pending_no_gpu_admission,,,,9430,2026-10-14T21:10:00-06:00
923483635406b213,native_selected,53,1,211,pending_no_gpu_admission,,,,9430,2026-10-14T21:10:00-06:00
923483635406b213,native_selected,53,1,307,pending_no_gpu_admission,,,,9430,2026-10-14T21:10:00-06:00
923483635406b213,native_selected,53,4,101,pending_no_gpu_admission,,,,9430,2026-10-14T21:10:00-06:00
923483635406b213,native_selected,53,4,211,pending_no_gpu_admission,,,,9430,2026-10-14T21:10:00-06:00
923483635406b213,native_selected,53,4,307,pending_no_gpu_admission,,,,9430,2026-10-14T21:10:00-06:00
923483635406b213,native_selected,71,1,101,pending_no_gpu_admission,,,,9440,2026-10-14T21:20:00-06:00
923483635406b213,native_selected,71,1,211,pending_no_gpu_admission,,,,9440,2026-10-14T21:20:00-06:00
923483635406b213,native_selected,71,1,307,pending_no_gpu_admission,,,,9440,2026-10-14T21:20:00-06:00
923483635406b213,native_selected,71,4,101,pending_no_gpu_admission,,,,9440,2026-10-14T21:20:00-06:00
923483635406b213,native_selected,71,4,211,pending_no_gpu_admission,,,,9440,2026-10-14T21:20:00-06:00
923483635406b213,native_selected,71,4,307,pending_no_gpu_admission,,,,9440,2026-10-14T21:20:00-06:00
9312d813229df035,author_default,11,1,101,pending_no_gpu_admission,,,,9530,2026-10-14T22:50:00-06:00
9312d813229df035,author_default,11,1,211,pending_no_gpu_admission,,,,9530,2026-10-14T22:50:00-06:00
9312d813229df035,author_default,11,1,307,pending_no_gpu_admission,,,,9530,2026-10-14T22:50:00-06:00
9312d813229df035,author_default,11,4,101,pending_no_gpu_admission,,,,9530,2026-10-14T22:50:00-06:00
9312d813229df035,author_default,11,4,211,pending_no_gpu_admission,,,,9530,2026-10-14T22:50:00-06:00
9312d813229df035,author_default,11,4,307,pending_no_gpu_admission,,,,9530,2026-10-14T22:50:00-06:00
9312d813229df035,author_default,23,1,101,pending_no_gpu_admission,,,,9540,2026-10-14T23:00:00-06:00
9312d813229df035,author_default,23,1,211,pending_no_gpu_admission,,,,9540,2026-10-14T23:00:00-06:00
9312d813229df035,author_default,23,1,307,pending_no_gpu_admission,,,,9540,2026-10-14T23:00:00-06:00
9312d813229df035,author_default,23,4,101,pending_no_gpu_admission,,,,9540,2026-10-14T23:00:00-06:00
9312d813229df035,author_default,23,4,211,pending_no_gpu_admission,,,,9540,2026-10-14T23:00:00-06:00
9312d813229df035,author_default,23,4,307,pending_no_gpu_admission,,,,9540,2026-10-14T23:00:00-06:00
9312d813229df035,author_default,37,1,101,pending_no_gpu_admission,,,,9550,2026-10-14T23:10:00-06:00
9312d813229df035,author_default,37,1,211,pending_no_gpu_admission,,,,9550,2026-10-14T23:10:00-06:00
9312d813229df035,author_default,37,1,307,pending_no_gpu_admission,,,,9550,2026-10-14T23:10:00-06:00
9312d813229df035,author_default,37,4,101,pending_no_gpu_admission,,,,9550,2026-10-14T23:10:00-06:00
9312d813229df035,author_default,37,4,211,pending_no_gpu_admission,,,,9550,2026-10-14T23:10:00-06:00
9312d813229df035,author_default,37,4,307,pending_no_gpu_admission,,,,9550,2026-10-14T23:10:00-06:00
9312d813229df035,author_default,53,1,101,pending_no_gpu_admission,,,,9560,2026-10-14T23:20:00-06:00
9312d813229df035,author_default,53,1,211,pending_no_gpu_admission,,,,9560,2026-10-14T23:20:00-06:00
9312d813229df035,author_default,53,1,307,pending_no_gpu_admission,,,,9560,2026-10-14T23:20:00-06:00
9312d813229df035,author_default,53,4,101,pending_no_gpu_admission,,,,9560,2026-10-14T23:20:00-06:00
9312d813229df035,author_default,53,4,211,pending_no_gpu_admission,,,,9560,2026-10-14T23:20:00-06:00
9312d813229df035,author_default,53,4,307,pending_no_gpu_admission,,,,9560,2026-10-14T23:20:00-06:00
9312d813229df035,author_default,71,1,101,pending_no_gpu_admission,,,,9570,2026-10-14T23:30:00-06:00
9312d813229df035,author_default,71,1,211,pending_no_gpu_admission,,,,9570,2026-10-14T23:30:00-06:00
9312d813229df035,author_default,71,1,307,pending_no_gpu_admission,,,,9570,2026-10-14T23:30:00-06:00
9312d813229df035,author_default,71,4,101,pending_no_gpu_admission,,,,9570,2026-10-14T23:30:00-06:00
9312d813229df035,author_default,71,4,211,pending_no_gpu_admission,,,,9570,2026-10-14T23:30:00-06:00
9312d813229df035,author_default,71,4,307,pending_no_gpu_admission,,,,9570,2026-10-14T23:30:00-06:00
9312d813229df035,native_selected,11,1,101,pending_no_gpu_admission,,,,9520,2026-10-14T22:40:00-06:00
9312d813229df035,native_selected,11,1,211,pending_no_gpu_admission,,,,9520,2026-10-14T22:40:00-06:00
9312d813229df035,native_selected,11,1,307,pending_no_gpu_admission,,,,9520,2026-10-14T22:40:00-06:00
9312d813229df035,native_selected,11,4,101,pending_no_gpu_admission,,,,9520,2026-10-14T22:40:00-06:00
9312d813229df035,native_selected,11,4,211,pending_no_gpu_admission,,,,9520,2026-10-14T22:40:00-06:00
9312d813229df035,native_selected,11,4,307,pending_no_gpu_admission,,,,9520,2026-10-14T22:40:00-06:00
9312d813229df035,native_selected,23,1,101,pending_no_gpu_admission,,,,9580,2026-10-14T23:40:00-06:00
9312d813229df035,native_selected,23,1,211,pending_no_gpu_admission,,,,9580,2026-10-14T23:40:00-06:00
9312d813229df035,native_selected,23,1,307,pending_no_gpu_admission,,,,9580,2026-10-14T23:40:00-06:00
9312d813229df035,native_selected,23,4,101,pending_no_gpu_admission,,,,9580,2026-10-14T23:40:00-06:00
9312d813229df035,native_selected,23,4,211,pending_no_gpu_admission,,,,9580,2026-10-14T23:40:00-06:00
9312d813229df035,native_selected,23,4,307,pending_no_gpu_admission,,,,9580,2026-10-14T23:40:00-06:00
9312d813229df035,native_selected,37,1,101,pending_no_gpu_admission,,,,9590,2026-10-14T23:50:00-06:00
9312d813229df035,native_selected,37,1,211,pending_no_gpu_admission,,,,9590,2026-10-14T23:50:00-06:00
9312d813229df035,native_selected,37,1,307,pending_no_gpu_admission,,,,9590,2026-10-14T23:50:00-06:00
9312d813229df035,native_selected,37,4,101,pending_no_gpu_admission,,,,9590,2026-10-14T23:50:00-06:00
9312d813229df035,native_selected,37,4,211,pending_no_gpu_admission,,,,9590,2026-10-14T23:50:00-06:00
9312d813229df035,native_selected,37,4,307,pending_no_gpu_admission,,,,9590,2026-10-14T23:50:00-06:00
9312d813229df035,native_selected,53,1,101,pending_no_gpu_admission,,,,9600,2026-10-15T00:00:00-06:00
9312d813229df035,native_selected,53,1,211,pending_no_gpu_admission,,,,9600,2026-10-15T00:00:00-06:00
9312d813229df035,native_selected,53,1,307,pending_no_gpu_admission,,,,9600,2026-10-15T00:00:00-06:00
9312d813229df035,native_selected,53,4,101,pending_no_gpu_admission,,,,9600,2026-10-15T00:00:00-06:00
9312d813229df035,native_selected,53,4,211,pending_no_gpu_admission,,,,9600,2026-10-15T00:00:00-06:00
9312d813229df035,native_selected,53,4,307,pending_no_gpu_admission,,,,9600,2026-10-15T00:00:00-06:00
9312d813229df035,native_selected,71,1,101,pending_no_gpu_admission,,,,9610,2026-10-15T00:10:00-06:00
9312d813229df035,native_selected,71,1,211,pending_no_gpu_admission,,,,9610,2026-10-15T00:10:00-06:00
9312d813229df035,native_selected,71,1,307,pending_no_gpu_admission,,,,9610,2026-10-15T00:10:00-06:00
9312d813229df035,native_selected,71,4,101,pending_no_gpu_admission,,,,9610,2026-10-15T00:10:00-06:00
9312d813229df035,native_selected,71,4,211,pending_no_gpu_admission,,,,9610,2026-10-15T00:10:00-06:00
9312d813229df035,native_selected,71,4,307,pending_no_gpu_admission,,,,9610,2026-10-15T00:10:00-06:00
94a00ea67f49bf84,author_default,11,1,101,pending_no_gpu_admission,,,,9700,2026-10-15T01:40:00-06:00
94a00ea67f49bf84,author_default,11,1,211,pending_no_gpu_admission,,,,9700,2026-10-15T01:40:00-06:00
94a00ea67f49bf84,author_default,11,1,307,pending_no_gpu_admission,,,,9700,2026-10-15T01:40:00-06:00
94a00ea67f49bf84,author_default,11,4,101,pending_no_gpu_admission,,,,9700,2026-10-15T01:40:00-06:00
94a00ea67f49bf84,author_default,11,4,211,pending_no_gpu_admission,,,,9700,2026-10-15T01:40:00-06:00
94a00ea67f49bf84,author_default,11,4,307,pending_no_gpu_admission,,,,9700,2026-10-15T01:40:00-06:00
94a00ea67f49bf84,author_default,23,1,101,pending_no_gpu_admission,,,,9710,2026-10-15T01:50:00-06:00
94a00ea67f49bf84,author_default,23,1,211,pending_no_gpu_admission,,,,9710,2026-10-15T01:50:00-06:00
94a00ea67f49bf84,author_default,23,1,307,pending_no_gpu_admission,,,,9710,2026-10-15T01:50:00-06:00
94a00ea67f49bf84,author_default,23,4,101,pending_no_gpu_admission,,,,9710,2026-10-15T01:50:00-06:00
94a00ea67f49bf84,author_default,23,4,211,pending_no_gpu_admission,,,,9710,2026-10-15T01:50:00-06:00
94a00ea67f49bf84,author_default,23,4,307,pending_no_gpu_admission,,,,9710,2026-10-15T01:50:00-06:00
94a00ea67f49bf84,author_default,37,1,101,pending_no_gpu_admission,,,,9720,2026-10-15T02:00:00-06:00
94a00ea67f49bf84,author_default,37,1,211,pending_no_gpu_admission,,,,9720,2026-10-15T02:00:00-06:00
94a00ea67f49bf84,author_default,37,1,307,pending_no_gpu_admission,,,,9720,2026-10-15T02:00:00-06:00
94a00ea67f49bf84,author_default,37,4,101,pending_no_gpu_admission,,,,9720,2026-10-15T02:00:00-06:00
94a00ea67f49bf84,author_default,37,4,211,pending_no_gpu_admission,,,,9720,2026-10-15T02:00:00-06:00
94a00ea67f49bf84,author_default,37,4,307,pending_no_gpu_admission,,,,9720,2026-10-15T02:00:00-06:00
94a00ea67f49bf84,author_default,53,1,101,pending_no_gpu_admission,,,,9730,2026-10-15T02:10:00-06:00
94a00ea67f49bf84,author_default,53,1,211,pending_no_gpu_admission,,,,9730,2026-10-15T02:10:00-06:00
94a00ea67f49bf84,author_default,53,1,307,pending_no_gpu_admission,,,,9730,2026-10-15T02:10:00-06:00
94a00ea67f49bf84,author_default,53,4,101,pending_no_gpu_admission,,,,9730,2026-10-15T02:10:00-06:00
94a00ea67f49bf84,author_default,53,4,211,pending_no_gpu_admission,,,,9730,2026-10-15T02:10:00-06:00
94a00ea67f49bf84,author_default,53,4,307,pending_no_gpu_admission,,,,9730,2026-10-15T02:10:00-06:00
94a00ea67f49bf84,author_default,71,1,101,pending_no_gpu_admission,,,,9740,2026-10-15T02:20:00-06:00
94a00ea67f49bf84,author_default,71,1,211,pending_no_gpu_admission,,,,9740,2026-10-15T02:20:00-06:00
94a00ea67f49bf84,author_default,71,1,307,pending_no_gpu_admission,,,,9740,2026-10-15T02:20:00-06:00
94a00ea67f49bf84,author_default,71,4,101,pending_no_gpu_admission,,,,9740,2026-10-15T02:20:00-06:00
94a00ea67f49bf84,author_default,71,4,211,pending_no_gpu_admission,,,,9740,2026-10-15T02:20:00-06:00
94a00ea67f49bf84,author_default,71,4,307,pending_no_gpu_admission,,,,9740,2026-10-15T02:20:00-06:00
94a00ea67f49bf84,native_selected,11,1,101,pending_no_gpu_admission,,,,9690,2026-10-15T01:30:00-06:00
94a00ea67f49bf84,native_selected,11,1,211,pending_no_gpu_admission,,,,9690,2026-10-15T01:30:00-06:00
94a00ea67f49bf84,native_selected,11,1,307,pending_no_gpu_admission,,,,9690,2026-10-15T01:30:00-06:00
94a00ea67f49bf84,native_selected,11,4,101,pending_no_gpu_admission,,,,9690,2026-10-15T01:30:00-06:00
94a00ea67f49bf84,native_selected,11,4,211,pending_no_gpu_admission,,,,9690,2026-10-15T01:30:00-06:00
94a00ea67f49bf84,native_selected,11,4,307,pending_no_gpu_admission,,,,9690,2026-10-15T01:30:00-06:00
94a00ea67f49bf84,native_selected,23,1,101,pending_no_gpu_admission,,,,9750,2026-10-15T02:30:00-06:00
94a00ea67f49bf84,native_selected,23,1,211,pending_no_gpu_admission,,,,9750,2026-10-15T02:30:00-06:00
94a00ea67f49bf84,native_selected,23,1,307,pending_no_gpu_admission,,,,9750,2026-10-15T02:30:00-06:00
94a00ea67f49bf84,native_selected,23,4,101,pending_no_gpu_admission,,,,9750,2026-10-15T02:30:00-06:00
94a00ea67f49bf84,native_selected,23,4,211,pending_no_gpu_admission,,,,9750,2026-10-15T02:30:00-06:00
94a00ea67f49bf84,native_selected,23,4,307,pending_no_gpu_admission,,,,9750,2026-10-15T02:30:00-06:00
94a00ea67f49bf84,native_selected,37,1,101,pending_no_gpu_admission,,,,9760,2026-10-15T02:40:00-06:00
94a00ea67f49bf84,native_selected,37,1,211,pending_no_gpu_admission,,,,9760,2026-10-15T02:40:00-06:00
94a00ea67f49bf84,native_selected,37,1,307,pending_no_gpu_admission,,,,9760,2026-10-15T02:40:00-06:00
94a00ea67f49bf84,native_selected,37,4,101,pending_no_gpu_admission,,,,9760,2026-10-15T02:40:00-06:00
94a00ea67f49bf84,native_selected,37,4,211,pending_no_gpu_admission,,,,9760,2026-10-15T02:40:00-06:00
94a00ea67f49bf84,native_selected,37,4,307,pending_no_gpu_admission,,,,9760,2026-10-15T02:40:00-06:00
94a00ea67f49bf84,native_selected,53,1,101,pending_no_gpu_admission,,,,9770,2026-10-15T02:50:00-06:00
94a00ea67f49bf84,native_selected,53,1,211,pending_no_gpu_admission,,,,9770,2026-10-15T02:50:00-06:00
94a00ea67f49bf84,native_selected,53,1,307,pending_no_gpu_admission,,,,9770,2026-10-15T02:50:00-06:00
94a00ea67f49bf84,native_selected,53,4,101,pending_no_gpu_admission,,,,9770,2026-10-15T02:50:00-06:00
94a00ea67f49bf84,native_selected,53,4,211,pending_no_gpu_admission,,,,9770,2026-10-15T02:50:00-06:00
94a00ea67f49bf84,native_selected,53,4,307,pending_no_gpu_admission,,,,9770,2026-10-15T02:50:00-06:00
94a00ea67f49bf84,native_selected,71,1,101,pending_no_gpu_admission,,,,9780,2026-10-15T03:00:00-06:00
94a00ea67f49bf84,native_selected,71,1,211,pending_no_gpu_admission,,,,9780,2026-10-15T03:00:00-06:00
94a00ea67f49bf84,native_selected,71,1,307,pending_no_gpu_admission,,,,9780,2026-10-15T03:00:00-06:00
94a00ea67f49bf84,native_selected,71,4,101,pending_no_gpu_admission,,,,9780,2026-10-15T03:00:00-06:00
94a00ea67f49bf84,native_selected,71,4,211,pending_no_gpu_admission,,,,9780,2026-10-15T03:00:00-06:00
94a00ea67f49bf84,native_selected,71,4,307,pending_no_gpu_admission,,,,9780,2026-10-15T03:00:00-06:00
94bd4520b8ceb3f0,author_default,11,1,101,pending_no_gpu_admission,,,,9870,2026-10-15T04:30:00-06:00
94bd4520b8ceb3f0,author_default,11,1,211,pending_no_gpu_admission,,,,9870,2026-10-15T04:30:00-06:00
94bd4520b8ceb3f0,author_default,11,1,307,pending_no_gpu_admission,,,,9870,2026-10-15T04:30:00-06:00
94bd4520b8ceb3f0,author_default,11,4,101,pending_no_gpu_admission,,,,9870,2026-10-15T04:30:00-06:00
94bd4520b8ceb3f0,author_default,11,4,211,pending_no_gpu_admission,,,,9870,2026-10-15T04:30:00-06:00
94bd4520b8ceb3f0,author_default,11,4,307,pending_no_gpu_admission,,,,9870,2026-10-15T04:30:00-06:00
94bd4520b8ceb3f0,author_default,23,1,101,pending_no_gpu_admission,,,,9880,2026-10-15T04:40:00-06:00
94bd4520b8ceb3f0,author_default,23,1,211,pending_no_gpu_admission,,,,9880,2026-10-15T04:40:00-06:00
94bd4520b8ceb3f0,author_default,23,1,307,pending_no_gpu_admission,,,,9880,2026-10-15T04:40:00-06:00
94bd4520b8ceb3f0,author_default,23,4,101,pending_no_gpu_admission,,,,9880,2026-10-15T04:40:00-06:00
94bd4520b8ceb3f0,author_default,23,4,211,pending_no_gpu_admission,,,,9880,2026-10-15T04:40:00-06:00
94bd4520b8ceb3f0,author_default,23,4,307,pending_no_gpu_admission,,,,9880,2026-10-15T04:40:00-06:00
94bd4520b8ceb3f0,author_default,37,1,101,pending_no_gpu_admission,,,,9890,2026-10-15T04:50:00-06:00
94bd4520b8ceb3f0,author_default,37,1,211,pending_no_gpu_admission,,,,9890,2026-10-15T04:50:00-06:00
94bd4520b8ceb3f0,author_default,37,1,307,pending_no_gpu_admission,,,,9890,2026-10-15T04:50:00-06:00
94bd4520b8ceb3f0,author_default,37,4,101,pending_no_gpu_admission,,,,9890,2026-10-15T04:50:00-06:00
94bd4520b8ceb3f0,author_default,37,4,211,pending_no_gpu_admission,,,,9890,2026-10-15T04:50:00-06:00
94bd4520b8ceb3f0,author_default,37,4,307,pending_no_gpu_admission,,,,9890,2026-10-15T04:50:00-06:00
94bd4520b8ceb3f0,author_default,53,1,101,pending_no_gpu_admission,,,,9900,2026-10-15T05:00:00-06:00
94bd4520b8ceb3f0,author_default,53,1,211,pending_no_gpu_admission,,,,9900,2026-10-15T05:00:00-06:00
94bd4520b8ceb3f0,author_default,53,1,307,pending_no_gpu_admission,,,,9900,2026-10-15T05:00:00-06:00
94bd4520b8ceb3f0,author_default,53,4,101,pending_no_gpu_admission,,,,9900,2026-10-15T05:00:00-06:00
94bd4520b8ceb3f0,author_default,53,4,211,pending_no_gpu_admission,,,,9900,2026-10-15T05:00:00-06:00
94bd4520b8ceb3f0,author_default,53,4,307,pending_no_gpu_admission,,,,9900,2026-10-15T05:00:00-06:00
94bd4520b8ceb3f0,author_default,71,1,101,pending_no_gpu_admission,,,,9910,2026-10-15T05:10:00-06:00
94bd4520b8ceb3f0,author_default,71,1,211,pending_no_gpu_admission,,,,9910,2026-10-15T05:10:00-06:00
94bd4520b8ceb3f0,author_default,71,1,307,pending_no_gpu_admission,,,,9910,2026-10-15T05:10:00-06:00
94bd4520b8ceb3f0,author_default,71,4,101,pending_no_gpu_admission,,,,9910,2026-10-15T05:10:00-06:00
94bd4520b8ceb3f0,author_default,71,4,211,pending_no_gpu_admission,,,,9910,2026-10-15T05:10:00-06:00
94bd4520b8ceb3f0,author_default,71,4,307,pending_no_gpu_admission,,,,9910,2026-10-15T05:10:00-06:00
94bd4520b8ceb3f0,native_selected,11,1,101,pending_no_gpu_admission,,,,9860,2026-10-15T04:20:00-06:00
94bd4520b8ceb3f0,native_selected,11,1,211,pending_no_gpu_admission,,,,9860,2026-10-15T04:20:00-06:00
94bd4520b8ceb3f0,native_selected,11,1,307,pending_no_gpu_admission,,,,9860,2026-10-15T04:20:00-06:00
94bd4520b8ceb3f0,native_selected,11,4,101,pending_no_gpu_admission,,,,9860,2026-10-15T04:20:00-06:00
94bd4520b8ceb3f0,native_selected,11,4,211,pending_no_gpu_admission,,,,9860,2026-10-15T04:20:00-06:00
94bd4520b8ceb3f0,native_selected,11,4,307,pending_no_gpu_admission,,,,9860,2026-10-15T04:20:00-06:00
94bd4520b8ceb3f0,native_selected,23,1,101,pending_no_gpu_admission,,,,9920,2026-10-15T05:20:00-06:00
94bd4520b8ceb3f0,native_selected,23,1,211,pending_no_gpu_admission,,,,9920,2026-10-15T05:20:00-06:00
94bd4520b8ceb3f0,native_selected,23,1,307,pending_no_gpu_admission,,,,9920,2026-10-15T05:20:00-06:00
94bd4520b8ceb3f0,native_selected,23,4,101,pending_no_gpu_admission,,,,9920,2026-10-15T05:20:00-06:00
94bd4520b8ceb3f0,native_selected,23,4,211,pending_no_gpu_admission,,,,9920,2026-10-15T05:20:00-06:00
94bd4520b8ceb3f0,native_selected,23,4,307,pending_no_gpu_admission,,,,9920,2026-10-15T05:20:00-06:00
94bd4520b8ceb3f0,native_selected,37,1,101,pending_no_gpu_admission,,,,9930,2026-10-15T05:30:00-06:00
94bd4520b8ceb3f0,native_selected,37,1,211,pending_no_gpu_admission,,,,9930,2026-10-15T05:30:00-06:00
94bd4520b8ceb3f0,native_selected,37,1,307,pending_no_gpu_admission,,,,9930,2026-10-15T05:30:00-06:00
94bd4520b8ceb3f0,native_selected,37,4,101,pending_no_gpu_admission,,,,9930,2026-10-15T05:30:00-06:00
94bd4520b8ceb3f0,native_selected,37,4,211,pending_no_gpu_admission,,,,9930,2026-10-15T05:30:00-06:00
94bd4520b8ceb3f0,native_selected,37,4,307,pending_no_gpu_admission,,,,9930,2026-10-15T05:30:00-06:00
94bd4520b8ceb3f0,native_selected,53,1,101,pending_no_gpu_admission,,,,9940,2026-10-15T05:40:00-06:00
94bd4520b8ceb3f0,native_selected,53,1,211,pending_no_gpu_admission,,,,9940,2026-10-15T05:40:00-06:00
94bd4520b8ceb3f0,native_selected,53,1,307,pending_no_gpu_admission,,,,9940,2026-10-15T05:40:00-06:00
94bd4520b8ceb3f0,native_selected,53,4,101,pending_no_gpu_admission,,,,9940,2026-10-15T05:40:00-06:00
94bd4520b8ceb3f0,native_selected,53,4,211,pending_no_gpu_admission,,,,9940,2026-10-15T05:40:00-06:00
94bd4520b8ceb3f0,native_selected,53,4,307,pending_no_gpu_admission,,,,9940,2026-10-15T05:40:00-06:00
94bd4520b8ceb3f0,native_selected,71,1,101,pending_no_gpu_admission,,,,9950,2026-10-15T05:50:00-06:00
94bd4520b8ceb3f0,native_selected,71,1,211,pending_no_gpu_admission,,,,9950,2026-10-15T05:50:00-06:00
94bd4520b8ceb3f0,native_selected,71,1,307,pending_no_gpu_admission,,,,9950,2026-10-15T05:50:00-06:00
94bd4520b8ceb3f0,native_selected,71,4,101,pending_no_gpu_admission,,,,9950,2026-10-15T05:50:00-06:00
94bd4520b8ceb3f0,native_selected,71,4,211,pending_no_gpu_admission,,,,9950,2026-10-15T05:50:00-06:00
94bd4520b8ceb3f0,native_selected,71,4,307,pending_no_gpu_admission,,,,9950,2026-10-15T05:50:00-06:00
956d34f13e7af830,author_default,11,1,101,pending_no_gpu_admission,,,,10040,2026-10-15T07:20:00-06:00
956d34f13e7af830,author_default,11,1,211,pending_no_gpu_admission,,,,10040,2026-10-15T07:20:00-06:00
956d34f13e7af830,author_default,11,1,307,pending_no_gpu_admission,,,,10040,2026-10-15T07:20:00-06:00
956d34f13e7af830,author_default,11,4,101,pending_no_gpu_admission,,,,10040,2026-10-15T07:20:00-06:00
956d34f13e7af830,author_default,11,4,211,pending_no_gpu_admission,,,,10040,2026-10-15T07:20:00-06:00
956d34f13e7af830,author_default,11,4,307,pending_no_gpu_admission,,,,10040,2026-10-15T07:20:00-06:00
956d34f13e7af830,author_default,23,1,101,pending_no_gpu_admission,,,,10050,2026-10-15T07:30:00-06:00
956d34f13e7af830,author_default,23,1,211,pending_no_gpu_admission,,,,10050,2026-10-15T07:30:00-06:00
956d34f13e7af830,author_default,23,1,307,pending_no_gpu_admission,,,,10050,2026-10-15T07:30:00-06:00
956d34f13e7af830,author_default,23,4,101,pending_no_gpu_admission,,,,10050,2026-10-15T07:30:00-06:00
956d34f13e7af830,author_default,23,4,211,pending_no_gpu_admission,,,,10050,2026-10-15T07:30:00-06:00
956d34f13e7af830,author_default,23,4,307,pending_no_gpu_admission,,,,10050,2026-10-15T07:30:00-06:00
956d34f13e7af830,author_default,37,1,101,pending_no_gpu_admission,,,,10060,2026-10-15T07:40:00-06:00
956d34f13e7af830,author_default,37,1,211,pending_no_gpu_admission,,,,10060,2026-10-15T07:40:00-06:00
956d34f13e7af830,author_default,37,1,307,pending_no_gpu_admission,,,,10060,2026-10-15T07:40:00-06:00
956d34f13e7af830,author_default,37,4,101,pending_no_gpu_admission,,,,10060,2026-10-15T07:40:00-06:00
956d34f13e7af830,author_default,37,4,211,pending_no_gpu_admission,,,,10060,2026-10-15T07:40:00-06:00
956d34f13e7af830,author_default,37,4,307,pending_no_gpu_admission,,,,10060,2026-10-15T07:40:00-06:00
956d34f13e7af830,author_default,53,1,101,pending_no_gpu_admission,,,,10070,2026-10-15T07:50:00-06:00
956d34f13e7af830,author_default,53,1,211,pending_no_gpu_admission,,,,10070,2026-10-15T07:50:00-06:00
956d34f13e7af830,author_default,53,1,307,pending_no_gpu_admission,,,,10070,2026-10-15T07:50:00-06:00
956d34f13e7af830,author_default,53,4,101,pending_no_gpu_admission,,,,10070,2026-10-15T07:50:00-06:00
956d34f13e7af830,author_default,53,4,211,pending_no_gpu_admission,,,,10070,2026-10-15T07:50:00-06:00
956d34f13e7af830,author_default,53,4,307,pending_no_gpu_admission,,,,10070,2026-10-15T07:50:00-06:00
956d34f13e7af830,author_default,71,1,101,pending_no_gpu_admission,,,,10080,2026-10-15T08:00:00-06:00
956d34f13e7af830,author_default,71,1,211,pending_no_gpu_admission,,,,10080,2026-10-15T08:00:00-06:00
956d34f13e7af830,author_default,71,1,307,pending_no_gpu_admission,,,,10080,2026-10-15T08:00:00-06:00
956d34f13e7af830,author_default,71,4,101,pending_no_gpu_admission,,,,10080,2026-10-15T08:00:00-06:00
956d34f13e7af830,author_default,71,4,211,pending_no_gpu_admission,,,,10080,2026-10-15T08:00:00-06:00
956d34f13e7af830,author_default,71,4,307,pending_no_gpu_admission,,,,10080,2026-10-15T08:00:00-06:00
956d34f13e7af830,native_selected,11,1,101,pending_no_gpu_admission,,,,10030,2026-10-15T07:10:00-06:00
956d34f13e7af830,native_selected,11,1,211,pending_no_gpu_admission,,,,10030,2026-10-15T07:10:00-06:00
956d34f13e7af830,native_selected,11,1,307,pending_no_gpu_admission,,,,10030,2026-10-15T07:10:00-06:00
956d34f13e7af830,native_selected,11,4,101,pending_no_gpu_admission,,,,10030,2026-10-15T07:10:00-06:00
956d34f13e7af830,native_selected,11,4,211,pending_no_gpu_admission,,,,10030,2026-10-15T07:10:00-06:00
956d34f13e7af830,native_selected,11,4,307,pending_no_gpu_admission,,,,10030,2026-10-15T07:10:00-06:00
956d34f13e7af830,native_selected,23,1,101,pending_no_gpu_admission,,,,10090,2026-10-15T08:10:00-06:00
956d34f13e7af830,native_selected,23,1,211,pending_no_gpu_admission,,,,10090,2026-10-15T08:10:00-06:00
956d34f13e7af830,native_selected,23,1,307,pending_no_gpu_admission,,,,10090,2026-10-15T08:10:00-06:00
956d34f13e7af830,native_selected,23,4,101,pending_no_gpu_admission,,,,10090,2026-10-15T08:10:00-06:00
956d34f13e7af830,native_selected,23,4,211,pending_no_gpu_admission,,,,10090,2026-10-15T08:10:00-06:00
956d34f13e7af830,native_selected,23,4,307,pending_no_gpu_admission,,,,10090,2026-10-15T08:10:00-06:00
956d34f13e7af830,native_selected,37,1,101,pending_no_gpu_admission,,,,10100,2026-10-15T08:20:00-06:00
956d34f13e7af830,native_selected,37,1,211,pending_no_gpu_admission,,,,10100,2026-10-15T08:20:00-06:00
956d34f13e7af830,native_selected,37,1,307,pending_no_gpu_admission,,,,10100,2026-10-15T08:20:00-06:00
956d34f13e7af830,native_selected,37,4,101,pending_no_gpu_admission,,,,10100,2026-10-15T08:20:00-06:00
956d34f13e7af830,native_selected,37,4,211,pending_no_gpu_admission,,,,10100,2026-10-15T08:20:00-06:00
956d34f13e7af830,native_selected,37,4,307,pending_no_gpu_admission,,,,10100,2026-10-15T08:20:00-06:00
956d34f13e7af830,native_selected,53,1,101,pending_no_gpu_admission,,,,10110,2026-10-15T08:30:00-06:00
956d34f13e7af830,native_selected,53,1,211,pending_no_gpu_admission,,,,10110,2026-10-15T08:30:00-06:00
956d34f13e7af830,native_selected,53,1,307,pending_no_gpu_admission,,,,10110,2026-10-15T08:30:00-06:00
956d34f13e7af830,native_selected,53,4,101,pending_no_gpu_admission,,,,10110,2026-10-15T08:30:00-06:00
956d34f13e7af830,native_selected,53,4,211,pending_no_gpu_admission,,,,10110,2026-10-15T08:30:00-06:00
956d34f13e7af830,native_selected,53,4,307,pending_no_gpu_admission,,,,10110,2026-10-15T08:30:00-06:00
956d34f13e7af830,native_selected,71,1,101,pending_no_gpu_admission,,,,10120,2026-10-15T08:40:00-06:00
956d34f13e7af830,native_selected,71,1,211,pending_no_gpu_admission,,,,10120,2026-10-15T08:40:00-06:00
956d34f13e7af830,native_selected,71,1,307,pending_no_gpu_admission,,,,10120,2026-10-15T08:40:00-06:00
956d34f13e7af830,native_selected,71,4,101,pending_no_gpu_admission,,,,10120,2026-10-15T08:40:00-06:00
956d34f13e7af830,native_selected,71,4,211,pending_no_gpu_admission,,,,10120,2026-10-15T08:40:00-06:00
956d34f13e7af830,native_selected,71,4,307,pending_no_gpu_admission,,,,10120,2026-10-15T08:40:00-06:00
9a10c15885022034,author_default,11,1,101,pending_no_gpu_admission,,,,10210,2026-10-15T10:10:00-06:00
9a10c15885022034,author_default,11,1,211,pending_no_gpu_admission,,,,10210,2026-10-15T10:10:00-06:00
9a10c15885022034,author_default,11,1,307,pending_no_gpu_admission,,,,10210,2026-10-15T10:10:00-06:00
9a10c15885022034,author_default,11,4,101,pending_no_gpu_admission,,,,10210,2026-10-15T10:10:00-06:00
9a10c15885022034,author_default,11,4,211,pending_no_gpu_admission,,,,10210,2026-10-15T10:10:00-06:00
9a10c15885022034,author_default,11,4,307,pending_no_gpu_admission,,,,10210,2026-10-15T10:10:00-06:00
9a10c15885022034,author_default,23,1,101,pending_no_gpu_admission,,,,10220,2026-10-15T10:20:00-06:00
9a10c15885022034,author_default,23,1,211,pending_no_gpu_admission,,,,10220,2026-10-15T10:20:00-06:00
9a10c15885022034,author_default,23,1,307,pending_no_gpu_admission,,,,10220,2026-10-15T10:20:00-06:00
9a10c15885022034,author_default,23,4,101,pending_no_gpu_admission,,,,10220,2026-10-15T10:20:00-06:00
9a10c15885022034,author_default,23,4,211,pending_no_gpu_admission,,,,10220,2026-10-15T10:20:00-06:00
9a10c15885022034,author_default,23,4,307,pending_no_gpu_admission,,,,10220,2026-10-15T10:20:00-06:00
9a10c15885022034,author_default,37,1,101,pending_no_gpu_admission,,,,10230,2026-10-15T10:30:00-06:00
9a10c15885022034,author_default,37,1,211,pending_no_gpu_admission,,,,10230,2026-10-15T10:30:00-06:00
9a10c15885022034,author_default,37,1,307,pending_no_gpu_admission,,,,10230,2026-10-15T10:30:00-06:00
9a10c15885022034,author_default,37,4,101,pending_no_gpu_admission,,,,10230,2026-10-15T10:30:00-06:00
9a10c15885022034,author_default,37,4,211,pending_no_gpu_admission,,,,10230,2026-10-15T10:30:00-06:00
9a10c15885022034,author_default,37,4,307,pending_no_gpu_admission,,,,10230,2026-10-15T10:30:00-06:00
9a10c15885022034,author_default,53,1,101,pending_no_gpu_admission,,,,10240,2026-10-15T10:40:00-06:00
9a10c15885022034,author_default,53,1,211,pending_no_gpu_admission,,,,10240,2026-10-15T10:40:00-06:00
9a10c15885022034,author_default,53,1,307,pending_no_gpu_admission,,,,10240,2026-10-15T10:40:00-06:00
9a10c15885022034,author_default,53,4,101,pending_no_gpu_admission,,,,10240,2026-10-15T10:40:00-06:00
9a10c15885022034,author_default,53,4,211,pending_no_gpu_admission,,,,10240,2026-10-15T10:40:00-06:00
9a10c15885022034,author_default,53,4,307,pending_no_gpu_admission,,,,10240,2026-10-15T10:40:00-06:00
9a10c15885022034,author_default,71,1,101,pending_no_gpu_admission,,,,10250,2026-10-15T10:50:00-06:00
9a10c15885022034,author_default,71,1,211,pending_no_gpu_admission,,,,10250,2026-10-15T10:50:00-06:00
9a10c15885022034,author_default,71,1,307,pending_no_gpu_admission,,,,10250,2026-10-15T10:50:00-06:00
9a10c15885022034,author_default,71,4,101,pending_no_gpu_admission,,,,10250,2026-10-15T10:50:00-06:00
9a10c15885022034,author_default,71,4,211,pending_no_gpu_admission,,,,10250,2026-10-15T10:50:00-06:00
9a10c15885022034,author_default,71,4,307,pending_no_gpu_admission,,,,10250,2026-10-15T10:50:00-06:00
9a10c15885022034,native_selected,11,1,101,pending_no_gpu_admission,,,,10200,2026-10-15T10:00:00-06:00
9a10c15885022034,native_selected,11,1,211,pending_no_gpu_admission,,,,10200,2026-10-15T10:00:00-06:00
9a10c15885022034,native_selected,11,1,307,pending_no_gpu_admission,,,,10200,2026-10-15T10:00:00-06:00
9a10c15885022034,native_selected,11,4,101,pending_no_gpu_admission,,,,10200,2026-10-15T10:00:00-06:00
9a10c15885022034,native_selected,11,4,211,pending_no_gpu_admission,,,,10200,2026-10-15T10:00:00-06:00
9a10c15885022034,native_selected,11,4,307,pending_no_gpu_admission,,,,10200,2026-10-15T10:00:00-06:00
9a10c15885022034,native_selected,23,1,101,pending_no_gpu_admission,,,,10260,2026-10-15T11:00:00-06:00
9a10c15885022034,native_selected,23,1,211,pending_no_gpu_admission,,,,10260,2026-10-15T11:00:00-06:00
9a10c15885022034,native_selected,23,1,307,pending_no_gpu_admission,,,,10260,2026-10-15T11:00:00-06:00
9a10c15885022034,native_selected,23,4,101,pending_no_gpu_admission,,,,10260,2026-10-15T11:00:00-06:00
9a10c15885022034,native_selected,23,4,211,pending_no_gpu_admission,,,,10260,2026-10-15T11:00:00-06:00
9a10c15885022034,native_selected,23,4,307,pending_no_gpu_admission,,,,10260,2026-10-15T11:00:00-06:00
9a10c15885022034,native_selected,37,1,101,pending_no_gpu_admission,,,,10270,2026-10-15T11:10:00-06:00
9a10c15885022034,native_selected,37,1,211,pending_no_gpu_admission,,,,10270,2026-10-15T11:10:00-06:00
9a10c15885022034,native_selected,37,1,307,pending_no_gpu_admission,,,,10270,2026-10-15T11:10:00-06:00
9a10c15885022034,native_selected,37,4,101,pending_no_gpu_admission,,,,10270,2026-10-15T11:10:00-06:00
9a10c15885022034,native_selected,37,4,211,pending_no_gpu_admission,,,,10270,2026-10-15T11:10:00-06:00
9a10c15885022034,native_selected,37,4,307,pending_no_gpu_admission,,,,10270,2026-10-15T11:10:00-06:00
9a10c15885022034,native_selected,53,1,101,pending_no_gpu_admission,,,,10280,2026-10-15T11:20:00-06:00
9a10c15885022034,native_selected,53,1,211,pending_no_gpu_admission,,,,10280,2026-10-15T11:20:00-06:00
9a10c15885022034,native_selected,53,1,307,pending_no_gpu_admission,,,,10280,2026-10-15T11:20:00-06:00
9a10c15885022034,native_selected,53,4,101,pending_no_gpu_admission,,,,10280,2026-10-15T11:20:00-06:00
9a10c15885022034,native_selected,53,4,211,pending_no_gpu_admission,,,,10280,2026-10-15T11:20:00-06:00
9a10c15885022034,native_selected,53,4,307,pending_no_gpu_admission,,,,10280,2026-10-15T11:20:00-06:00
9a10c15885022034,native_selected,71,1,101,pending_no_gpu_admission,,,,10290,2026-10-15T11:30:00-06:00
9a10c15885022034,native_selected,71,1,211,pending_no_gpu_admission,,,,10290,2026-10-15T11:30:00-06:00
9a10c15885022034,native_selected,71,1,307,pending_no_gpu_admission,,,,10290,2026-10-15T11:30:00-06:00
9a10c15885022034,native_selected,71,4,101,pending_no_gpu_admission,,,,10290,2026-10-15T11:30:00-06:00
9a10c15885022034,native_selected,71,4,211,pending_no_gpu_admission,,,,10290,2026-10-15T11:30:00-06:00
9a10c15885022034,native_selected,71,4,307,pending_no_gpu_admission,,,,10290,2026-10-15T11:30:00-06:00
a04f964bc53281e0,author_default,11,1,101,pending_no_gpu_admission,,,,10380,2026-10-15T13:00:00-06:00
a04f964bc53281e0,author_default,11,1,211,pending_no_gpu_admission,,,,10380,2026-10-15T13:00:00-06:00
a04f964bc53281e0,author_default,11,1,307,pending_no_gpu_admission,,,,10380,2026-10-15T13:00:00-06:00
a04f964bc53281e0,author_default,11,4,101,pending_no_gpu_admission,,,,10380,2026-10-15T13:00:00-06:00
a04f964bc53281e0,author_default,11,4,211,pending_no_gpu_admission,,,,10380,2026-10-15T13:00:00-06:00
a04f964bc53281e0,author_default,11,4,307,pending_no_gpu_admission,,,,10380,2026-10-15T13:00:00-06:00
a04f964bc53281e0,author_default,23,1,101,pending_no_gpu_admission,,,,10390,2026-10-15T13:10:00-06:00
a04f964bc53281e0,author_default,23,1,211,pending_no_gpu_admission,,,,10390,2026-10-15T13:10:00-06:00
a04f964bc53281e0,author_default,23,1,307,pending_no_gpu_admission,,,,10390,2026-10-15T13:10:00-06:00
a04f964bc53281e0,author_default,23,4,101,pending_no_gpu_admission,,,,10390,2026-10-15T13:10:00-06:00
a04f964bc53281e0,author_default,23,4,211,pending_no_gpu_admission,,,,10390,2026-10-15T13:10:00-06:00
a04f964bc53281e0,author_default,23,4,307,pending_no_gpu_admission,,,,10390,2026-10-15T13:10:00-06:00
a04f964bc53281e0,author_default,37,1,101,pending_no_gpu_admission,,,,10400,2026-10-15T13:20:00-06:00
a04f964bc53281e0,author_default,37,1,211,pending_no_gpu_admission,,,,10400,2026-10-15T13:20:00-06:00
a04f964bc53281e0,author_default,37,1,307,pending_no_gpu_admission,,,,10400,2026-10-15T13:20:00-06:00
a04f964bc53281e0,author_default,37,4,101,pending_no_gpu_admission,,,,10400,2026-10-15T13:20:00-06:00
a04f964bc53281e0,author_default,37,4,211,pending_no_gpu_admission,,,,10400,2026-10-15T13:20:00-06:00
a04f964bc53281e0,author_default,37,4,307,pending_no_gpu_admission,,,,10400,2026-10-15T13:20:00-06:00
a04f964bc53281e0,author_default,53,1,101,pending_no_gpu_admission,,,,10410,2026-10-15T13:30:00-06:00
a04f964bc53281e0,author_default,53,1,211,pending_no_gpu_admission,,,,10410,2026-10-15T13:30:00-06:00
a04f964bc53281e0,author_default,53,1,307,pending_no_gpu_admission,,,,10410,2026-10-15T13:30:00-06:00
a04f964bc53281e0,author_default,53,4,101,pending_no_gpu_admission,,,,10410,2026-10-15T13:30:00-06:00
a04f964bc53281e0,author_default,53,4,211,pending_no_gpu_admission,,,,10410,2026-10-15T13:30:00-06:00
a04f964bc53281e0,author_default,53,4,307,pending_no_gpu_admission,,,,10410,2026-10-15T13:30:00-06:00
a04f964bc53281e0,author_default,71,1,101,pending_no_gpu_admission,,,,10420,2026-10-15T13:40:00-06:00
a04f964bc53281e0,author_default,71,1,211,pending_no_gpu_admission,,,,10420,2026-10-15T13:40:00-06:00
a04f964bc53281e0,author_default,71,1,307,pending_no_gpu_admission,,,,10420,2026-10-15T13:40:00-06:00
a04f964bc53281e0,author_default,71,4,101,pending_no_gpu_admission,,,,10420,2026-10-15T13:40:00-06:00
a04f964bc53281e0,author_default,71,4,211,pending_no_gpu_admission,,,,10420,2026-10-15T13:40:00-06:00
a04f964bc53281e0,author_default,71,4,307,pending_no_gpu_admission,,,,10420,2026-10-15T13:40:00-06:00
a04f964bc53281e0,native_selected,11,1,101,pending_no_gpu_admission,,,,10370,2026-10-15T12:50:00-06:00
a04f964bc53281e0,native_selected,11,1,211,pending_no_gpu_admission,,,,10370,2026-10-15T12:50:00-06:00
a04f964bc53281e0,native_selected,11,1,307,pending_no_gpu_admission,,,,10370,2026-10-15T12:50:00-06:00
a04f964bc53281e0,native_selected,11,4,101,pending_no_gpu_admission,,,,10370,2026-10-15T12:50:00-06:00
a04f964bc53281e0,native_selected,11,4,211,pending_no_gpu_admission,,,,10370,2026-10-15T12:50:00-06:00
a04f964bc53281e0,native_selected,11,4,307,pending_no_gpu_admission,,,,10370,2026-10-15T12:50:00-06:00
a04f964bc53281e0,native_selected,23,1,101,pending_no_gpu_admission,,,,10430,2026-10-15T13:50:00-06:00
a04f964bc53281e0,native_selected,23,1,211,pending_no_gpu_admission,,,,10430,2026-10-15T13:50:00-06:00
a04f964bc53281e0,native_selected,23,1,307,pending_no_gpu_admission,,,,10430,2026-10-15T13:50:00-06:00
a04f964bc53281e0,native_selected,23,4,101,pending_no_gpu_admission,,,,10430,2026-10-15T13:50:00-06:00
a04f964bc53281e0,native_selected,23,4,211,pending_no_gpu_admission,,,,10430,2026-10-15T13:50:00-06:00
a04f964bc53281e0,native_selected,23,4,307,pending_no_gpu_admission,,,,10430,2026-10-15T13:50:00-06:00
a04f964bc53281e0,native_selected,37,1,101,pending_no_gpu_admission,,,,10440,2026-10-15T14:00:00-06:00
a04f964bc53281e0,native_selected,37,1,211,pending_no_gpu_admission,,,,10440,2026-10-15T14:00:00-06:00
a04f964bc53281e0,native_selected,37,1,307,pending_no_gpu_admission,,,,10440,2026-10-15T14:00:00-06:00
a04f964bc53281e0,native_selected,37,4,101,pending_no_gpu_admission,,,,10440,2026-10-15T14:00:00-06:00
a04f964bc53281e0,native_selected,37,4,211,pending_no_gpu_admission,,,,10440,2026-10-15T14:00:00-06:00
a04f964bc53281e0,native_selected,37,4,307,pending_no_gpu_admission,,,,10440,2026-10-15T14:00:00-06:00
a04f964bc53281e0,native_selected,53,1,101,pending_no_gpu_admission,,,,10450,2026-10-15T14:10:00-06:00
a04f964bc53281e0,native_selected,53,1,211,pending_no_gpu_admission,,,,10450,2026-10-15T14:10:00-06:00
a04f964bc53281e0,native_selected,53,1,307,pending_no_gpu_admission,,,,10450,2026-10-15T14:10:00-06:00
a04f964bc53281e0,native_selected,53,4,101,pending_no_gpu_admission,,,,10450,2026-10-15T14:10:00-06:00
a04f964bc53281e0,native_selected,53,4,211,pending_no_gpu_admission,,,,10450,2026-10-15T14:10:00-06:00
a04f964bc53281e0,native_selected,53,4,307,pending_no_gpu_admission,,,,10450,2026-10-15T14:10:00-06:00
a04f964bc53281e0,native_selected,71,1,101,pending_no_gpu_admission,,,,10460,2026-10-15T14:20:00-06:00
a04f964bc53281e0,native_selected,71,1,211,pending_no_gpu_admission,,,,10460,2026-10-15T14:20:00-06:00
a04f964bc53281e0,native_selected,71,1,307,pending_no_gpu_admission,,,,10460,2026-10-15T14:20:00-06:00
a04f964bc53281e0,native_selected,71,4,101,pending_no_gpu_admission,,,,10460,2026-10-15T14:20:00-06:00
a04f964bc53281e0,native_selected,71,4,211,pending_no_gpu_admission,,,,10460,2026-10-15T14:20:00-06:00
a04f964bc53281e0,native_selected,71,4,307,pending_no_gpu_admission,,,,10460,2026-10-15T14:20:00-06:00
a23f4bd626b76590,author_default,11,1,101,pending_no_gpu_admission,,,,10550,2026-10-15T15:50:00-06:00
a23f4bd626b76590,author_default,11,1,211,pending_no_gpu_admission,,,,10550,2026-10-15T15:50:00-06:00
a23f4bd626b76590,author_default,11,1,307,pending_no_gpu_admission,,,,10550,2026-10-15T15:50:00-06:00
a23f4bd626b76590,author_default,11,4,101,pending_no_gpu_admission,,,,10550,2026-10-15T15:50:00-06:00
a23f4bd626b76590,author_default,11,4,211,pending_no_gpu_admission,,,,10550,2026-10-15T15:50:00-06:00
a23f4bd626b76590,author_default,11,4,307,pending_no_gpu_admission,,,,10550,2026-10-15T15:50:00-06:00
a23f4bd626b76590,author_default,23,1,101,pending_no_gpu_admission,,,,10560,2026-10-15T16:00:00-06:00
a23f4bd626b76590,author_default,23,1,211,pending_no_gpu_admission,,,,10560,2026-10-15T16:00:00-06:00
a23f4bd626b76590,author_default,23,1,307,pending_no_gpu_admission,,,,10560,2026-10-15T16:00:00-06:00
a23f4bd626b76590,author_default,23,4,101,pending_no_gpu_admission,,,,10560,2026-10-15T16:00:00-06:00
a23f4bd626b76590,author_default,23,4,211,pending_no_gpu_admission,,,,10560,2026-10-15T16:00:00-06:00
a23f4bd626b76590,author_default,23,4,307,pending_no_gpu_admission,,,,10560,2026-10-15T16:00:00-06:00
a23f4bd626b76590,author_default,37,1,101,pending_no_gpu_admission,,,,10570,2026-10-15T16:10:00-06:00
a23f4bd626b76590,author_default,37,1,211,pending_no_gpu_admission,,,,10570,2026-10-15T16:10:00-06:00
a23f4bd626b76590,author_default,37,1,307,pending_no_gpu_admission,,,,10570,2026-10-15T16:10:00-06:00
a23f4bd626b76590,author_default,37,4,101,pending_no_gpu_admission,,,,10570,2026-10-15T16:10:00-06:00
a23f4bd626b76590,author_default,37,4,211,pending_no_gpu_admission,,,,10570,2026-10-15T16:10:00-06:00
a23f4bd626b76590,author_default,37,4,307,pending_no_gpu_admission,,,,10570,2026-10-15T16:10:00-06:00
a23f4bd626b76590,author_default,53,1,101,pending_no_gpu_admission,,,,10580,2026-10-15T16:20:00-06:00
a23f4bd626b76590,author_default,53,1,211,pending_no_gpu_admission,,,,10580,2026-10-15T16:20:00-06:00
a23f4bd626b76590,author_default,53,1,307,pending_no_gpu_admission,,,,10580,2026-10-15T16:20:00-06:00
a23f4bd626b76590,author_default,53,4,101,pending_no_gpu_admission,,,,10580,2026-10-15T16:20:00-06:00
a23f4bd626b76590,author_default,53,4,211,pending_no_gpu_admission,,,,10580,2026-10-15T16:20:00-06:00
a23f4bd626b76590,author_default,53,4,307,pending_no_gpu_admission,,,,10580,2026-10-15T16:20:00-06:00
a23f4bd626b76590,author_default,71,1,101,pending_no_gpu_admission,,,,10590,2026-10-15T16:30:00-06:00
a23f4bd626b76590,author_default,71,1,211,pending_no_gpu_admission,,,,10590,2026-10-15T16:30:00-06:00
a23f4bd626b76590,author_default,71,1,307,pending_no_gpu_admission,,,,10590,2026-10-15T16:30:00-06:00
a23f4bd626b76590,author_default,71,4,101,pending_no_gpu_admission,,,,10590,2026-10-15T16:30:00-06:00
a23f4bd626b76590,author_default,71,4,211,pending_no_gpu_admission,,,,10590,2026-10-15T16:30:00-06:00
a23f4bd626b76590,author_default,71,4,307,pending_no_gpu_admission,,,,10590,2026-10-15T16:30:00-06:00
a23f4bd626b76590,native_selected,11,1,101,pending_no_gpu_admission,,,,10540,2026-10-15T15:40:00-06:00
a23f4bd626b76590,native_selected,11,1,211,pending_no_gpu_admission,,,,10540,2026-10-15T15:40:00-06:00
a23f4bd626b76590,native_selected,11,1,307,pending_no_gpu_admission,,,,10540,2026-10-15T15:40:00-06:00
a23f4bd626b76590,native_selected,11,4,101,pending_no_gpu_admission,,,,10540,2026-10-15T15:40:00-06:00
a23f4bd626b76590,native_selected,11,4,211,pending_no_gpu_admission,,,,10540,2026-10-15T15:40:00-06:00
a23f4bd626b76590,native_selected,11,4,307,pending_no_gpu_admission,,,,10540,2026-10-15T15:40:00-06:00
a23f4bd626b76590,native_selected,23,1,101,pending_no_gpu_admission,,,,10600,2026-10-15T16:40:00-06:00
a23f4bd626b76590,native_selected,23,1,211,pending_no_gpu_admission,,,,10600,2026-10-15T16:40:00-06:00
a23f4bd626b76590,native_selected,23,1,307,pending_no_gpu_admission,,,,10600,2026-10-15T16:40:00-06:00
a23f4bd626b76590,native_selected,23,4,101,pending_no_gpu_admission,,,,10600,2026-10-15T16:40:00-06:00
a23f4bd626b76590,native_selected,23,4,211,pending_no_gpu_admission,,,,10600,2026-10-15T16:40:00-06:00
a23f4bd626b76590,native_selected,23,4,307,pending_no_gpu_admission,,,,10600,2026-10-15T16:40:00-06:00
a23f4bd626b76590,native_selected,37,1,101,pending_no_gpu_admission,,,,10610,2026-10-15T16:50:00-06:00
a23f4bd626b76590,native_selected,37,1,211,pending_no_gpu_admission,,,,10610,2026-10-15T16:50:00-06:00
a23f4bd626b76590,native_selected,37,1,307,pending_no_gpu_admission,,,,10610,2026-10-15T16:50:00-06:00
a23f4bd626b76590,native_selected,37,4,101,pending_no_gpu_admission,,,,10610,2026-10-15T16:50:00-06:00
a23f4bd626b76590,native_selected,37,4,211,pending_no_gpu_admission,,,,10610,2026-10-15T16:50:00-06:00
a23f4bd626b76590,native_selected,37,4,307,pending_no_gpu_admission,,,,10610,2026-10-15T16:50:00-06:00
a23f4bd626b76590,native_selected,53,1,101,pending_no_gpu_admission,,,,10620,2026-10-15T17:00:00-06:00
a23f4bd626b76590,native_selected,53,1,211,pending_no_gpu_admission,,,,10620,2026-10-15T17:00:00-06:00
a23f4bd626b76590,native_selected,53,1,307,pending_no_gpu_admission,,,,10620,2026-10-15T17:00:00-06:00
a23f4bd626b76590,native_selected,53,4,101,pending_no_gpu_admission,,,,10620,2026-10-15T17:00:00-06:00
a23f4bd626b76590,native_selected,53,4,211,pending_no_gpu_admission,,,,10620,2026-10-15T17:00:00-06:00
a23f4bd626b76590,native_selected,53,4,307,pending_no_gpu_admission,,,,10620,2026-10-15T17:00:00-06:00
a23f4bd626b76590,native_selected,71,1,101,pending_no_gpu_admission,,,,10630,2026-10-15T17:10:00-06:00
a23f4bd626b76590,native_selected,71,1,211,pending_no_gpu_admission,,,,10630,2026-10-15T17:10:00-06:00
a23f4bd626b76590,native_selected,71,1,307,pending_no_gpu_admission,,,,10630,2026-10-15T17:10:00-06:00
a23f4bd626b76590,native_selected,71,4,101,pending_no_gpu_admission,,,,10630,2026-10-15T17:10:00-06:00
a23f4bd626b76590,native_selected,71,4,211,pending_no_gpu_admission,,,,10630,2026-10-15T17:10:00-06:00
a23f4bd626b76590,native_selected,71,4,307,pending_no_gpu_admission,,,,10630,2026-10-15T17:10:00-06:00
a32a69e7c701eb14,author_default,11,1,101,pending_no_gpu_admission,,,,10720,2026-10-15T18:40:00-06:00
a32a69e7c701eb14,author_default,11,1,211,pending_no_gpu_admission,,,,10720,2026-10-15T18:40:00-06:00
a32a69e7c701eb14,author_default,11,1,307,pending_no_gpu_admission,,,,10720,2026-10-15T18:40:00-06:00
a32a69e7c701eb14,author_default,11,4,101,pending_no_gpu_admission,,,,10720,2026-10-15T18:40:00-06:00
a32a69e7c701eb14,author_default,11,4,211,pending_no_gpu_admission,,,,10720,2026-10-15T18:40:00-06:00
a32a69e7c701eb14,author_default,11,4,307,pending_no_gpu_admission,,,,10720,2026-10-15T18:40:00-06:00
a32a69e7c701eb14,author_default,23,1,101,pending_no_gpu_admission,,,,10730,2026-10-15T18:50:00-06:00
a32a69e7c701eb14,author_default,23,1,211,pending_no_gpu_admission,,,,10730,2026-10-15T18:50:00-06:00
a32a69e7c701eb14,author_default,23,1,307,pending_no_gpu_admission,,,,10730,2026-10-15T18:50:00-06:00
a32a69e7c701eb14,author_default,23,4,101,pending_no_gpu_admission,,,,10730,2026-10-15T18:50:00-06:00
a32a69e7c701eb14,author_default,23,4,211,pending_no_gpu_admission,,,,10730,2026-10-15T18:50:00-06:00
a32a69e7c701eb14,author_default,23,4,307,pending_no_gpu_admission,,,,10730,2026-10-15T18:50:00-06:00
a32a69e7c701eb14,author_default,37,1,101,pending_no_gpu_admission,,,,10740,2026-10-15T19:00:00-06:00
a32a69e7c701eb14,author_default,37,1,211,pending_no_gpu_admission,,,,10740,2026-10-15T19:00:00-06:00
a32a69e7c701eb14,author_default,37,1,307,pending_no_gpu_admission,,,,10740,2026-10-15T19:00:00-06:00
a32a69e7c701eb14,author_default,37,4,101,pending_no_gpu_admission,,,,10740,2026-10-15T19:00:00-06:00
a32a69e7c701eb14,author_default,37,4,211,pending_no_gpu_admission,,,,10740,2026-10-15T19:00:00-06:00
a32a69e7c701eb14,author_default,37,4,307,pending_no_gpu_admission,,,,10740,2026-10-15T19:00:00-06:00
a32a69e7c701eb14,author_default,53,1,101,pending_no_gpu_admission,,,,10750,2026-10-15T19:10:00-06:00
a32a69e7c701eb14,author_default,53,1,211,pending_no_gpu_admission,,,,10750,2026-10-15T19:10:00-06:00
a32a69e7c701eb14,author_default,53,1,307,pending_no_gpu_admission,,,,10750,2026-10-15T19:10:00-06:00
a32a69e7c701eb14,author_default,53,4,101,pending_no_gpu_admission,,,,10750,2026-10-15T19:10:00-06:00
a32a69e7c701eb14,author_default,53,4,211,pending_no_gpu_admission,,,,10750,2026-10-15T19:10:00-06:00
a32a69e7c701eb14,author_default,53,4,307,pending_no_gpu_admission,,,,10750,2026-10-15T19:10:00-06:00
a32a69e7c701eb14,author_default,71,1,101,pending_no_gpu_admission,,,,10760,2026-10-15T19:20:00-06:00
a32a69e7c701eb14,author_default,71,1,211,pending_no_gpu_admission,,,,10760,2026-10-15T19:20:00-06:00
a32a69e7c701eb14,author_default,71,1,307,pending_no_gpu_admission,,,,10760,2026-10-15T19:20:00-06:00
a32a69e7c701eb14,author_default,71,4,101,pending_no_gpu_admission,,,,10760,2026-10-15T19:20:00-06:00
a32a69e7c701eb14,author_default,71,4,211,pending_no_gpu_admission,,,,10760,2026-10-15T19:20:00-06:00
a32a69e7c701eb14,author_default,71,4,307,pending_no_gpu_admission,,,,10760,2026-10-15T19:20:00-06:00
a32a69e7c701eb14,native_selected,11,1,101,pending_no_gpu_admission,,,,10710,2026-10-15T18:30:00-06:00
a32a69e7c701eb14,native_selected,11,1,211,pending_no_gpu_admission,,,,10710,2026-10-15T18:30:00-06:00
a32a69e7c701eb14,native_selected,11,1,307,pending_no_gpu_admission,,,,10710,2026-10-15T18:30:00-06:00
a32a69e7c701eb14,native_selected,11,4,101,pending_no_gpu_admission,,,,10710,2026-10-15T18:30:00-06:00
a32a69e7c701eb14,native_selected,11,4,211,pending_no_gpu_admission,,,,10710,2026-10-15T18:30:00-06:00
a32a69e7c701eb14,native_selected,11,4,307,pending_no_gpu_admission,,,,10710,2026-10-15T18:30:00-06:00
a32a69e7c701eb14,native_selected,23,1,101,pending_no_gpu_admission,,,,10770,2026-10-15T19:30:00-06:00
a32a69e7c701eb14,native_selected,23,1,211,pending_no_gpu_admission,,,,10770,2026-10-15T19:30:00-06:00
a32a69e7c701eb14,native_selected,23,1,307,pending_no_gpu_admission,,,,10770,2026-10-15T19:30:00-06:00
a32a69e7c701eb14,native_selected,23,4,101,pending_no_gpu_admission,,,,10770,2026-10-15T19:30:00-06:00
a32a69e7c701eb14,native_selected,23,4,211,pending_no_gpu_admission,,,,10770,2026-10-15T19:30:00-06:00
a32a69e7c701eb14,native_selected,23,4,307,pending_no_gpu_admission,,,,10770,2026-10-15T19:30:00-06:00
a32a69e7c701eb14,native_selected,37,1,101,pending_no_gpu_admission,,,,10780,2026-10-15T19:40:00-06:00
a32a69e7c701eb14,native_selected,37,1,211,pending_no_gpu_admission,,,,10780,2026-10-15T19:40:00-06:00
a32a69e7c701eb14,native_selected,37,1,307,pending_no_gpu_admission,,,,10780,2026-10-15T19:40:00-06:00
a32a69e7c701eb14,native_selected,37,4,101,pending_no_gpu_admission,,,,10780,2026-10-15T19:40:00-06:00
a32a69e7c701eb14,native_selected,37,4,211,pending_no_gpu_admission,,,,10780,2026-10-15T19:40:00-06:00
a32a69e7c701eb14,native_selected,37,4,307,pending_no_gpu_admission,,,,10780,2026-10-15T19:40:00-06:00
a32a69e7c701eb14,native_selected,53,1,101,pending_no_gpu_admission,,,,10790,2026-10-15T19:50:00-06:00
a32a69e7c701eb14,native_selected,53,1,211,pending_no_gpu_admission,,,,10790,2026-10-15T19:50:00-06:00
a32a69e7c701eb14,native_selected,53,1,307,pending_no_gpu_admission,,,,10790,2026-10-15T19:50:00-06:00
a32a69e7c701eb14,native_selected,53,4,101,pending_no_gpu_admission,,,,10790,2026-10-15T19:50:00-06:00
a32a69e7c701eb14,native_selected,53,4,211,pending_no_gpu_admission,,,,10790,2026-10-15T19:50:00-06:00
a32a69e7c701eb14,native_selected,53,4,307,pending_no_gpu_admission,,,,10790,2026-10-15T19:50:00-06:00
a32a69e7c701eb14,native_selected,71,1,101,pending_no_gpu_admission,,,,10800,2026-10-15T20:00:00-06:00
a32a69e7c701eb14,native_selected,71,1,211,pending_no_gpu_admission,,,,10800,2026-10-15T20:00:00-06:00
a32a69e7c701eb14,native_selected,71,1,307,pending_no_gpu_admission,,,,10800,2026-10-15T20:00:00-06:00
a32a69e7c701eb14,native_selected,71,4,101,pending_no_gpu_admission,,,,10800,2026-10-15T20:00:00-06:00
a32a69e7c701eb14,native_selected,71,4,211,pending_no_gpu_admission,,,,10800,2026-10-15T20:00:00-06:00
a32a69e7c701eb14,native_selected,71,4,307,pending_no_gpu_admission,,,,10800,2026-10-15T20:00:00-06:00
a5ba682572f53add,author_default,11,1,101,pending_no_gpu_admission,,,,10890,2026-10-15T21:30:00-06:00
a5ba682572f53add,author_default,11,1,211,pending_no_gpu_admission,,,,10890,2026-10-15T21:30:00-06:00
a5ba682572f53add,author_default,11,1,307,pending_no_gpu_admission,,,,10890,2026-10-15T21:30:00-06:00
a5ba682572f53add,author_default,11,4,101,pending_no_gpu_admission,,,,10890,2026-10-15T21:30:00-06:00
a5ba682572f53add,author_default,11,4,211,pending_no_gpu_admission,,,,10890,2026-10-15T21:30:00-06:00
a5ba682572f53add,author_default,11,4,307,pending_no_gpu_admission,,,,10890,2026-10-15T21:30:00-06:00
a5ba682572f53add,author_default,23,1,101,pending_no_gpu_admission,,,,10900,2026-10-15T21:40:00-06:00
a5ba682572f53add,author_default,23,1,211,pending_no_gpu_admission,,,,10900,2026-10-15T21:40:00-06:00
a5ba682572f53add,author_default,23,1,307,pending_no_gpu_admission,,,,10900,2026-10-15T21:40:00-06:00
a5ba682572f53add,author_default,23,4,101,pending_no_gpu_admission,,,,10900,2026-10-15T21:40:00-06:00
a5ba682572f53add,author_default,23,4,211,pending_no_gpu_admission,,,,10900,2026-10-15T21:40:00-06:00
a5ba682572f53add,author_default,23,4,307,pending_no_gpu_admission,,,,10900,2026-10-15T21:40:00-06:00
a5ba682572f53add,author_default,37,1,101,pending_no_gpu_admission,,,,10910,2026-10-15T21:50:00-06:00
a5ba682572f53add,author_default,37,1,211,pending_no_gpu_admission,,,,10910,2026-10-15T21:50:00-06:00
a5ba682572f53add,author_default,37,1,307,pending_no_gpu_admission,,,,10910,2026-10-15T21:50:00-06:00
a5ba682572f53add,author_default,37,4,101,pending_no_gpu_admission,,,,10910,2026-10-15T21:50:00-06:00
a5ba682572f53add,author_default,37,4,211,pending_no_gpu_admission,,,,10910,2026-10-15T21:50:00-06:00
a5ba682572f53add,author_default,37,4,307,pending_no_gpu_admission,,,,10910,2026-10-15T21:50:00-06:00
a5ba682572f53add,author_default,53,1,101,pending_no_gpu_admission,,,,10920,2026-10-15T22:00:00-06:00
a5ba682572f53add,author_default,53,1,211,pending_no_gpu_admission,,,,10920,2026-10-15T22:00:00-06:00
a5ba682572f53add,author_default,53,1,307,pending_no_gpu_admission,,,,10920,2026-10-15T22:00:00-06:00
a5ba682572f53add,author_default,53,4,101,pending_no_gpu_admission,,,,10920,2026-10-15T22:00:00-06:00
a5ba682572f53add,author_default,53,4,211,pending_no_gpu_admission,,,,10920,2026-10-15T22:00:00-06:00
a5ba682572f53add,author_default,53,4,307,pending_no_gpu_admission,,,,10920,2026-10-15T22:00:00-06:00
a5ba682572f53add,author_default,71,1,101,pending_no_gpu_admission,,,,10930,2026-10-15T22:10:00-06:00
a5ba682572f53add,author_default,71,1,211,pending_no_gpu_admission,,,,10930,2026-10-15T22:10:00-06:00
a5ba682572f53add,author_default,71,1,307,pending_no_gpu_admission,,,,10930,2026-10-15T22:10:00-06:00
a5ba682572f53add,author_default,71,4,101,pending_no_gpu_admission,,,,10930,2026-10-15T22:10:00-06:00
a5ba682572f53add,author_default,71,4,211,pending_no_gpu_admission,,,,10930,2026-10-15T22:10:00-06:00
a5ba682572f53add,author_default,71,4,307,pending_no_gpu_admission,,,,10930,2026-10-15T22:10:00-06:00
a5ba682572f53add,native_selected,11,1,101,pending_no_gpu_admission,,,,10880,2026-10-15T21:20:00-06:00
a5ba682572f53add,native_selected,11,1,211,pending_no_gpu_admission,,,,10880,2026-10-15T21:20:00-06:00
a5ba682572f53add,native_selected,11,1,307,pending_no_gpu_admission,,,,10880,2026-10-15T21:20:00-06:00
a5ba682572f53add,native_selected,11,4,101,pending_no_gpu_admission,,,,10880,2026-10-15T21:20:00-06:00
a5ba682572f53add,native_selected,11,4,211,pending_no_gpu_admission,,,,10880,2026-10-15T21:20:00-06:00
a5ba682572f53add,native_selected,11,4,307,pending_no_gpu_admission,,,,10880,2026-10-15T21:20:00-06:00
a5ba682572f53add,native_selected,23,1,101,pending_no_gpu_admission,,,,10940,2026-10-15T22:20:00-06:00
a5ba682572f53add,native_selected,23,1,211,pending_no_gpu_admission,,,,10940,2026-10-15T22:20:00-06:00
a5ba682572f53add,native_selected,23,1,307,pending_no_gpu_admission,,,,10940,2026-10-15T22:20:00-06:00
a5ba682572f53add,native_selected,23,4,101,pending_no_gpu_admission,,,,10940,2026-10-15T22:20:00-06:00
a5ba682572f53add,native_selected,23,4,211,pending_no_gpu_admission,,,,10940,2026-10-15T22:20:00-06:00
a5ba682572f53add,native_selected,23,4,307,pending_no_gpu_admission,,,,10940,2026-10-15T22:20:00-06:00
a5ba682572f53add,native_selected,37,1,101,pending_no_gpu_admission,,,,10950,2026-10-15T22:30:00-06:00
a5ba682572f53add,native_selected,37,1,211,pending_no_gpu_admission,,,,10950,2026-10-15T22:30:00-06:00
a5ba682572f53add,native_selected,37,1,307,pending_no_gpu_admission,,,,10950,2026-10-15T22:30:00-06:00
a5ba682572f53add,native_selected,37,4,101,pending_no_gpu_admission,,,,10950,2026-10-15T22:30:00-06:00
a5ba682572f53add,native_selected,37,4,211,pending_no_gpu_admission,,,,10950,2026-10-15T22:30:00-06:00
a5ba682572f53add,native_selected,37,4,307,pending_no_gpu_admission,,,,10950,2026-10-15T22:30:00-06:00
a5ba682572f53add,native_selected,53,1,101,pending_no_gpu_admission,,,,10960,2026-10-15T22:40:00-06:00
a5ba682572f53add,native_selected,53,1,211,pending_no_gpu_admission,,,,10960,2026-10-15T22:40:00-06:00
a5ba682572f53add,native_selected,53,1,307,pending_no_gpu_admission,,,,10960,2026-10-15T22:40:00-06:00
a5ba682572f53add,native_selected,53,4,101,pending_no_gpu_admission,,,,10960,2026-10-15T22:40:00-06:00
a5ba682572f53add,native_selected,53,4,211,pending_no_gpu_admission,,,,10960,2026-10-15T22:40:00-06:00
a5ba682572f53add,native_selected,53,4,307,pending_no_gpu_admission,,,,10960,2026-10-15T22:40:00-06:00
a5ba682572f53add,native_selected,71,1,101,pending_no_gpu_admission,,,,10970,2026-10-15T22:50:00-06:00
a5ba682572f53add,native_selected,71,1,211,pending_no_gpu_admission,,,,10970,2026-10-15T22:50:00-06:00
a5ba682572f53add,native_selected,71,1,307,pending_no_gpu_admission,,,,10970,2026-10-15T22:50:00-06:00
a5ba682572f53add,native_selected,71,4,101,pending_no_gpu_admission,,,,10970,2026-10-15T22:50:00-06:00
a5ba682572f53add,native_selected,71,4,211,pending_no_gpu_admission,,,,10970,2026-10-15T22:50:00-06:00
a5ba682572f53add,native_selected,71,4,307,pending_no_gpu_admission,,,,10970,2026-10-15T22:50:00-06:00
a863cd42be4d05d4,author_default,11,1,101,pending_no_gpu_admission,,,,11060,2026-10-16T00:20:00-06:00
a863cd42be4d05d4,author_default,11,1,211,pending_no_gpu_admission,,,,11060,2026-10-16T00:20:00-06:00
a863cd42be4d05d4,author_default,11,1,307,pending_no_gpu_admission,,,,11060,2026-10-16T00:20:00-06:00
a863cd42be4d05d4,author_default,11,4,101,pending_no_gpu_admission,,,,11060,2026-10-16T00:20:00-06:00
a863cd42be4d05d4,author_default,11,4,211,pending_no_gpu_admission,,,,11060,2026-10-16T00:20:00-06:00
a863cd42be4d05d4,author_default,11,4,307,pending_no_gpu_admission,,,,11060,2026-10-16T00:20:00-06:00
a863cd42be4d05d4,author_default,23,1,101,pending_no_gpu_admission,,,,11070,2026-10-16T00:30:00-06:00
a863cd42be4d05d4,author_default,23,1,211,pending_no_gpu_admission,,,,11070,2026-10-16T00:30:00-06:00
a863cd42be4d05d4,author_default,23,1,307,pending_no_gpu_admission,,,,11070,2026-10-16T00:30:00-06:00
a863cd42be4d05d4,author_default,23,4,101,pending_no_gpu_admission,,,,11070,2026-10-16T00:30:00-06:00
a863cd42be4d05d4,author_default,23,4,211,pending_no_gpu_admission,,,,11070,2026-10-16T00:30:00-06:00
a863cd42be4d05d4,author_default,23,4,307,pending_no_gpu_admission,,,,11070,2026-10-16T00:30:00-06:00
a863cd42be4d05d4,author_default,37,1,101,pending_no_gpu_admission,,,,11080,2026-10-16T00:40:00-06:00
a863cd42be4d05d4,author_default,37,1,211,pending_no_gpu_admission,,,,11080,2026-10-16T00:40:00-06:00
a863cd42be4d05d4,author_default,37,1,307,pending_no_gpu_admission,,,,11080,2026-10-16T00:40:00-06:00
a863cd42be4d05d4,author_default,37,4,101,pending_no_gpu_admission,,,,11080,2026-10-16T00:40:00-06:00
a863cd42be4d05d4,author_default,37,4,211,pending_no_gpu_admission,,,,11080,2026-10-16T00:40:00-06:00
a863cd42be4d05d4,author_default,37,4,307,pending_no_gpu_admission,,,,11080,2026-10-16T00:40:00-06:00
a863cd42be4d05d4,author_default,53,1,101,pending_no_gpu_admission,,,,11090,2026-10-16T00:50:00-06:00
a863cd42be4d05d4,author_default,53,1,211,pending_no_gpu_admission,,,,11090,2026-10-16T00:50:00-06:00
a863cd42be4d05d4,author_default,53,1,307,pending_no_gpu_admission,,,,11090,2026-10-16T00:50:00-06:00
a863cd42be4d05d4,author_default,53,4,101,pending_no_gpu_admission,,,,11090,2026-10-16T00:50:00-06:00
a863cd42be4d05d4,author_default,53,4,211,pending_no_gpu_admission,,,,11090,2026-10-16T00:50:00-06:00
a863cd42be4d05d4,author_default,53,4,307,pending_no_gpu_admission,,,,11090,2026-10-16T00:50:00-06:00
a863cd42be4d05d4,author_default,71,1,101,pending_no_gpu_admission,,,,11100,2026-10-16T01:00:00-06:00
a863cd42be4d05d4,author_default,71,1,211,pending_no_gpu_admission,,,,11100,2026-10-16T01:00:00-06:00
a863cd42be4d05d4,author_default,71,1,307,pending_no_gpu_admission,,,,11100,2026-10-16T01:00:00-06:00
a863cd42be4d05d4,author_default,71,4,101,pending_no_gpu_admission,,,,11100,2026-10-16T01:00:00-06:00
a863cd42be4d05d4,author_default,71,4,211,pending_no_gpu_admission,,,,11100,2026-10-16T01:00:00-06:00
a863cd42be4d05d4,author_default,71,4,307,pending_no_gpu_admission,,,,11100,2026-10-16T01:00:00-06:00
a863cd42be4d05d4,native_selected,11,1,101,pending_no_gpu_admission,,,,11050,2026-10-16T00:10:00-06:00
a863cd42be4d05d4,native_selected,11,1,211,pending_no_gpu_admission,,,,11050,2026-10-16T00:10:00-06:00
a863cd42be4d05d4,native_selected,11,1,307,pending_no_gpu_admission,,,,11050,2026-10-16T00:10:00-06:00
a863cd42be4d05d4,native_selected,11,4,101,pending_no_gpu_admission,,,,11050,2026-10-16T00:10:00-06:00
a863cd42be4d05d4,native_selected,11,4,211,pending_no_gpu_admission,,,,11050,2026-10-16T00:10:00-06:00
a863cd42be4d05d4,native_selected,11,4,307,pending_no_gpu_admission,,,,11050,2026-10-16T00:10:00-06:00
a863cd42be4d05d4,native_selected,23,1,101,pending_no_gpu_admission,,,,11110,2026-10-16T01:10:00-06:00
a863cd42be4d05d4,native_selected,23,1,211,pending_no_gpu_admission,,,,11110,2026-10-16T01:10:00-06:00
a863cd42be4d05d4,native_selected,23,1,307,pending_no_gpu_admission,,,,11110,2026-10-16T01:10:00-06:00
a863cd42be4d05d4,native_selected,23,4,101,pending_no_gpu_admission,,,,11110,2026-10-16T01:10:00-06:00
a863cd42be4d05d4,native_selected,23,4,211,pending_no_gpu_admission,,,,11110,2026-10-16T01:10:00-06:00
a863cd42be4d05d4,native_selected,23,4,307,pending_no_gpu_admission,,,,11110,2026-10-16T01:10:00-06:00
a863cd42be4d05d4,native_selected,37,1,101,pending_no_gpu_admission,,,,11120,2026-10-16T01:20:00-06:00
a863cd42be4d05d4,native_selected,37,1,211,pending_no_gpu_admission,,,,11120,2026-10-16T01:20:00-06:00
a863cd42be4d05d4,native_selected,37,1,307,pending_no_gpu_admission,,,,11120,2026-10-16T01:20:00-06:00
a863cd42be4d05d4,native_selected,37,4,101,pending_no_gpu_admission,,,,11120,2026-10-16T01:20:00-06:00
a863cd42be4d05d4,native_selected,37,4,211,pending_no_gpu_admission,,,,11120,2026-10-16T01:20:00-06:00
a863cd42be4d05d4,native_selected,37,4,307,pending_no_gpu_admission,,,,11120,2026-10-16T01:20:00-06:00
a863cd42be4d05d4,native_selected,53,1,101,pending_no_gpu_admission,,,,11130,2026-10-16T01:30:00-06:00
a863cd42be4d05d4,native_selected,53,1,211,pending_no_gpu_admission,,,,11130,2026-10-16T01:30:00-06:00
a863cd42be4d05d4,native_selected,53,1,307,pending_no_gpu_admission,,,,11130,2026-10-16T01:30:00-06:00
a863cd42be4d05d4,native_selected,53,4,101,pending_no_gpu_admission,,,,11130,2026-10-16T01:30:00-06:00
a863cd42be4d05d4,native_selected,53,4,211,pending_no_gpu_admission,,,,11130,2026-10-16T01:30:00-06:00
a863cd42be4d05d4,native_selected,53,4,307,pending_no_gpu_admission,,,,11130,2026-10-16T01:30:00-06:00
a863cd42be4d05d4,native_selected,71,1,101,pending_no_gpu_admission,,,,11140,2026-10-16T01:40:00-06:00
a863cd42be4d05d4,native_selected,71,1,211,pending_no_gpu_admission,,,,11140,2026-10-16T01:40:00-06:00
a863cd42be4d05d4,native_selected,71,1,307,pending_no_gpu_admission,,,,11140,2026-10-16T01:40:00-06:00
a863cd42be4d05d4,native_selected,71,4,101,pending_no_gpu_admission,,,,11140,2026-10-16T01:40:00-06:00
a863cd42be4d05d4,native_selected,71,4,211,pending_no_gpu_admission,,,,11140,2026-10-16T01:40:00-06:00
a863cd42be4d05d4,native_selected,71,4,307,pending_no_gpu_admission,,,,11140,2026-10-16T01:40:00-06:00
a97065df07a47eb0,author_default,11,1,101,pending_no_gpu_admission,,,,11230,2026-10-16T03:10:00-06:00
a97065df07a47eb0,author_default,11,1,211,pending_no_gpu_admission,,,,11230,2026-10-16T03:10:00-06:00
a97065df07a47eb0,author_default,11,1,307,pending_no_gpu_admission,,,,11230,2026-10-16T03:10:00-06:00
a97065df07a47eb0,author_default,11,4,101,pending_no_gpu_admission,,,,11230,2026-10-16T03:10:00-06:00
a97065df07a47eb0,author_default,11,4,211,pending_no_gpu_admission,,,,11230,2026-10-16T03:10:00-06:00
a97065df07a47eb0,author_default,11,4,307,pending_no_gpu_admission,,,,11230,2026-10-16T03:10:00-06:00
a97065df07a47eb0,author_default,23,1,101,pending_no_gpu_admission,,,,11240,2026-10-16T03:20:00-06:00
a97065df07a47eb0,author_default,23,1,211,pending_no_gpu_admission,,,,11240,2026-10-16T03:20:00-06:00
a97065df07a47eb0,author_default,23,1,307,pending_no_gpu_admission,,,,11240,2026-10-16T03:20:00-06:00
a97065df07a47eb0,author_default,23,4,101,pending_no_gpu_admission,,,,11240,2026-10-16T03:20:00-06:00
a97065df07a47eb0,author_default,23,4,211,pending_no_gpu_admission,,,,11240,2026-10-16T03:20:00-06:00
a97065df07a47eb0,author_default,23,4,307,pending_no_gpu_admission,,,,11240,2026-10-16T03:20:00-06:00
a97065df07a47eb0,author_default,37,1,101,pending_no_gpu_admission,,,,11250,2026-10-16T03:30:00-06:00
a97065df07a47eb0,author_default,37,1,211,pending_no_gpu_admission,,,,11250,2026-10-16T03:30:00-06:00
a97065df07a47eb0,author_default,37,1,307,pending_no_gpu_admission,,,,11250,2026-10-16T03:30:00-06:00
a97065df07a47eb0,author_default,37,4,101,pending_no_gpu_admission,,,,11250,2026-10-16T03:30:00-06:00
a97065df07a47eb0,author_default,37,4,211,pending_no_gpu_admission,,,,11250,2026-10-16T03:30:00-06:00
a97065df07a47eb0,author_default,37,4,307,pending_no_gpu_admission,,,,11250,2026-10-16T03:30:00-06:00
a97065df07a47eb0,author_default,53,1,101,pending_no_gpu_admission,,,,11260,2026-10-16T03:40:00-06:00
a97065df07a47eb0,author_default,53,1,211,pending_no_gpu_admission,,,,11260,2026-10-16T03:40:00-06:00
a97065df07a47eb0,author_default,53,1,307,pending_no_gpu_admission,,,,11260,2026-10-16T03:40:00-06:00
a97065df07a47eb0,author_default,53,4,101,pending_no_gpu_admission,,,,11260,2026-10-16T03:40:00-06:00
a97065df07a47eb0,author_default,53,4,211,pending_no_gpu_admission,,,,11260,2026-10-16T03:40:00-06:00
a97065df07a47eb0,author_default,53,4,307,pending_no_gpu_admission,,,,11260,2026-10-16T03:40:00-06:00
a97065df07a47eb0,author_default,71,1,101,pending_no_gpu_admission,,,,11270,2026-10-16T03:50:00-06:00
a97065df07a47eb0,author_default,71,1,211,pending_no_gpu_admission,,,,11270,2026-10-16T03:50:00-06:00
a97065df07a47eb0,author_default,71,1,307,pending_no_gpu_admission,,,,11270,2026-10-16T03:50:00-06:00
a97065df07a47eb0,author_default,71,4,101,pending_no_gpu_admission,,,,11270,2026-10-16T03:50:00-06:00
a97065df07a47eb0,author_default,71,4,211,pending_no_gpu_admission,,,,11270,2026-10-16T03:50:00-06:00
a97065df07a47eb0,author_default,71,4,307,pending_no_gpu_admission,,,,11270,2026-10-16T03:50:00-06:00
a97065df07a47eb0,native_selected,11,1,101,pending_no_gpu_admission,,,,11220,2026-10-16T03:00:00-06:00
a97065df07a47eb0,native_selected,11,1,211,pending_no_gpu_admission,,,,11220,2026-10-16T03:00:00-06:00
a97065df07a47eb0,native_selected,11,1,307,pending_no_gpu_admission,,,,11220,2026-10-16T03:00:00-06:00
a97065df07a47eb0,native_selected,11,4,101,pending_no_gpu_admission,,,,11220,2026-10-16T03:00:00-06:00
a97065df07a47eb0,native_selected,11,4,211,pending_no_gpu_admission,,,,11220,2026-10-16T03:00:00-06:00
a97065df07a47eb0,native_selected,11,4,307,pending_no_gpu_admission,,,,11220,2026-10-16T03:00:00-06:00
a97065df07a47eb0,native_selected,23,1,101,pending_no_gpu_admission,,,,11280,2026-10-16T04:00:00-06:00
a97065df07a47eb0,native_selected,23,1,211,pending_no_gpu_admission,,,,11280,2026-10-16T04:00:00-06:00
a97065df07a47eb0,native_selected,23,1,307,pending_no_gpu_admission,,,,11280,2026-10-16T04:00:00-06:00
a97065df07a47eb0,native_selected,23,4,101,pending_no_gpu_admission,,,,11280,2026-10-16T04:00:00-06:00
a97065df07a47eb0,native_selected,23,4,211,pending_no_gpu_admission,,,,11280,2026-10-16T04:00:00-06:00
a97065df07a47eb0,native_selected,23,4,307,pending_no_gpu_admission,,,,11280,2026-10-16T04:00:00-06:00
a97065df07a47eb0,native_selected,37,1,101,pending_no_gpu_admission,,,,11290,2026-10-16T04:10:00-06:00
a97065df07a47eb0,native_selected,37,1,211,pending_no_gpu_admission,,,,11290,2026-10-16T04:10:00-06:00
a97065df07a47eb0,native_selected,37,1,307,pending_no_gpu_admission,,,,11290,2026-10-16T04:10:00-06:00
a97065df07a47eb0,native_selected,37,4,101,pending_no_gpu_admission,,,,11290,2026-10-16T04:10:00-06:00
a97065df07a47eb0,native_selected,37,4,211,pending_no_gpu_admission,,,,11290,2026-10-16T04:10:00-06:00
a97065df07a47eb0,native_selected,37,4,307,pending_no_gpu_admission,,,,11290,2026-10-16T04:10:00-06:00
a97065df07a47eb0,native_selected,53,1,101,pending_no_gpu_admission,,,,11300,2026-10-16T04:20:00-06:00
a97065df07a47eb0,native_selected,53,1,211,pending_no_gpu_admission,,,,11300,2026-10-16T04:20:00-06:00
a97065df07a47eb0,native_selected,53,1,307,pending_no_gpu_admission,,,,11300,2026-10-16T04:20:00-06:00
a97065df07a47eb0,native_selected,53,4,101,pending_no_gpu_admission,,,,11300,2026-10-16T04:20:00-06:00
a97065df07a47eb0,native_selected,53,4,211,pending_no_gpu_admission,,,,11300,2026-10-16T04:20:00-06:00
a97065df07a47eb0,native_selected,53,4,307,pending_no_gpu_admission,,,,11300,2026-10-16T04:20:00-06:00
a97065df07a47eb0,native_selected,71,1,101,pending_no_gpu_admission,,,,11310,2026-10-16T04:30:00-06:00
a97065df07a47eb0,native_selected,71,1,211,pending_no_gpu_admission,,,,11310,2026-10-16T04:30:00-06:00
a97065df07a47eb0,native_selected,71,1,307,pending_no_gpu_admission,,,,11310,2026-10-16T04:30:00-06:00
a97065df07a47eb0,native_selected,71,4,101,pending_no_gpu_admission,,,,11310,2026-10-16T04:30:00-06:00
a97065df07a47eb0,native_selected,71,4,211,pending_no_gpu_admission,,,,11310,2026-10-16T04:30:00-06:00
a97065df07a47eb0,native_selected,71,4,307,pending_no_gpu_admission,,,,11310,2026-10-16T04:30:00-06:00
ab279eded3b3c52b,author_default,11,1,101,pending_no_gpu_admission,,,,11400,2026-10-16T06:00:00-06:00
ab279eded3b3c52b,author_default,11,1,211,pending_no_gpu_admission,,,,11400,2026-10-16T06:00:00-06:00
ab279eded3b3c52b,author_default,11,1,307,pending_no_gpu_admission,,,,11400,2026-10-16T06:00:00-06:00
ab279eded3b3c52b,author_default,11,4,101,pending_no_gpu_admission,,,,11400,2026-10-16T06:00:00-06:00
ab279eded3b3c52b,author_default,11,4,211,pending_no_gpu_admission,,,,11400,2026-10-16T06:00:00-06:00
ab279eded3b3c52b,author_default,11,4,307,pending_no_gpu_admission,,,,11400,2026-10-16T06:00:00-06:00
ab279eded3b3c52b,author_default,23,1,101,pending_no_gpu_admission,,,,11410,2026-10-16T06:10:00-06:00
ab279eded3b3c52b,author_default,23,1,211,pending_no_gpu_admission,,,,11410,2026-10-16T06:10:00-06:00
ab279eded3b3c52b,author_default,23,1,307,pending_no_gpu_admission,,,,11410,2026-10-16T06:10:00-06:00
ab279eded3b3c52b,author_default,23,4,101,pending_no_gpu_admission,,,,11410,2026-10-16T06:10:00-06:00
ab279eded3b3c52b,author_default,23,4,211,pending_no_gpu_admission,,,,11410,2026-10-16T06:10:00-06:00
ab279eded3b3c52b,author_default,23,4,307,pending_no_gpu_admission,,,,11410,2026-10-16T06:10:00-06:00
ab279eded3b3c52b,author_default,37,1,101,pending_no_gpu_admission,,,,11420,2026-10-16T06:20:00-06:00
ab279eded3b3c52b,author_default,37,1,211,pending_no_gpu_admission,,,,11420,2026-10-16T06:20:00-06:00
ab279eded3b3c52b,author_default,37,1,307,pending_no_gpu_admission,,,,11420,2026-10-16T06:20:00-06:00
ab279eded3b3c52b,author_default,37,4,101,pending_no_gpu_admission,,,,11420,2026-10-16T06:20:00-06:00
ab279eded3b3c52b,author_default,37,4,211,pending_no_gpu_admission,,,,11420,2026-10-16T06:20:00-06:00
ab279eded3b3c52b,author_default,37,4,307,pending_no_gpu_admission,,,,11420,2026-10-16T06:20:00-06:00
ab279eded3b3c52b,author_default,53,1,101,pending_no_gpu_admission,,,,11430,2026-10-16T06:30:00-06:00
ab279eded3b3c52b,author_default,53,1,211,pending_no_gpu_admission,,,,11430,2026-10-16T06:30:00-06:00
ab279eded3b3c52b,author_default,53,1,307,pending_no_gpu_admission,,,,11430,2026-10-16T06:30:00-06:00
ab279eded3b3c52b,author_default,53,4,101,pending_no_gpu_admission,,,,11430,2026-10-16T06:30:00-06:00
ab279eded3b3c52b,author_default,53,4,211,pending_no_gpu_admission,,,,11430,2026-10-16T06:30:00-06:00
ab279eded3b3c52b,author_default,53,4,307,pending_no_gpu_admission,,,,11430,2026-10-16T06:30:00-06:00
ab279eded3b3c52b,author_default,71,1,101,pending_no_gpu_admission,,,,11440,2026-10-16T06:40:00-06:00
ab279eded3b3c52b,author_default,71,1,211,pending_no_gpu_admission,,,,11440,2026-10-16T06:40:00-06:00
ab279eded3b3c52b,author_default,71,1,307,pending_no_gpu_admission,,,,11440,2026-10-16T06:40:00-06:00
ab279eded3b3c52b,author_default,71,4,101,pending_no_gpu_admission,,,,11440,2026-10-16T06:40:00-06:00
ab279eded3b3c52b,author_default,71,4,211,pending_no_gpu_admission,,,,11440,2026-10-16T06:40:00-06:00
ab279eded3b3c52b,author_default,71,4,307,pending_no_gpu_admission,,,,11440,2026-10-16T06:40:00-06:00
ab279eded3b3c52b,native_selected,11,1,101,pending_no_gpu_admission,,,,11390,2026-10-16T05:50:00-06:00
ab279eded3b3c52b,native_selected,11,1,211,pending_no_gpu_admission,,,,11390,2026-10-16T05:50:00-06:00
ab279eded3b3c52b,native_selected,11,1,307,pending_no_gpu_admission,,,,11390,2026-10-16T05:50:00-06:00
ab279eded3b3c52b,native_selected,11,4,101,pending_no_gpu_admission,,,,11390,2026-10-16T05:50:00-06:00
ab279eded3b3c52b,native_selected,11,4,211,pending_no_gpu_admission,,,,11390,2026-10-16T05:50:00-06:00
ab279eded3b3c52b,native_selected,11,4,307,pending_no_gpu_admission,,,,11390,2026-10-16T05:50:00-06:00
ab279eded3b3c52b,native_selected,23,1,101,pending_no_gpu_admission,,,,11450,2026-10-16T06:50:00-06:00
ab279eded3b3c52b,native_selected,23,1,211,pending_no_gpu_admission,,,,11450,2026-10-16T06:50:00-06:00
ab279eded3b3c52b,native_selected,23,1,307,pending_no_gpu_admission,,,,11450,2026-10-16T06:50:00-06:00
ab279eded3b3c52b,native_selected,23,4,101,pending_no_gpu_admission,,,,11450,2026-10-16T06:50:00-06:00
ab279eded3b3c52b,native_selected,23,4,211,pending_no_gpu_admission,,,,11450,2026-10-16T06:50:00-06:00
ab279eded3b3c52b,native_selected,23,4,307,pending_no_gpu_admission,,,,11450,2026-10-16T06:50:00-06:00
ab279eded3b3c52b,native_selected,37,1,101,pending_no_gpu_admission,,,,11460,2026-10-16T07:00:00-06:00
ab279eded3b3c52b,native_selected,37,1,211,pending_no_gpu_admission,,,,11460,2026-10-16T07:00:00-06:00
ab279eded3b3c52b,native_selected,37,1,307,pending_no_gpu_admission,,,,11460,2026-10-16T07:00:00-06:00
ab279eded3b3c52b,native_selected,37,4,101,pending_no_gpu_admission,,,,11460,2026-10-16T07:00:00-06:00
ab279eded3b3c52b,native_selected,37,4,211,pending_no_gpu_admission,,,,11460,2026-10-16T07:00:00-06:00
ab279eded3b3c52b,native_selected,37,4,307,pending_no_gpu_admission,,,,11460,2026-10-16T07:00:00-06:00
ab279eded3b3c52b,native_selected,53,1,101,pending_no_gpu_admission,,,,11470,2026-10-16T07:10:00-06:00
ab279eded3b3c52b,native_selected,53,1,211,pending_no_gpu_admission,,,,11470,2026-10-16T07:10:00-06:00
ab279eded3b3c52b,native_selected,53,1,307,pending_no_gpu_admission,,,,11470,2026-10-16T07:10:00-06:00
ab279eded3b3c52b,native_selected,53,4,101,pending_no_gpu_admission,,,,11470,2026-10-16T07:10:00-06:00
ab279eded3b3c52b,native_selected,53,4,211,pending_no_gpu_admission,,,,11470,2026-10-16T07:10:00-06:00
ab279eded3b3c52b,native_selected,53,4,307,pending_no_gpu_admission,,,,11470,2026-10-16T07:10:00-06:00
ab279eded3b3c52b,native_selected,71,1,101,pending_no_gpu_admission,,,,11480,2026-10-16T07:20:00-06:00
ab279eded3b3c52b,native_selected,71,1,211,pending_no_gpu_admission,,,,11480,2026-10-16T07:20:00-06:00
ab279eded3b3c52b,native_selected,71,1,307,pending_no_gpu_admission,,,,11480,2026-10-16T07:20:00-06:00
ab279eded3b3c52b,native_selected,71,4,101,pending_no_gpu_admission,,,,11480,2026-10-16T07:20:00-06:00
ab279eded3b3c52b,native_selected,71,4,211,pending_no_gpu_admission,,,,11480,2026-10-16T07:20:00-06:00
ab279eded3b3c52b,native_selected,71,4,307,pending_no_gpu_admission,,,,11480,2026-10-16T07:20:00-06:00
aebf5d861a8365b4,author_default,11,1,101,pending_no_gpu_admission,,,,11570,2026-10-16T08:50:00-06:00
aebf5d861a8365b4,author_default,11,1,211,pending_no_gpu_admission,,,,11570,2026-10-16T08:50:00-06:00
aebf5d861a8365b4,author_default,11,1,307,pending_no_gpu_admission,,,,11570,2026-10-16T08:50:00-06:00
aebf5d861a8365b4,author_default,11,4,101,pending_no_gpu_admission,,,,11570,2026-10-16T08:50:00-06:00
aebf5d861a8365b4,author_default,11,4,211,pending_no_gpu_admission,,,,11570,2026-10-16T08:50:00-06:00
aebf5d861a8365b4,author_default,11,4,307,pending_no_gpu_admission,,,,11570,2026-10-16T08:50:00-06:00
aebf5d861a8365b4,author_default,23,1,101,pending_no_gpu_admission,,,,11580,2026-10-16T09:00:00-06:00
aebf5d861a8365b4,author_default,23,1,211,pending_no_gpu_admission,,,,11580,2026-10-16T09:00:00-06:00
aebf5d861a8365b4,author_default,23,1,307,pending_no_gpu_admission,,,,11580,2026-10-16T09:00:00-06:00
aebf5d861a8365b4,author_default,23,4,101,pending_no_gpu_admission,,,,11580,2026-10-16T09:00:00-06:00
aebf5d861a8365b4,author_default,23,4,211,pending_no_gpu_admission,,,,11580,2026-10-16T09:00:00-06:00
aebf5d861a8365b4,author_default,23,4,307,pending_no_gpu_admission,,,,11580,2026-10-16T09:00:00-06:00
aebf5d861a8365b4,author_default,37,1,101,pending_no_gpu_admission,,,,11590,2026-10-16T09:10:00-06:00
aebf5d861a8365b4,author_default,37,1,211,pending_no_gpu_admission,,,,11590,2026-10-16T09:10:00-06:00
aebf5d861a8365b4,author_default,37,1,307,pending_no_gpu_admission,,,,11590,2026-10-16T09:10:00-06:00
aebf5d861a8365b4,author_default,37,4,101,pending_no_gpu_admission,,,,11590,2026-10-16T09:10:00-06:00
aebf5d861a8365b4,author_default,37,4,211,pending_no_gpu_admission,,,,11590,2026-10-16T09:10:00-06:00
aebf5d861a8365b4,author_default,37,4,307,pending_no_gpu_admission,,,,11590,2026-10-16T09:10:00-06:00
aebf5d861a8365b4,author_default,53,1,101,pending_no_gpu_admission,,,,11600,2026-10-16T09:20:00-06:00
aebf5d861a8365b4,author_default,53,1,211,pending_no_gpu_admission,,,,11600,2026-10-16T09:20:00-06:00
aebf5d861a8365b4,author_default,53,1,307,pending_no_gpu_admission,,,,11600,2026-10-16T09:20:00-06:00
aebf5d861a8365b4,author_default,53,4,101,pending_no_gpu_admission,,,,11600,2026-10-16T09:20:00-06:00
aebf5d861a8365b4,author_default,53,4,211,pending_no_gpu_admission,,,,11600,2026-10-16T09:20:00-06:00
aebf5d861a8365b4,author_default,53,4,307,pending_no_gpu_admission,,,,11600,2026-10-16T09:20:00-06:00
aebf5d861a8365b4,author_default,71,1,101,pending_no_gpu_admission,,,,11610,2026-10-16T09:30:00-06:00
aebf5d861a8365b4,author_default,71,1,211,pending_no_gpu_admission,,,,11610,2026-10-16T09:30:00-06:00
aebf5d861a8365b4,author_default,71,1,307,pending_no_gpu_admission,,,,11610,2026-10-16T09:30:00-06:00
aebf5d861a8365b4,author_default,71,4,101,pending_no_gpu_admission,,,,11610,2026-10-16T09:30:00-06:00
aebf5d861a8365b4,author_default,71,4,211,pending_no_gpu_admission,,,,11610,2026-10-16T09:30:00-06:00
aebf5d861a8365b4,author_default,71,4,307,pending_no_gpu_admission,,,,11610,2026-10-16T09:30:00-06:00
aebf5d861a8365b4,native_selected,11,1,101,pending_no_gpu_admission,,,,11560,2026-10-16T08:40:00-06:00
aebf5d861a8365b4,native_selected,11,1,211,pending_no_gpu_admission,,,,11560,2026-10-16T08:40:00-06:00
aebf5d861a8365b4,native_selected,11,1,307,pending_no_gpu_admission,,,,11560,2026-10-16T08:40:00-06:00
aebf5d861a8365b4,native_selected,11,4,101,pending_no_gpu_admission,,,,11560,2026-10-16T08:40:00-06:00
aebf5d861a8365b4,native_selected,11,4,211,pending_no_gpu_admission,,,,11560,2026-10-16T08:40:00-06:00
aebf5d861a8365b4,native_selected,11,4,307,pending_no_gpu_admission,,,,11560,2026-10-16T08:40:00-06:00
aebf5d861a8365b4,native_selected,23,1,101,pending_no_gpu_admission,,,,11620,2026-10-16T09:40:00-06:00
aebf5d861a8365b4,native_selected,23,1,211,pending_no_gpu_admission,,,,11620,2026-10-16T09:40:00-06:00
aebf5d861a8365b4,native_selected,23,1,307,pending_no_gpu_admission,,,,11620,2026-10-16T09:40:00-06:00
aebf5d861a8365b4,native_selected,23,4,101,pending_no_gpu_admission,,,,11620,2026-10-16T09:40:00-06:00
aebf5d861a8365b4,native_selected,23,4,211,pending_no_gpu_admission,,,,11620,2026-10-16T09:40:00-06:00
aebf5d861a8365b4,native_selected,23,4,307,pending_no_gpu_admission,,,,11620,2026-10-16T09:40:00-06:00
aebf5d861a8365b4,native_selected,37,1,101,pending_no_gpu_admission,,,,11630,2026-10-16T09:50:00-06:00
aebf5d861a8365b4,native_selected,37,1,211,pending_no_gpu_admission,,,,11630,2026-10-16T09:50:00-06:00
aebf5d861a8365b4,native_selected,37,1,307,pending_no_gpu_admission,,,,11630,2026-10-16T09:50:00-06:00
aebf5d861a8365b4,native_selected,37,4,101,pending_no_gpu_admission,,,,11630,2026-10-16T09:50:00-06:00
aebf5d861a8365b4,native_selected,37,4,211,pending_no_gpu_admission,,,,11630,2026-10-16T09:50:00-06:00
aebf5d861a8365b4,native_selected,37,4,307,pending_no_gpu_admission,,,,11630,2026-10-16T09:50:00-06:00
aebf5d861a8365b4,native_selected,53,1,101,pending_no_gpu_admission,,,,11640,2026-10-16T10:00:00-06:00
aebf5d861a8365b4,native_selected,53,1,211,pending_no_gpu_admission,,,,11640,2026-10-16T10:00:00-06:00
aebf5d861a8365b4,native_selected,53,1,307,pending_no_gpu_admission,,,,11640,2026-10-16T10:00:00-06:00
aebf5d861a8365b4,native_selected,53,4,101,pending_no_gpu_admission,,,,11640,2026-10-16T10:00:00-06:00
aebf5d861a8365b4,native_selected,53,4,211,pending_no_gpu_admission,,,,11640,2026-10-16T10:00:00-06:00
aebf5d861a8365b4,native_selected,53,4,307,pending_no_gpu_admission,,,,11640,2026-10-16T10:00:00-06:00
aebf5d861a8365b4,native_selected,71,1,101,pending_no_gpu_admission,,,,11650,2026-10-16T10:10:00-06:00
aebf5d861a8365b4,native_selected,71,1,211,pending_no_gpu_admission,,,,11650,2026-10-16T10:10:00-06:00
aebf5d861a8365b4,native_selected,71,1,307,pending_no_gpu_admission,,,,11650,2026-10-16T10:10:00-06:00
aebf5d861a8365b4,native_selected,71,4,101,pending_no_gpu_admission,,,,11650,2026-10-16T10:10:00-06:00
aebf5d861a8365b4,native_selected,71,4,211,pending_no_gpu_admission,,,,11650,2026-10-16T10:10:00-06:00
aebf5d861a8365b4,native_selected,71,4,307,pending_no_gpu_admission,,,,11650,2026-10-16T10:10:00-06:00
b6adf79118a58cea,author_default,11,1,101,pending_no_gpu_admission,,,,11740,2026-10-16T11:40:00-06:00
b6adf79118a58cea,author_default,11,1,211,pending_no_gpu_admission,,,,11740,2026-10-16T11:40:00-06:00
b6adf79118a58cea,author_default,11,1,307,pending_no_gpu_admission,,,,11740,2026-10-16T11:40:00-06:00
b6adf79118a58cea,author_default,11,4,101,pending_no_gpu_admission,,,,11740,2026-10-16T11:40:00-06:00
b6adf79118a58cea,author_default,11,4,211,pending_no_gpu_admission,,,,11740,2026-10-16T11:40:00-06:00
b6adf79118a58cea,author_default,11,4,307,pending_no_gpu_admission,,,,11740,2026-10-16T11:40:00-06:00
b6adf79118a58cea,author_default,23,1,101,pending_no_gpu_admission,,,,11750,2026-10-16T11:50:00-06:00
b6adf79118a58cea,author_default,23,1,211,pending_no_gpu_admission,,,,11750,2026-10-16T11:50:00-06:00
b6adf79118a58cea,author_default,23,1,307,pending_no_gpu_admission,,,,11750,2026-10-16T11:50:00-06:00
b6adf79118a58cea,author_default,23,4,101,pending_no_gpu_admission,,,,11750,2026-10-16T11:50:00-06:00
b6adf79118a58cea,author_default,23,4,211,pending_no_gpu_admission,,,,11750,2026-10-16T11:50:00-06:00
b6adf79118a58cea,author_default,23,4,307,pending_no_gpu_admission,,,,11750,2026-10-16T11:50:00-06:00
b6adf79118a58cea,author_default,37,1,101,pending_no_gpu_admission,,,,11760,2026-10-16T12:00:00-06:00
b6adf79118a58cea,author_default,37,1,211,pending_no_gpu_admission,,,,11760,2026-10-16T12:00:00-06:00
b6adf79118a58cea,author_default,37,1,307,pending_no_gpu_admission,,,,11760,2026-10-16T12:00:00-06:00
b6adf79118a58cea,author_default,37,4,101,pending_no_gpu_admission,,,,11760,2026-10-16T12:00:00-06:00
b6adf79118a58cea,author_default,37,4,211,pending_no_gpu_admission,,,,11760,2026-10-16T12:00:00-06:00
b6adf79118a58cea,author_default,37,4,307,pending_no_gpu_admission,,,,11760,2026-10-16T12:00:00-06:00
b6adf79118a58cea,author_default,53,1,101,pending_no_gpu_admission,,,,11770,2026-10-16T12:10:00-06:00
b6adf79118a58cea,author_default,53,1,211,pending_no_gpu_admission,,,,11770,2026-10-16T12:10:00-06:00
b6adf79118a58cea,author_default,53,1,307,pending_no_gpu_admission,,,,11770,2026-10-16T12:10:00-06:00
b6adf79118a58cea,author_default,53,4,101,pending_no_gpu_admission,,,,11770,2026-10-16T12:10:00-06:00
b6adf79118a58cea,author_default,53,4,211,pending_no_gpu_admission,,,,11770,2026-10-16T12:10:00-06:00
b6adf79118a58cea,author_default,53,4,307,pending_no_gpu_admission,,,,11770,2026-10-16T12:10:00-06:00
b6adf79118a58cea,author_default,71,1,101,pending_no_gpu_admission,,,,11780,2026-10-16T12:20:00-06:00
b6adf79118a58cea,author_default,71,1,211,pending_no_gpu_admission,,,,11780,2026-10-16T12:20:00-06:00
b6adf79118a58cea,author_default,71,1,307,pending_no_gpu_admission,,,,11780,2026-10-16T12:20:00-06:00
b6adf79118a58cea,author_default,71,4,101,pending_no_gpu_admission,,,,11780,2026-10-16T12:20:00-06:00
b6adf79118a58cea,author_default,71,4,211,pending_no_gpu_admission,,,,11780,2026-10-16T12:20:00-06:00
b6adf79118a58cea,author_default,71,4,307,pending_no_gpu_admission,,,,11780,2026-10-16T12:20:00-06:00
b6adf79118a58cea,native_selected,11,1,101,pending_no_gpu_admission,,,,11730,2026-10-16T11:30:00-06:00
b6adf79118a58cea,native_selected,11,1,211,pending_no_gpu_admission,,,,11730,2026-10-16T11:30:00-06:00
b6adf79118a58cea,native_selected,11,1,307,pending_no_gpu_admission,,,,11730,2026-10-16T11:30:00-06:00
b6adf79118a58cea,native_selected,11,4,101,pending_no_gpu_admission,,,,11730,2026-10-16T11:30:00-06:00
b6adf79118a58cea,native_selected,11,4,211,pending_no_gpu_admission,,,,11730,2026-10-16T11:30:00-06:00
b6adf79118a58cea,native_selected,11,4,307,pending_no_gpu_admission,,,,11730,2026-10-16T11:30:00-06:00
b6adf79118a58cea,native_selected,23,1,101,pending_no_gpu_admission,,,,11790,2026-10-16T12:30:00-06:00
b6adf79118a58cea,native_selected,23,1,211,pending_no_gpu_admission,,,,11790,2026-10-16T12:30:00-06:00
b6adf79118a58cea,native_selected,23,1,307,pending_no_gpu_admission,,,,11790,2026-10-16T12:30:00-06:00
b6adf79118a58cea,native_selected,23,4,101,pending_no_gpu_admission,,,,11790,2026-10-16T12:30:00-06:00
b6adf79118a58cea,native_selected,23,4,211,pending_no_gpu_admission,,,,11790,2026-10-16T12:30:00-06:00
b6adf79118a58cea,native_selected,23,4,307,pending_no_gpu_admission,,,,11790,2026-10-16T12:30:00-06:00
b6adf79118a58cea,native_selected,37,1,101,pending_no_gpu_admission,,,,11800,2026-10-16T12:40:00-06:00
b6adf79118a58cea,native_selected,37,1,211,pending_no_gpu_admission,,,,11800,2026-10-16T12:40:00-06:00
b6adf79118a58cea,native_selected,37,1,307,pending_no_gpu_admission,,,,11800,2026-10-16T12:40:00-06:00
b6adf79118a58cea,native_selected,37,4,101,pending_no_gpu_admission,,,,11800,2026-10-16T12:40:00-06:00
b6adf79118a58cea,native_selected,37,4,211,pending_no_gpu_admission,,,,11800,2026-10-16T12:40:00-06:00
b6adf79118a58cea,native_selected,37,4,307,pending_no_gpu_admission,,,,11800,2026-10-16T12:40:00-06:00
b6adf79118a58cea,native_selected,53,1,101,pending_no_gpu_admission,,,,11810,2026-10-16T12:50:00-06:00
b6adf79118a58cea,native_selected,53,1,211,pending_no_gpu_admission,,,,11810,2026-10-16T12:50:00-06:00
b6adf79118a58cea,native_selected,53,1,307,pending_no_gpu_admission,,,,11810,2026-10-16T12:50:00-06:00
b6adf79118a58cea,native_selected,53,4,101,pending_no_gpu_admission,,,,11810,2026-10-16T12:50:00-06:00
b6adf79118a58cea,native_selected,53,4,211,pending_no_gpu_admission,,,,11810,2026-10-16T12:50:00-06:00
b6adf79118a58cea,native_selected,53,4,307,pending_no_gpu_admission,,,,11810,2026-10-16T12:50:00-06:00
b6adf79118a58cea,native_selected,71,1,101,pending_no_gpu_admission,,,,11820,2026-10-16T13:00:00-06:00
b6adf79118a58cea,native_selected,71,1,211,pending_no_gpu_admission,,,,11820,2026-10-16T13:00:00-06:00
b6adf79118a58cea,native_selected,71,1,307,pending_no_gpu_admission,,,,11820,2026-10-16T13:00:00-06:00
b6adf79118a58cea,native_selected,71,4,101,pending_no_gpu_admission,,,,11820,2026-10-16T13:00:00-06:00
b6adf79118a58cea,native_selected,71,4,211,pending_no_gpu_admission,,,,11820,2026-10-16T13:00:00-06:00
b6adf79118a58cea,native_selected,71,4,307,pending_no_gpu_admission,,,,11820,2026-10-16T13:00:00-06:00
b78d323566930bd7,author_default,11,1,101,pending_no_gpu_admission,,,,11910,2026-10-16T14:30:00-06:00
b78d323566930bd7,author_default,11,1,211,pending_no_gpu_admission,,,,11910,2026-10-16T14:30:00-06:00
b78d323566930bd7,author_default,11,1,307,pending_no_gpu_admission,,,,11910,2026-10-16T14:30:00-06:00
b78d323566930bd7,author_default,11,4,101,pending_no_gpu_admission,,,,11910,2026-10-16T14:30:00-06:00
b78d323566930bd7,author_default,11,4,211,pending_no_gpu_admission,,,,11910,2026-10-16T14:30:00-06:00
b78d323566930bd7,author_default,11,4,307,pending_no_gpu_admission,,,,11910,2026-10-16T14:30:00-06:00
b78d323566930bd7,author_default,23,1,101,pending_no_gpu_admission,,,,11920,2026-10-16T14:40:00-06:00
b78d323566930bd7,author_default,23,1,211,pending_no_gpu_admission,,,,11920,2026-10-16T14:40:00-06:00
b78d323566930bd7,author_default,23,1,307,pending_no_gpu_admission,,,,11920,2026-10-16T14:40:00-06:00
b78d323566930bd7,author_default,23,4,101,pending_no_gpu_admission,,,,11920,2026-10-16T14:40:00-06:00
b78d323566930bd7,author_default,23,4,211,pending_no_gpu_admission,,,,11920,2026-10-16T14:40:00-06:00
b78d323566930bd7,author_default,23,4,307,pending_no_gpu_admission,,,,11920,2026-10-16T14:40:00-06:00
b78d323566930bd7,author_default,37,1,101,pending_no_gpu_admission,,,,11930,2026-10-16T14:50:00-06:00
b78d323566930bd7,author_default,37,1,211,pending_no_gpu_admission,,,,11930,2026-10-16T14:50:00-06:00
b78d323566930bd7,author_default,37,1,307,pending_no_gpu_admission,,,,11930,2026-10-16T14:50:00-06:00
b78d323566930bd7,author_default,37,4,101,pending_no_gpu_admission,,,,11930,2026-10-16T14:50:00-06:00
b78d323566930bd7,author_default,37,4,211,pending_no_gpu_admission,,,,11930,2026-10-16T14:50:00-06:00
b78d323566930bd7,author_default,37,4,307,pending_no_gpu_admission,,,,11930,2026-10-16T14:50:00-06:00
b78d323566930bd7,author_default,53,1,101,pending_no_gpu_admission,,,,11940,2026-10-16T15:00:00-06:00
b78d323566930bd7,author_default,53,1,211,pending_no_gpu_admission,,,,11940,2026-10-16T15:00:00-06:00
b78d323566930bd7,author_default,53,1,307,pending_no_gpu_admission,,,,11940,2026-10-16T15:00:00-06:00
b78d323566930bd7,author_default,53,4,101,pending_no_gpu_admission,,,,11940,2026-10-16T15:00:00-06:00
b78d323566930bd7,author_default,53,4,211,pending_no_gpu_admission,,,,11940,2026-10-16T15:00:00-06:00
b78d323566930bd7,author_default,53,4,307,pending_no_gpu_admission,,,,11940,2026-10-16T15:00:00-06:00
b78d323566930bd7,author_default,71,1,101,pending_no_gpu_admission,,,,11950,2026-10-16T15:10:00-06:00
b78d323566930bd7,author_default,71,1,211,pending_no_gpu_admission,,,,11950,2026-10-16T15:10:00-06:00
b78d323566930bd7,author_default,71,1,307,pending_no_gpu_admission,,,,11950,2026-10-16T15:10:00-06:00
b78d323566930bd7,author_default,71,4,101,pending_no_gpu_admission,,,,11950,2026-10-16T15:10:00-06:00
b78d323566930bd7,author_default,71,4,211,pending_no_gpu_admission,,,,11950,2026-10-16T15:10:00-06:00
b78d323566930bd7,author_default,71,4,307,pending_no_gpu_admission,,,,11950,2026-10-16T15:10:00-06:00
b78d323566930bd7,native_selected,11,1,101,pending_no_gpu_admission,,,,11900,2026-10-16T14:20:00-06:00
b78d323566930bd7,native_selected,11,1,211,pending_no_gpu_admission,,,,11900,2026-10-16T14:20:00-06:00
b78d323566930bd7,native_selected,11,1,307,pending_no_gpu_admission,,,,11900,2026-10-16T14:20:00-06:00
b78d323566930bd7,native_selected,11,4,101,pending_no_gpu_admission,,,,11900,2026-10-16T14:20:00-06:00
b78d323566930bd7,native_selected,11,4,211,pending_no_gpu_admission,,,,11900,2026-10-16T14:20:00-06:00
b78d323566930bd7,native_selected,11,4,307,pending_no_gpu_admission,,,,11900,2026-10-16T14:20:00-06:00
b78d323566930bd7,native_selected,23,1,101,pending_no_gpu_admission,,,,11960,2026-10-16T15:20:00-06:00
b78d323566930bd7,native_selected,23,1,211,pending_no_gpu_admission,,,,11960,2026-10-16T15:20:00-06:00
b78d323566930bd7,native_selected,23,1,307,pending_no_gpu_admission,,,,11960,2026-10-16T15:20:00-06:00
b78d323566930bd7,native_selected,23,4,101,pending_no_gpu_admission,,,,11960,2026-10-16T15:20:00-06:00
b78d323566930bd7,native_selected,23,4,211,pending_no_gpu_admission,,,,11960,2026-10-16T15:20:00-06:00
b78d323566930bd7,native_selected,23,4,307,pending_no_gpu_admission,,,,11960,2026-10-16T15:20:00-06:00
b78d323566930bd7,native_selected,37,1,101,pending_no_gpu_admission,,,,11970,2026-10-16T15:30:00-06:00
b78d323566930bd7,native_selected,37,1,211,pending_no_gpu_admission,,,,11970,2026-10-16T15:30:00-06:00
b78d323566930bd7,native_selected,37,1,307,pending_no_gpu_admission,,,,11970,2026-10-16T15:30:00-06:00
b78d323566930bd7,native_selected,37,4,101,pending_no_gpu_admission,,,,11970,2026-10-16T15:30:00-06:00
b78d323566930bd7,native_selected,37,4,211,pending_no_gpu_admission,,,,11970,2026-10-16T15:30:00-06:00
b78d323566930bd7,native_selected,37,4,307,pending_no_gpu_admission,,,,11970,2026-10-16T15:30:00-06:00
b78d323566930bd7,native_selected,53,1,101,pending_no_gpu_admission,,,,11980,2026-10-16T15:40:00-06:00
b78d323566930bd7,native_selected,53,1,211,pending_no_gpu_admission,,,,11980,2026-10-16T15:40:00-06:00
b78d323566930bd7,native_selected,53,1,307,pending_no_gpu_admission,,,,11980,2026-10-16T15:40:00-06:00
b78d323566930bd7,native_selected,53,4,101,pending_no_gpu_admission,,,,11980,2026-10-16T15:40:00-06:00
b78d323566930bd7,native_selected,53,4,211,pending_no_gpu_admission,,,,11980,2026-10-16T15:40:00-06:00
b78d323566930bd7,native_selected,53,4,307,pending_no_gpu_admission,,,,11980,2026-10-16T15:40:00-06:00
b78d323566930bd7,native_selected,71,1,101,pending_no_gpu_admission,,,,11990,2026-10-16T15:50:00-06:00
b78d323566930bd7,native_selected,71,1,211,pending_no_gpu_admission,,,,11990,2026-10-16T15:50:00-06:00
b78d323566930bd7,native_selected,71,1,307,pending_no_gpu_admission,,,,11990,2026-10-16T15:50:00-06:00
b78d323566930bd7,native_selected,71,4,101,pending_no_gpu_admission,,,,11990,2026-10-16T15:50:00-06:00
b78d323566930bd7,native_selected,71,4,211,pending_no_gpu_admission,,,,11990,2026-10-16T15:50:00-06:00
b78d323566930bd7,native_selected,71,4,307,pending_no_gpu_admission,,,,11990,2026-10-16T15:50:00-06:00
b7f9774e2142a758,author_default,11,1,101,pending_no_gpu_admission,,,,12080,2026-10-16T17:20:00-06:00
b7f9774e2142a758,author_default,11,1,211,pending_no_gpu_admission,,,,12080,2026-10-16T17:20:00-06:00
b7f9774e2142a758,author_default,11,1,307,pending_no_gpu_admission,,,,12080,2026-10-16T17:20:00-06:00
b7f9774e2142a758,author_default,11,4,101,pending_no_gpu_admission,,,,12080,2026-10-16T17:20:00-06:00
b7f9774e2142a758,author_default,11,4,211,pending_no_gpu_admission,,,,12080,2026-10-16T17:20:00-06:00
b7f9774e2142a758,author_default,11,4,307,pending_no_gpu_admission,,,,12080,2026-10-16T17:20:00-06:00
b7f9774e2142a758,author_default,23,1,101,pending_no_gpu_admission,,,,12090,2026-10-16T17:30:00-06:00
b7f9774e2142a758,author_default,23,1,211,pending_no_gpu_admission,,,,12090,2026-10-16T17:30:00-06:00
b7f9774e2142a758,author_default,23,1,307,pending_no_gpu_admission,,,,12090,2026-10-16T17:30:00-06:00
b7f9774e2142a758,author_default,23,4,101,pending_no_gpu_admission,,,,12090,2026-10-16T17:30:00-06:00
b7f9774e2142a758,author_default,23,4,211,pending_no_gpu_admission,,,,12090,2026-10-16T17:30:00-06:00
b7f9774e2142a758,author_default,23,4,307,pending_no_gpu_admission,,,,12090,2026-10-16T17:30:00-06:00
b7f9774e2142a758,author_default,37,1,101,pending_no_gpu_admission,,,,12100,2026-10-16T17:40:00-06:00
b7f9774e2142a758,author_default,37,1,211,pending_no_gpu_admission,,,,12100,2026-10-16T17:40:00-06:00
b7f9774e2142a758,author_default,37,1,307,pending_no_gpu_admission,,,,12100,2026-10-16T17:40:00-06:00
b7f9774e2142a758,author_default,37,4,101,pending_no_gpu_admission,,,,12100,2026-10-16T17:40:00-06:00
b7f9774e2142a758,author_default,37,4,211,pending_no_gpu_admission,,,,12100,2026-10-16T17:40:00-06:00
b7f9774e2142a758,author_default,37,4,307,pending_no_gpu_admission,,,,12100,2026-10-16T17:40:00-06:00
b7f9774e2142a758,author_default,53,1,101,pending_no_gpu_admission,,,,12110,2026-10-16T17:50:00-06:00
b7f9774e2142a758,author_default,53,1,211,pending_no_gpu_admission,,,,12110,2026-10-16T17:50:00-06:00
b7f9774e2142a758,author_default,53,1,307,pending_no_gpu_admission,,,,12110,2026-10-16T17:50:00-06:00
b7f9774e2142a758,author_default,53,4,101,pending_no_gpu_admission,,,,12110,2026-10-16T17:50:00-06:00
b7f9774e2142a758,author_default,53,4,211,pending_no_gpu_admission,,,,12110,2026-10-16T17:50:00-06:00
b7f9774e2142a758,author_default,53,4,307,pending_no_gpu_admission,,,,12110,2026-10-16T17:50:00-06:00
b7f9774e2142a758,author_default,71,1,101,pending_no_gpu_admission,,,,12120,2026-10-16T18:00:00-06:00
b7f9774e2142a758,author_default,71,1,211,pending_no_gpu_admission,,,,12120,2026-10-16T18:00:00-06:00
b7f9774e2142a758,author_default,71,1,307,pending_no_gpu_admission,,,,12120,2026-10-16T18:00:00-06:00
b7f9774e2142a758,author_default,71,4,101,pending_no_gpu_admission,,,,12120,2026-10-16T18:00:00-06:00
b7f9774e2142a758,author_default,71,4,211,pending_no_gpu_admission,,,,12120,2026-10-16T18:00:00-06:00
b7f9774e2142a758,author_default,71,4,307,pending_no_gpu_admission,,,,12120,2026-10-16T18:00:00-06:00
b7f9774e2142a758,native_selected,11,1,101,pending_no_gpu_admission,,,,12070,2026-10-16T17:10:00-06:00
b7f9774e2142a758,native_selected,11,1,211,pending_no_gpu_admission,,,,12070,2026-10-16T17:10:00-06:00
b7f9774e2142a758,native_selected,11,1,307,pending_no_gpu_admission,,,,12070,2026-10-16T17:10:00-06:00
b7f9774e2142a758,native_selected,11,4,101,pending_no_gpu_admission,,,,12070,2026-10-16T17:10:00-06:00
b7f9774e2142a758,native_selected,11,4,211,pending_no_gpu_admission,,,,12070,2026-10-16T17:10:00-06:00
b7f9774e2142a758,native_selected,11,4,307,pending_no_gpu_admission,,,,12070,2026-10-16T17:10:00-06:00
b7f9774e2142a758,native_selected,23,1,101,pending_no_gpu_admission,,,,12130,2026-10-16T18:10:00-06:00
b7f9774e2142a758,native_selected,23,1,211,pending_no_gpu_admission,,,,12130,2026-10-16T18:10:00-06:00
b7f9774e2142a758,native_selected,23,1,307,pending_no_gpu_admission,,,,12130,2026-10-16T18:10:00-06:00
b7f9774e2142a758,native_selected,23,4,101,pending_no_gpu_admission,,,,12130,2026-10-16T18:10:00-06:00
b7f9774e2142a758,native_selected,23,4,211,pending_no_gpu_admission,,,,12130,2026-10-16T18:10:00-06:00
b7f9774e2142a758,native_selected,23,4,307,pending_no_gpu_admission,,,,12130,2026-10-16T18:10:00-06:00
b7f9774e2142a758,native_selected,37,1,101,pending_no_gpu_admission,,,,12140,2026-10-16T18:20:00-06:00
b7f9774e2142a758,native_selected,37,1,211,pending_no_gpu_admission,,,,12140,2026-10-16T18:20:00-06:00
b7f9774e2142a758,native_selected,37,1,307,pending_no_gpu_admission,,,,12140,2026-10-16T18:20:00-06:00
b7f9774e2142a758,native_selected,37,4,101,pending_no_gpu_admission,,,,12140,2026-10-16T18:20:00-06:00
b7f9774e2142a758,native_selected,37,4,211,pending_no_gpu_admission,,,,12140,2026-10-16T18:20:00-06:00
b7f9774e2142a758,native_selected,37,4,307,pending_no_gpu_admission,,,,12140,2026-10-16T18:20:00-06:00
b7f9774e2142a758,native_selected,53,1,101,pending_no_gpu_admission,,,,12150,2026-10-16T18:30:00-06:00
b7f9774e2142a758,native_selected,53,1,211,pending_no_gpu_admission,,,,12150,2026-10-16T18:30:00-06:00
b7f9774e2142a758,native_selected,53,1,307,pending_no_gpu_admission,,,,12150,2026-10-16T18:30:00-06:00
b7f9774e2142a758,native_selected,53,4,101,pending_no_gpu_admission,,,,12150,2026-10-16T18:30:00-06:00
b7f9774e2142a758,native_selected,53,4,211,pending_no_gpu_admission,,,,12150,2026-10-16T18:30:00-06:00
b7f9774e2142a758,native_selected,53,4,307,pending_no_gpu_admission,,,,12150,2026-10-16T18:30:00-06:00
b7f9774e2142a758,native_selected,71,1,101,pending_no_gpu_admission,,,,12160,2026-10-16T18:40:00-06:00
b7f9774e2142a758,native_selected,71,1,211,pending_no_gpu_admission,,,,12160,2026-10-16T18:40:00-06:00
b7f9774e2142a758,native_selected,71,1,307,pending_no_gpu_admission,,,,12160,2026-10-16T18:40:00-06:00
b7f9774e2142a758,native_selected,71,4,101,pending_no_gpu_admission,,,,12160,2026-10-16T18:40:00-06:00
b7f9774e2142a758,native_selected,71,4,211,pending_no_gpu_admission,,,,12160,2026-10-16T18:40:00-06:00
b7f9774e2142a758,native_selected,71,4,307,pending_no_gpu_admission,,,,12160,2026-10-16T18:40:00-06:00
bc85856c012bcc1b,author_default,11,1,101,pending_no_gpu_admission,,,,12250,2026-10-16T20:10:00-06:00
bc85856c012bcc1b,author_default,11,1,211,pending_no_gpu_admission,,,,12250,2026-10-16T20:10:00-06:00
bc85856c012bcc1b,author_default,11,1,307,pending_no_gpu_admission,,,,12250,2026-10-16T20:10:00-06:00
bc85856c012bcc1b,author_default,11,4,101,pending_no_gpu_admission,,,,12250,2026-10-16T20:10:00-06:00
bc85856c012bcc1b,author_default,11,4,211,pending_no_gpu_admission,,,,12250,2026-10-16T20:10:00-06:00
bc85856c012bcc1b,author_default,11,4,307,pending_no_gpu_admission,,,,12250,2026-10-16T20:10:00-06:00
bc85856c012bcc1b,author_default,23,1,101,pending_no_gpu_admission,,,,12260,2026-10-16T20:20:00-06:00
bc85856c012bcc1b,author_default,23,1,211,pending_no_gpu_admission,,,,12260,2026-10-16T20:20:00-06:00
bc85856c012bcc1b,author_default,23,1,307,pending_no_gpu_admission,,,,12260,2026-10-16T20:20:00-06:00
bc85856c012bcc1b,author_default,23,4,101,pending_no_gpu_admission,,,,12260,2026-10-16T20:20:00-06:00
bc85856c012bcc1b,author_default,23,4,211,pending_no_gpu_admission,,,,12260,2026-10-16T20:20:00-06:00
bc85856c012bcc1b,author_default,23,4,307,pending_no_gpu_admission,,,,12260,2026-10-16T20:20:00-06:00
bc85856c012bcc1b,author_default,37,1,101,pending_no_gpu_admission,,,,12270,2026-10-16T20:30:00-06:00
bc85856c012bcc1b,author_default,37,1,211,pending_no_gpu_admission,,,,12270,2026-10-16T20:30:00-06:00
bc85856c012bcc1b,author_default,37,1,307,pending_no_gpu_admission,,,,12270,2026-10-16T20:30:00-06:00
bc85856c012bcc1b,author_default,37,4,101,pending_no_gpu_admission,,,,12270,2026-10-16T20:30:00-06:00
bc85856c012bcc1b,author_default,37,4,211,pending_no_gpu_admission,,,,12270,2026-10-16T20:30:00-06:00
bc85856c012bcc1b,author_default,37,4,307,pending_no_gpu_admission,,,,12270,2026-10-16T20:30:00-06:00
bc85856c012bcc1b,author_default,53,1,101,pending_no_gpu_admission,,,,12280,2026-10-16T20:40:00-06:00
bc85856c012bcc1b,author_default,53,1,211,pending_no_gpu_admission,,,,12280,2026-10-16T20:40:00-06:00
bc85856c012bcc1b,author_default,53,1,307,pending_no_gpu_admission,,,,12280,2026-10-16T20:40:00-06:00
bc85856c012bcc1b,author_default,53,4,101,pending_no_gpu_admission,,,,12280,2026-10-16T20:40:00-06:00
bc85856c012bcc1b,author_default,53,4,211,pending_no_gpu_admission,,,,12280,2026-10-16T20:40:00-06:00
bc85856c012bcc1b,author_default,53,4,307,pending_no_gpu_admission,,,,12280,2026-10-16T20:40:00-06:00
bc85856c012bcc1b,author_default,71,1,101,pending_no_gpu_admission,,,,12290,2026-10-16T20:50:00-06:00
bc85856c012bcc1b,author_default,71,1,211,pending_no_gpu_admission,,,,12290,2026-10-16T20:50:00-06:00
bc85856c012bcc1b,author_default,71,1,307,pending_no_gpu_admission,,,,12290,2026-10-16T20:50:00-06:00
bc85856c012bcc1b,author_default,71,4,101,pending_no_gpu_admission,,,,12290,2026-10-16T20:50:00-06:00
bc85856c012bcc1b,author_default,71,4,211,pending_no_gpu_admission,,,,12290,2026-10-16T20:50:00-06:00
bc85856c012bcc1b,author_default,71,4,307,pending_no_gpu_admission,,,,12290,2026-10-16T20:50:00-06:00
bc85856c012bcc1b,native_selected,11,1,101,pending_no_gpu_admission,,,,12240,2026-10-16T20:00:00-06:00
bc85856c012bcc1b,native_selected,11,1,211,pending_no_gpu_admission,,,,12240,2026-10-16T20:00:00-06:00
bc85856c012bcc1b,native_selected,11,1,307,pending_no_gpu_admission,,,,12240,2026-10-16T20:00:00-06:00
bc85856c012bcc1b,native_selected,11,4,101,pending_no_gpu_admission,,,,12240,2026-10-16T20:00:00-06:00
bc85856c012bcc1b,native_selected,11,4,211,pending_no_gpu_admission,,,,12240,2026-10-16T20:00:00-06:00
bc85856c012bcc1b,native_selected,11,4,307,pending_no_gpu_admission,,,,12240,2026-10-16T20:00:00-06:00
bc85856c012bcc1b,native_selected,23,1,101,pending_no_gpu_admission,,,,12300,2026-10-16T21:00:00-06:00
bc85856c012bcc1b,native_selected,23,1,211,pending_no_gpu_admission,,,,12300,2026-10-16T21:00:00-06:00
bc85856c012bcc1b,native_selected,23,1,307,pending_no_gpu_admission,,,,12300,2026-10-16T21:00:00-06:00
bc85856c012bcc1b,native_selected,23,4,101,pending_no_gpu_admission,,,,12300,2026-10-16T21:00:00-06:00
bc85856c012bcc1b,native_selected,23,4,211,pending_no_gpu_admission,,,,12300,2026-10-16T21:00:00-06:00
bc85856c012bcc1b,native_selected,23,4,307,pending_no_gpu_admission,,,,12300,2026-10-16T21:00:00-06:00
bc85856c012bcc1b,native_selected,37,1,101,pending_no_gpu_admission,,,,12310,2026-10-16T21:10:00-06:00
bc85856c012bcc1b,native_selected,37,1,211,pending_no_gpu_admission,,,,12310,2026-10-16T21:10:00-06:00
bc85856c012bcc1b,native_selected,37,1,307,pending_no_gpu_admission,,,,12310,2026-10-16T21:10:00-06:00
bc85856c012bcc1b,native_selected,37,4,101,pending_no_gpu_admission,,,,12310,2026-10-16T21:10:00-06:00
bc85856c012bcc1b,native_selected,37,4,211,pending_no_gpu_admission,,,,12310,2026-10-16T21:10:00-06:00
bc85856c012bcc1b,native_selected,37,4,307,pending_no_gpu_admission,,,,12310,2026-10-16T21:10:00-06:00
bc85856c012bcc1b,native_selected,53,1,101,pending_no_gpu_admission,,,,12320,2026-10-16T21:20:00-06:00
bc85856c012bcc1b,native_selected,53,1,211,pending_no_gpu_admission,,,,12320,2026-10-16T21:20:00-06:00
bc85856c012bcc1b,native_selected,53,1,307,pending_no_gpu_admission,,,,12320,2026-10-16T21:20:00-06:00
bc85856c012bcc1b,native_selected,53,4,101,pending_no_gpu_admission,,,,12320,2026-10-16T21:20:00-06:00
bc85856c012bcc1b,native_selected,53,4,211,pending_no_gpu_admission,,,,12320,2026-10-16T21:20:00-06:00
bc85856c012bcc1b,native_selected,53,4,307,pending_no_gpu_admission,,,,12320,2026-10-16T21:20:00-06:00
bc85856c012bcc1b,native_selected,71,1,101,pending_no_gpu_admission,,,,12330,2026-10-16T21:30:00-06:00
bc85856c012bcc1b,native_selected,71,1,211,pending_no_gpu_admission,,,,12330,2026-10-16T21:30:00-06:00
bc85856c012bcc1b,native_selected,71,1,307,pending_no_gpu_admission,,,,12330,2026-10-16T21:30:00-06:00
bc85856c012bcc1b,native_selected,71,4,101,pending_no_gpu_admission,,,,12330,2026-10-16T21:30:00-06:00
bc85856c012bcc1b,native_selected,71,4,211,pending_no_gpu_admission,,,,12330,2026-10-16T21:30:00-06:00
bc85856c012bcc1b,native_selected,71,4,307,pending_no_gpu_admission,,,,12330,2026-10-16T21:30:00-06:00
c107ee39eb333a9d,author_default,11,1,101,pending_no_gpu_admission,,,,12420,2026-10-16T23:00:00-06:00
c107ee39eb333a9d,author_default,11,1,211,pending_no_gpu_admission,,,,12420,2026-10-16T23:00:00-06:00
c107ee39eb333a9d,author_default,11,1,307,pending_no_gpu_admission,,,,12420,2026-10-16T23:00:00-06:00
c107ee39eb333a9d,author_default,11,4,101,pending_no_gpu_admission,,,,12420,2026-10-16T23:00:00-06:00
c107ee39eb333a9d,author_default,11,4,211,pending_no_gpu_admission,,,,12420,2026-10-16T23:00:00-06:00
c107ee39eb333a9d,author_default,11,4,307,pending_no_gpu_admission,,,,12420,2026-10-16T23:00:00-06:00
c107ee39eb333a9d,author_default,23,1,101,pending_no_gpu_admission,,,,12430,2026-10-16T23:10:00-06:00
c107ee39eb333a9d,author_default,23,1,211,pending_no_gpu_admission,,,,12430,2026-10-16T23:10:00-06:00
c107ee39eb333a9d,author_default,23,1,307,pending_no_gpu_admission,,,,12430,2026-10-16T23:10:00-06:00
c107ee39eb333a9d,author_default,23,4,101,pending_no_gpu_admission,,,,12430,2026-10-16T23:10:00-06:00
c107ee39eb333a9d,author_default,23,4,211,pending_no_gpu_admission,,,,12430,2026-10-16T23:10:00-06:00
c107ee39eb333a9d,author_default,23,4,307,pending_no_gpu_admission,,,,12430,2026-10-16T23:10:00-06:00
c107ee39eb333a9d,author_default,37,1,101,pending_no_gpu_admission,,,,12440,2026-10-16T23:20:00-06:00
c107ee39eb333a9d,author_default,37,1,211,pending_no_gpu_admission,,,,12440,2026-10-16T23:20:00-06:00
c107ee39eb333a9d,author_default,37,1,307,pending_no_gpu_admission,,,,12440,2026-10-16T23:20:00-06:00
c107ee39eb333a9d,author_default,37,4,101,pending_no_gpu_admission,,,,12440,2026-10-16T23:20:00-06:00
c107ee39eb333a9d,author_default,37,4,211,pending_no_gpu_admission,,,,12440,2026-10-16T23:20:00-06:00
c107ee39eb333a9d,author_default,37,4,307,pending_no_gpu_admission,,,,12440,2026-10-16T23:20:00-06:00
c107ee39eb333a9d,author_default,53,1,101,pending_no_gpu_admission,,,,12450,2026-10-16T23:30:00-06:00
c107ee39eb333a9d,author_default,53,1,211,pending_no_gpu_admission,,,,12450,2026-10-16T23:30:00-06:00
c107ee39eb333a9d,author_default,53,1,307,pending_no_gpu_admission,,,,12450,2026-10-16T23:30:00-06:00
c107ee39eb333a9d,author_default,53,4,101,pending_no_gpu_admission,,,,12450,2026-10-16T23:30:00-06:00
c107ee39eb333a9d,author_default,53,4,211,pending_no_gpu_admission,,,,12450,2026-10-16T23:30:00-06:00
c107ee39eb333a9d,author_default,53,4,307,pending_no_gpu_admission,,,,12450,2026-10-16T23:30:00-06:00
c107ee39eb333a9d,author_default,71,1,101,pending_no_gpu_admission,,,,12460,2026-10-16T23:40:00-06:00
c107ee39eb333a9d,author_default,71,1,211,pending_no_gpu_admission,,,,12460,2026-10-16T23:40:00-06:00
c107ee39eb333a9d,author_default,71,1,307,pending_no_gpu_admission,,,,12460,2026-10-16T23:40:00-06:00
c107ee39eb333a9d,author_default,71,4,101,pending_no_gpu_admission,,,,12460,2026-10-16T23:40:00-06:00
c107ee39eb333a9d,author_default,71,4,211,pending_no_gpu_admission,,,,12460,2026-10-16T23:40:00-06:00
c107ee39eb333a9d,author_default,71,4,307,pending_no_gpu_admission,,,,12460,2026-10-16T23:40:00-06:00
c107ee39eb333a9d,native_selected,11,1,101,pending_no_gpu_admission,,,,12410,2026-10-16T22:50:00-06:00
c107ee39eb333a9d,native_selected,11,1,211,pending_no_gpu_admission,,,,12410,2026-10-16T22:50:00-06:00
c107ee39eb333a9d,native_selected,11,1,307,pending_no_gpu_admission,,,,12410,2026-10-16T22:50:00-06:00
c107ee39eb333a9d,native_selected,11,4,101,pending_no_gpu_admission,,,,12410,2026-10-16T22:50:00-06:00
c107ee39eb333a9d,native_selected,11,4,211,pending_no_gpu_admission,,,,12410,2026-10-16T22:50:00-06:00
c107ee39eb333a9d,native_selected,11,4,307,pending_no_gpu_admission,,,,12410,2026-10-16T22:50:00-06:00
c107ee39eb333a9d,native_selected,23,1,101,pending_no_gpu_admission,,,,12470,2026-10-16T23:50:00-06:00
c107ee39eb333a9d,native_selected,23,1,211,pending_no_gpu_admission,,,,12470,2026-10-16T23:50:00-06:00
c107ee39eb333a9d,native_selected,23,1,307,pending_no_gpu_admission,,,,12470,2026-10-16T23:50:00-06:00
c107ee39eb333a9d,native_selected,23,4,101,pending_no_gpu_admission,,,,12470,2026-10-16T23:50:00-06:00
c107ee39eb333a9d,native_selected,23,4,211,pending_no_gpu_admission,,,,12470,2026-10-16T23:50:00-06:00
c107ee39eb333a9d,native_selected,23,4,307,pending_no_gpu_admission,,,,12470,2026-10-16T23:50:00-06:00
c107ee39eb333a9d,native_selected,37,1,101,pending_no_gpu_admission,,,,12480,2026-10-17T00:00:00-06:00
c107ee39eb333a9d,native_selected,37,1,211,pending_no_gpu_admission,,,,12480,2026-10-17T00:00:00-06:00
c107ee39eb333a9d,native_selected,37,1,307,pending_no_gpu_admission,,,,12480,2026-10-17T00:00:00-06:00
c107ee39eb333a9d,native_selected,37,4,101,pending_no_gpu_admission,,,,12480,2026-10-17T00:00:00-06:00
c107ee39eb333a9d,native_selected,37,4,211,pending_no_gpu_admission,,,,12480,2026-10-17T00:00:00-06:00
c107ee39eb333a9d,native_selected,37,4,307,pending_no_gpu_admission,,,,12480,2026-10-17T00:00:00-06:00
c107ee39eb333a9d,native_selected,53,1,101,pending_no_gpu_admission,,,,12490,2026-10-17T00:10:00-06:00
c107ee39eb333a9d,native_selected,53,1,211,pending_no_gpu_admission,,,,12490,2026-10-17T00:10:00-06:00
c107ee39eb333a9d,native_selected,53,1,307,pending_no_gpu_admission,,,,12490,2026-10-17T00:10:00-06:00
c107ee39eb333a9d,native_selected,53,4,101,pending_no_gpu_admission,,,,12490,2026-10-17T00:10:00-06:00
c107ee39eb333a9d,native_selected,53,4,211,pending_no_gpu_admission,,,,12490,2026-10-17T00:10:00-06:00
c107ee39eb333a9d,native_selected,53,4,307,pending_no_gpu_admission,,,,12490,2026-10-17T00:10:00-06:00
c107ee39eb333a9d,native_selected,71,1,101,pending_no_gpu_admission,,,,12500,2026-10-17T00:20:00-06:00
c107ee39eb333a9d,native_selected,71,1,211,pending_no_gpu_admission,,,,12500,2026-10-17T00:20:00-06:00
c107ee39eb333a9d,native_selected,71,1,307,pending_no_gpu_admission,,,,12500,2026-10-17T00:20:00-06:00
c107ee39eb333a9d,native_selected,71,4,101,pending_no_gpu_admission,,,,12500,2026-10-17T00:20:00-06:00
c107ee39eb333a9d,native_selected,71,4,211,pending_no_gpu_admission,,,,12500,2026-10-17T00:20:00-06:00
c107ee39eb333a9d,native_selected,71,4,307,pending_no_gpu_admission,,,,12500,2026-10-17T00:20:00-06:00
c30ff9405c916718,author_default,11,1,101,pending_no_gpu_admission,,,,12590,2026-10-17T01:50:00-06:00
c30ff9405c916718,author_default,11,1,211,pending_no_gpu_admission,,,,12590,2026-10-17T01:50:00-06:00
c30ff9405c916718,author_default,11,1,307,pending_no_gpu_admission,,,,12590,2026-10-17T01:50:00-06:00
c30ff9405c916718,author_default,11,4,101,pending_no_gpu_admission,,,,12590,2026-10-17T01:50:00-06:00
c30ff9405c916718,author_default,11,4,211,pending_no_gpu_admission,,,,12590,2026-10-17T01:50:00-06:00
c30ff9405c916718,author_default,11,4,307,pending_no_gpu_admission,,,,12590,2026-10-17T01:50:00-06:00
c30ff9405c916718,author_default,23,1,101,pending_no_gpu_admission,,,,12600,2026-10-17T02:00:00-06:00
c30ff9405c916718,author_default,23,1,211,pending_no_gpu_admission,,,,12600,2026-10-17T02:00:00-06:00
c30ff9405c916718,author_default,23,1,307,pending_no_gpu_admission,,,,12600,2026-10-17T02:00:00-06:00
c30ff9405c916718,author_default,23,4,101,pending_no_gpu_admission,,,,12600,2026-10-17T02:00:00-06:00
c30ff9405c916718,author_default,23,4,211,pending_no_gpu_admission,,,,12600,2026-10-17T02:00:00-06:00
c30ff9405c916718,author_default,23,4,307,pending_no_gpu_admission,,,,12600,2026-10-17T02:00:00-06:00
c30ff9405c916718,author_default,37,1,101,pending_no_gpu_admission,,,,12610,2026-10-17T02:10:00-06:00
c30ff9405c916718,author_default,37,1,211,pending_no_gpu_admission,,,,12610,2026-10-17T02:10:00-06:00
c30ff9405c916718,author_default,37,1,307,pending_no_gpu_admission,,,,12610,2026-10-17T02:10:00-06:00
c30ff9405c916718,author_default,37,4,101,pending_no_gpu_admission,,,,12610,2026-10-17T02:10:00-06:00
c30ff9405c916718,author_default,37,4,211,pending_no_gpu_admission,,,,12610,2026-10-17T02:10:00-06:00
c30ff9405c916718,author_default,37,4,307,pending_no_gpu_admission,,,,12610,2026-10-17T02:10:00-06:00
c30ff9405c916718,author_default,53,1,101,pending_no_gpu_admission,,,,12620,2026-10-17T02:20:00-06:00
c30ff9405c916718,author_default,53,1,211,pending_no_gpu_admission,,,,12620,2026-10-17T02:20:00-06:00
c30ff9405c916718,author_default,53,1,307,pending_no_gpu_admission,,,,12620,2026-10-17T02:20:00-06:00
c30ff9405c916718,author_default,53,4,101,pending_no_gpu_admission,,,,12620,2026-10-17T02:20:00-06:00
c30ff9405c916718,author_default,53,4,211,pending_no_gpu_admission,,,,12620,2026-10-17T02:20:00-06:00
c30ff9405c916718,author_default,53,4,307,pending_no_gpu_admission,,,,12620,2026-10-17T02:20:00-06:00
c30ff9405c916718,author_default,71,1,101,pending_no_gpu_admission,,,,12630,2026-10-17T02:30:00-06:00
c30ff9405c916718,author_default,71,1,211,pending_no_gpu_admission,,,,12630,2026-10-17T02:30:00-06:00
c30ff9405c916718,author_default,71,1,307,pending_no_gpu_admission,,,,12630,2026-10-17T02:30:00-06:00
c30ff9405c916718,author_default,71,4,101,pending_no_gpu_admission,,,,12630,2026-10-17T02:30:00-06:00
c30ff9405c916718,author_default,71,4,211,pending_no_gpu_admission,,,,12630,2026-10-17T02:30:00-06:00
c30ff9405c916718,author_default,71,4,307,pending_no_gpu_admission,,,,12630,2026-10-17T02:30:00-06:00
c30ff9405c916718,native_selected,11,1,101,pending_no_gpu_admission,,,,12580,2026-10-17T01:40:00-06:00
c30ff9405c916718,native_selected,11,1,211,pending_no_gpu_admission,,,,12580,2026-10-17T01:40:00-06:00
c30ff9405c916718,native_selected,11,1,307,pending_no_gpu_admission,,,,12580,2026-10-17T01:40:00-06:00
c30ff9405c916718,native_selected,11,4,101,pending_no_gpu_admission,,,,12580,2026-10-17T01:40:00-06:00
c30ff9405c916718,native_selected,11,4,211,pending_no_gpu_admission,,,,12580,2026-10-17T01:40:00-06:00
c30ff9405c916718,native_selected,11,4,307,pending_no_gpu_admission,,,,12580,2026-10-17T01:40:00-06:00
c30ff9405c916718,native_selected,23,1,101,pending_no_gpu_admission,,,,12640,2026-10-17T02:40:00-06:00
c30ff9405c916718,native_selected,23,1,211,pending_no_gpu_admission,,,,12640,2026-10-17T02:40:00-06:00
c30ff9405c916718,native_selected,23,1,307,pending_no_gpu_admission,,,,12640,2026-10-17T02:40:00-06:00
c30ff9405c916718,native_selected,23,4,101,pending_no_gpu_admission,,,,12640,2026-10-17T02:40:00-06:00
c30ff9405c916718,native_selected,23,4,211,pending_no_gpu_admission,,,,12640,2026-10-17T02:40:00-06:00
c30ff9405c916718,native_selected,23,4,307,pending_no_gpu_admission,,,,12640,2026-10-17T02:40:00-06:00
c30ff9405c916718,native_selected,37,1,101,pending_no_gpu_admission,,,,12650,2026-10-17T02:50:00-06:00
c30ff9405c916718,native_selected,37,1,211,pending_no_gpu_admission,,,,12650,2026-10-17T02:50:00-06:00
c30ff9405c916718,native_selected,37,1,307,pending_no_gpu_admission,,,,12650,2026-10-17T02:50:00-06:00
c30ff9405c916718,native_selected,37,4,101,pending_no_gpu_admission,,,,12650,2026-10-17T02:50:00-06:00
c30ff9405c916718,native_selected,37,4,211,pending_no_gpu_admission,,,,12650,2026-10-17T02:50:00-06:00
c30ff9405c916718,native_selected,37,4,307,pending_no_gpu_admission,,,,12650,2026-10-17T02:50:00-06:00
c30ff9405c916718,native_selected,53,1,101,pending_no_gpu_admission,,,,12660,2026-10-17T03:00:00-06:00
c30ff9405c916718,native_selected,53,1,211,pending_no_gpu_admission,,,,12660,2026-10-17T03:00:00-06:00
c30ff9405c916718,native_selected,53,1,307,pending_no_gpu_admission,,,,12660,2026-10-17T03:00:00-06:00
c30ff9405c916718,native_selected,53,4,101,pending_no_gpu_admission,,,,12660,2026-10-17T03:00:00-06:00
c30ff9405c916718,native_selected,53,4,211,pending_no_gpu_admission,,,,12660,2026-10-17T03:00:00-06:00
c30ff9405c916718,native_selected,53,4,307,pending_no_gpu_admission,,,,12660,2026-10-17T03:00:00-06:00
c30ff9405c916718,native_selected,71,1,101,pending_no_gpu_admission,,,,12670,2026-10-17T03:10:00-06:00
c30ff9405c916718,native_selected,71,1,211,pending_no_gpu_admission,,,,12670,2026-10-17T03:10:00-06:00
c30ff9405c916718,native_selected,71,1,307,pending_no_gpu_admission,,,,12670,2026-10-17T03:10:00-06:00
c30ff9405c916718,native_selected,71,4,101,pending_no_gpu_admission,,,,12670,2026-10-17T03:10:00-06:00
c30ff9405c916718,native_selected,71,4,211,pending_no_gpu_admission,,,,12670,2026-10-17T03:10:00-06:00
c30ff9405c916718,native_selected,71,4,307,pending_no_gpu_admission,,,,12670,2026-10-17T03:10:00-06:00
c4f8e81b70d33a13,author_default,11,1,101,pending_no_gpu_admission,,,,12760,2026-10-17T04:40:00-06:00
c4f8e81b70d33a13,author_default,11,1,211,pending_no_gpu_admission,,,,12760,2026-10-17T04:40:00-06:00
c4f8e81b70d33a13,author_default,11,1,307,pending_no_gpu_admission,,,,12760,2026-10-17T04:40:00-06:00
c4f8e81b70d33a13,author_default,11,4,101,pending_no_gpu_admission,,,,12760,2026-10-17T04:40:00-06:00
c4f8e81b70d33a13,author_default,11,4,211,pending_no_gpu_admission,,,,12760,2026-10-17T04:40:00-06:00
c4f8e81b70d33a13,author_default,11,4,307,pending_no_gpu_admission,,,,12760,2026-10-17T04:40:00-06:00
c4f8e81b70d33a13,author_default,23,1,101,pending_no_gpu_admission,,,,12770,2026-10-17T04:50:00-06:00
c4f8e81b70d33a13,author_default,23,1,211,pending_no_gpu_admission,,,,12770,2026-10-17T04:50:00-06:00
c4f8e81b70d33a13,author_default,23,1,307,pending_no_gpu_admission,,,,12770,2026-10-17T04:50:00-06:00
c4f8e81b70d33a13,author_default,23,4,101,pending_no_gpu_admission,,,,12770,2026-10-17T04:50:00-06:00
c4f8e81b70d33a13,author_default,23,4,211,pending_no_gpu_admission,,,,12770,2026-10-17T04:50:00-06:00
c4f8e81b70d33a13,author_default,23,4,307,pending_no_gpu_admission,,,,12770,2026-10-17T04:50:00-06:00
c4f8e81b70d33a13,author_default,37,1,101,pending_no_gpu_admission,,,,12780,2026-10-17T05:00:00-06:00
c4f8e81b70d33a13,author_default,37,1,211,pending_no_gpu_admission,,,,12780,2026-10-17T05:00:00-06:00
c4f8e81b70d33a13,author_default,37,1,307,pending_no_gpu_admission,,,,12780,2026-10-17T05:00:00-06:00
c4f8e81b70d33a13,author_default,37,4,101,pending_no_gpu_admission,,,,12780,2026-10-17T05:00:00-06:00
c4f8e81b70d33a13,author_default,37,4,211,pending_no_gpu_admission,,,,12780,2026-10-17T05:00:00-06:00
c4f8e81b70d33a13,author_default,37,4,307,pending_no_gpu_admission,,,,12780,2026-10-17T05:00:00-06:00
c4f8e81b70d33a13,author_default,53,1,101,pending_no_gpu_admission,,,,12790,2026-10-17T05:10:00-06:00
c4f8e81b70d33a13,author_default,53,1,211,pending_no_gpu_admission,,,,12790,2026-10-17T05:10:00-06:00
c4f8e81b70d33a13,author_default,53,1,307,pending_no_gpu_admission,,,,12790,2026-10-17T05:10:00-06:00
c4f8e81b70d33a13,author_default,53,4,101,pending_no_gpu_admission,,,,12790,2026-10-17T05:10:00-06:00
c4f8e81b70d33a13,author_default,53,4,211,pending_no_gpu_admission,,,,12790,2026-10-17T05:10:00-06:00
c4f8e81b70d33a13,author_default,53,4,307,pending_no_gpu_admission,,,,12790,2026-10-17T05:10:00-06:00
c4f8e81b70d33a13,author_default,71,1,101,pending_no_gpu_admission,,,,12800,2026-10-17T05:20:00-06:00
c4f8e81b70d33a13,author_default,71,1,211,pending_no_gpu_admission,,,,12800,2026-10-17T05:20:00-06:00
c4f8e81b70d33a13,author_default,71,1,307,pending_no_gpu_admission,,,,12800,2026-10-17T05:20:00-06:00
c4f8e81b70d33a13,author_default,71,4,101,pending_no_gpu_admission,,,,12800,2026-10-17T05:20:00-06:00
c4f8e81b70d33a13,author_default,71,4,211,pending_no_gpu_admission,,,,12800,2026-10-17T05:20:00-06:00
c4f8e81b70d33a13,author_default,71,4,307,pending_no_gpu_admission,,,,12800,2026-10-17T05:20:00-06:00
c4f8e81b70d33a13,native_selected,11,1,101,pending_no_gpu_admission,,,,12750,2026-10-17T04:30:00-06:00
c4f8e81b70d33a13,native_selected,11,1,211,pending_no_gpu_admission,,,,12750,2026-10-17T04:30:00-06:00
c4f8e81b70d33a13,native_selected,11,1,307,pending_no_gpu_admission,,,,12750,2026-10-17T04:30:00-06:00
c4f8e81b70d33a13,native_selected,11,4,101,pending_no_gpu_admission,,,,12750,2026-10-17T04:30:00-06:00
c4f8e81b70d33a13,native_selected,11,4,211,pending_no_gpu_admission,,,,12750,2026-10-17T04:30:00-06:00
c4f8e81b70d33a13,native_selected,11,4,307,pending_no_gpu_admission,,,,12750,2026-10-17T04:30:00-06:00
c4f8e81b70d33a13,native_selected,23,1,101,pending_no_gpu_admission,,,,12810,2026-10-17T05:30:00-06:00
c4f8e81b70d33a13,native_selected,23,1,211,pending_no_gpu_admission,,,,12810,2026-10-17T05:30:00-06:00
c4f8e81b70d33a13,native_selected,23,1,307,pending_no_gpu_admission,,,,12810,2026-10-17T05:30:00-06:00
c4f8e81b70d33a13,native_selected,23,4,101,pending_no_gpu_admission,,,,12810,2026-10-17T05:30:00-06:00
c4f8e81b70d33a13,native_selected,23,4,211,pending_no_gpu_admission,,,,12810,2026-10-17T05:30:00-06:00
c4f8e81b70d33a13,native_selected,23,4,307,pending_no_gpu_admission,,,,12810,2026-10-17T05:30:00-06:00
c4f8e81b70d33a13,native_selected,37,1,101,pending_no_gpu_admission,,,,12820,2026-10-17T05:40:00-06:00
c4f8e81b70d33a13,native_selected,37,1,211,pending_no_gpu_admission,,,,12820,2026-10-17T05:40:00-06:00
c4f8e81b70d33a13,native_selected,37,1,307,pending_no_gpu_admission,,,,12820,2026-10-17T05:40:00-06:00
c4f8e81b70d33a13,native_selected,37,4,101,pending_no_gpu_admission,,,,12820,2026-10-17T05:40:00-06:00
c4f8e81b70d33a13,native_selected,37,4,211,pending_no_gpu_admission,,,,12820,2026-10-17T05:40:00-06:00
c4f8e81b70d33a13,native_selected,37,4,307,pending_no_gpu_admission,,,,12820,2026-10-17T05:40:00-06:00
c4f8e81b70d33a13,native_selected,53,1,101,pending_no_gpu_admission,,,,12830,2026-10-17T05:50:00-06:00
c4f8e81b70d33a13,native_selected,53,1,211,pending_no_gpu_admission,,,,12830,2026-10-17T05:50:00-06:00
c4f8e81b70d33a13,native_selected,53,1,307,pending_no_gpu_admission,,,,12830,2026-10-17T05:50:00-06:00
c4f8e81b70d33a13,native_selected,53,4,101,pending_no_gpu_admission,,,,12830,2026-10-17T05:50:00-06:00
c4f8e81b70d33a13,native_selected,53,4,211,pending_no_gpu_admission,,,,12830,2026-10-17T05:50:00-06:00
c4f8e81b70d33a13,native_selected,53,4,307,pending_no_gpu_admission,,,,12830,2026-10-17T05:50:00-06:00
c4f8e81b70d33a13,native_selected,71,1,101,pending_no_gpu_admission,,,,12840,2026-10-17T06:00:00-06:00
c4f8e81b70d33a13,native_selected,71,1,211,pending_no_gpu_admission,,,,12840,2026-10-17T06:00:00-06:00
c4f8e81b70d33a13,native_selected,71,1,307,pending_no_gpu_admission,,,,12840,2026-10-17T06:00:00-06:00
c4f8e81b70d33a13,native_selected,71,4,101,pending_no_gpu_admission,,,,12840,2026-10-17T06:00:00-06:00
c4f8e81b70d33a13,native_selected,71,4,211,pending_no_gpu_admission,,,,12840,2026-10-17T06:00:00-06:00
c4f8e81b70d33a13,native_selected,71,4,307,pending_no_gpu_admission,,,,12840,2026-10-17T06:00:00-06:00
c649a4cee87c4321,author_default,11,1,101,pending_no_gpu_admission,,,,12930,2026-10-17T07:30:00-06:00
c649a4cee87c4321,author_default,11,1,211,pending_no_gpu_admission,,,,12930,2026-10-17T07:30:00-06:00
c649a4cee87c4321,author_default,11,1,307,pending_no_gpu_admission,,,,12930,2026-10-17T07:30:00-06:00
c649a4cee87c4321,author_default,11,4,101,pending_no_gpu_admission,,,,12930,2026-10-17T07:30:00-06:00
c649a4cee87c4321,author_default,11,4,211,pending_no_gpu_admission,,,,12930,2026-10-17T07:30:00-06:00
c649a4cee87c4321,author_default,11,4,307,pending_no_gpu_admission,,,,12930,2026-10-17T07:30:00-06:00
c649a4cee87c4321,author_default,23,1,101,pending_no_gpu_admission,,,,12940,2026-10-17T07:40:00-06:00
c649a4cee87c4321,author_default,23,1,211,pending_no_gpu_admission,,,,12940,2026-10-17T07:40:00-06:00
c649a4cee87c4321,author_default,23,1,307,pending_no_gpu_admission,,,,12940,2026-10-17T07:40:00-06:00
c649a4cee87c4321,author_default,23,4,101,pending_no_gpu_admission,,,,12940,2026-10-17T07:40:00-06:00
c649a4cee87c4321,author_default,23,4,211,pending_no_gpu_admission,,,,12940,2026-10-17T07:40:00-06:00
c649a4cee87c4321,author_default,23,4,307,pending_no_gpu_admission,,,,12940,2026-10-17T07:40:00-06:00
c649a4cee87c4321,author_default,37,1,101,pending_no_gpu_admission,,,,12950,2026-10-17T07:50:00-06:00
c649a4cee87c4321,author_default,37,1,211,pending_no_gpu_admission,,,,12950,2026-10-17T07:50:00-06:00
c649a4cee87c4321,author_default,37,1,307,pending_no_gpu_admission,,,,12950,2026-10-17T07:50:00-06:00
c649a4cee87c4321,author_default,37,4,101,pending_no_gpu_admission,,,,12950,2026-10-17T07:50:00-06:00
c649a4cee87c4321,author_default,37,4,211,pending_no_gpu_admission,,,,12950,2026-10-17T07:50:00-06:00
c649a4cee87c4321,author_default,37,4,307,pending_no_gpu_admission,,,,12950,2026-10-17T07:50:00-06:00
c649a4cee87c4321,author_default,53,1,101,pending_no_gpu_admission,,,,12960,2026-10-17T08:00:00-06:00
c649a4cee87c4321,author_default,53,1,211,pending_no_gpu_admission,,,,12960,2026-10-17T08:00:00-06:00
c649a4cee87c4321,author_default,53,1,307,pending_no_gpu_admission,,,,12960,2026-10-17T08:00:00-06:00
c649a4cee87c4321,author_default,53,4,101,pending_no_gpu_admission,,,,12960,2026-10-17T08:00:00-06:00
c649a4cee87c4321,author_default,53,4,211,pending_no_gpu_admission,,,,12960,2026-10-17T08:00:00-06:00
c649a4cee87c4321,author_default,53,4,307,pending_no_gpu_admission,,,,12960,2026-10-17T08:00:00-06:00
c649a4cee87c4321,author_default,71,1,101,pending_no_gpu_admission,,,,12970,2026-10-17T08:10:00-06:00
c649a4cee87c4321,author_default,71,1,211,pending_no_gpu_admission,,,,12970,2026-10-17T08:10:00-06:00
c649a4cee87c4321,author_default,71,1,307,pending_no_gpu_admission,,,,12970,2026-10-17T08:10:00-06:00
c649a4cee87c4321,author_default,71,4,101,pending_no_gpu_admission,,,,12970,2026-10-17T08:10:00-06:00
c649a4cee87c4321,author_default,71,4,211,pending_no_gpu_admission,,,,12970,2026-10-17T08:10:00-06:00
c649a4cee87c4321,author_default,71,4,307,pending_no_gpu_admission,,,,12970,2026-10-17T08:10:00-06:00
c649a4cee87c4321,native_selected,11,1,101,pending_no_gpu_admission,,,,12920,2026-10-17T07:20:00-06:00
c649a4cee87c4321,native_selected,11,1,211,pending_no_gpu_admission,,,,12920,2026-10-17T07:20:00-06:00
c649a4cee87c4321,native_selected,11,1,307,pending_no_gpu_admission,,,,12920,2026-10-17T07:20:00-06:00
c649a4cee87c4321,native_selected,11,4,101,pending_no_gpu_admission,,,,12920,2026-10-17T07:20:00-06:00
c649a4cee87c4321,native_selected,11,4,211,pending_no_gpu_admission,,,,12920,2026-10-17T07:20:00-06:00
c649a4cee87c4321,native_selected,11,4,307,pending_no_gpu_admission,,,,12920,2026-10-17T07:20:00-06:00
c649a4cee87c4321,native_selected,23,1,101,pending_no_gpu_admission,,,,12980,2026-10-17T08:20:00-06:00
c649a4cee87c4321,native_selected,23,1,211,pending_no_gpu_admission,,,,12980,2026-10-17T08:20:00-06:00
c649a4cee87c4321,native_selected,23,1,307,pending_no_gpu_admission,,,,12980,2026-10-17T08:20:00-06:00
c649a4cee87c4321,native_selected,23,4,101,pending_no_gpu_admission,,,,12980,2026-10-17T08:20:00-06:00
c649a4cee87c4321,native_selected,23,4,211,pending_no_gpu_admission,,,,12980,2026-10-17T08:20:00-06:00
c649a4cee87c4321,native_selected,23,4,307,pending_no_gpu_admission,,,,12980,2026-10-17T08:20:00-06:00
c649a4cee87c4321,native_selected,37,1,101,pending_no_gpu_admission,,,,12990,2026-10-17T08:30:00-06:00
c649a4cee87c4321,native_selected,37,1,211,pending_no_gpu_admission,,,,12990,2026-10-17T08:30:00-06:00
c649a4cee87c4321,native_selected,37,1,307,pending_no_gpu_admission,,,,12990,2026-10-17T08:30:00-06:00
c649a4cee87c4321,native_selected,37,4,101,pending_no_gpu_admission,,,,12990,2026-10-17T08:30:00-06:00
c649a4cee87c4321,native_selected,37,4,211,pending_no_gpu_admission,,,,12990,2026-10-17T08:30:00-06:00
c649a4cee87c4321,native_selected,37,4,307,pending_no_gpu_admission,,,,12990,2026-10-17T08:30:00-06:00
c649a4cee87c4321,native_selected,53,1,101,pending_no_gpu_admission,,,,13000,2026-10-17T08:40:00-06:00
c649a4cee87c4321,native_selected,53,1,211,pending_no_gpu_admission,,,,13000,2026-10-17T08:40:00-06:00
c649a4cee87c4321,native_selected,53,1,307,pending_no_gpu_admission,,,,13000,2026-10-17T08:40:00-06:00
c649a4cee87c4321,native_selected,53,4,101,pending_no_gpu_admission,,,,13000,2026-10-17T08:40:00-06:00
c649a4cee87c4321,native_selected,53,4,211,pending_no_gpu_admission,,,,13000,2026-10-17T08:40:00-06:00
c649a4cee87c4321,native_selected,53,4,307,pending_no_gpu_admission,,,,13000,2026-10-17T08:40:00-06:00
c649a4cee87c4321,native_selected,71,1,101,pending_no_gpu_admission,,,,13010,2026-10-17T08:50:00-06:00
c649a4cee87c4321,native_selected,71,1,211,pending_no_gpu_admission,,,,13010,2026-10-17T08:50:00-06:00
c649a4cee87c4321,native_selected,71,1,307,pending_no_gpu_admission,,,,13010,2026-10-17T08:50:00-06:00
c649a4cee87c4321,native_selected,71,4,101,pending_no_gpu_admission,,,,13010,2026-10-17T08:50:00-06:00
c649a4cee87c4321,native_selected,71,4,211,pending_no_gpu_admission,,,,13010,2026-10-17T08:50:00-06:00
c649a4cee87c4321,native_selected,71,4,307,pending_no_gpu_admission,,,,13010,2026-10-17T08:50:00-06:00
cb5bf66ef2ee09ed,author_default,11,1,101,pending_no_gpu_admission,,,,13100,2026-10-17T10:20:00-06:00
cb5bf66ef2ee09ed,author_default,11,1,211,pending_no_gpu_admission,,,,13100,2026-10-17T10:20:00-06:00
cb5bf66ef2ee09ed,author_default,11,1,307,pending_no_gpu_admission,,,,13100,2026-10-17T10:20:00-06:00
cb5bf66ef2ee09ed,author_default,11,4,101,pending_no_gpu_admission,,,,13100,2026-10-17T10:20:00-06:00
cb5bf66ef2ee09ed,author_default,11,4,211,pending_no_gpu_admission,,,,13100,2026-10-17T10:20:00-06:00
cb5bf66ef2ee09ed,author_default,11,4,307,pending_no_gpu_admission,,,,13100,2026-10-17T10:20:00-06:00
cb5bf66ef2ee09ed,author_default,23,1,101,pending_no_gpu_admission,,,,13110,2026-10-17T10:30:00-06:00
cb5bf66ef2ee09ed,author_default,23,1,211,pending_no_gpu_admission,,,,13110,2026-10-17T10:30:00-06:00
cb5bf66ef2ee09ed,author_default,23,1,307,pending_no_gpu_admission,,,,13110,2026-10-17T10:30:00-06:00
cb5bf66ef2ee09ed,author_default,23,4,101,pending_no_gpu_admission,,,,13110,2026-10-17T10:30:00-06:00
cb5bf66ef2ee09ed,author_default,23,4,211,pending_no_gpu_admission,,,,13110,2026-10-17T10:30:00-06:00
cb5bf66ef2ee09ed,author_default,23,4,307,pending_no_gpu_admission,,,,13110,2026-10-17T10:30:00-06:00
cb5bf66ef2ee09ed,author_default,37,1,101,pending_no_gpu_admission,,,,13120,2026-10-17T10:40:00-06:00
cb5bf66ef2ee09ed,author_default,37,1,211,pending_no_gpu_admission,,,,13120,2026-10-17T10:40:00-06:00
cb5bf66ef2ee09ed,author_default,37,1,307,pending_no_gpu_admission,,,,13120,2026-10-17T10:40:00-06:00
cb5bf66ef2ee09ed,author_default,37,4,101,pending_no_gpu_admission,,,,13120,2026-10-17T10:40:00-06:00
cb5bf66ef2ee09ed,author_default,37,4,211,pending_no_gpu_admission,,,,13120,2026-10-17T10:40:00-06:00
cb5bf66ef2ee09ed,author_default,37,4,307,pending_no_gpu_admission,,,,13120,2026-10-17T10:40:00-06:00
cb5bf66ef2ee09ed,author_default,53,1,101,pending_no_gpu_admission,,,,13130,2026-10-17T10:50:00-06:00
cb5bf66ef2ee09ed,author_default,53,1,211,pending_no_gpu_admission,,,,13130,2026-10-17T10:50:00-06:00
cb5bf66ef2ee09ed,author_default,53,1,307,pending_no_gpu_admission,,,,13130,2026-10-17T10:50:00-06:00
cb5bf66ef2ee09ed,author_default,53,4,101,pending_no_gpu_admission,,,,13130,2026-10-17T10:50:00-06:00
cb5bf66ef2ee09ed,author_default,53,4,211,pending_no_gpu_admission,,,,13130,2026-10-17T10:50:00-06:00
cb5bf66ef2ee09ed,author_default,53,4,307,pending_no_gpu_admission,,,,13130,2026-10-17T10:50:00-06:00
cb5bf66ef2ee09ed,author_default,71,1,101,pending_no_gpu_admission,,,,13140,2026-10-17T11:00:00-06:00
cb5bf66ef2ee09ed,author_default,71,1,211,pending_no_gpu_admission,,,,13140,2026-10-17T11:00:00-06:00
cb5bf66ef2ee09ed,author_default,71,1,307,pending_no_gpu_admission,,,,13140,2026-10-17T11:00:00-06:00
cb5bf66ef2ee09ed,author_default,71,4,101,pending_no_gpu_admission,,,,13140,2026-10-17T11:00:00-06:00
cb5bf66ef2ee09ed,author_default,71,4,211,pending_no_gpu_admission,,,,13140,2026-10-17T11:00:00-06:00
cb5bf66ef2ee09ed,author_default,71,4,307,pending_no_gpu_admission,,,,13140,2026-10-17T11:00:00-06:00
cb5bf66ef2ee09ed,native_selected,11,1,101,pending_no_gpu_admission,,,,13090,2026-10-17T10:10:00-06:00
cb5bf66ef2ee09ed,native_selected,11,1,211,pending_no_gpu_admission,,,,13090,2026-10-17T10:10:00-06:00
cb5bf66ef2ee09ed,native_selected,11,1,307,pending_no_gpu_admission,,,,13090,2026-10-17T10:10:00-06:00
cb5bf66ef2ee09ed,native_selected,11,4,101,pending_no_gpu_admission,,,,13090,2026-10-17T10:10:00-06:00
cb5bf66ef2ee09ed,native_selected,11,4,211,pending_no_gpu_admission,,,,13090,2026-10-17T10:10:00-06:00
cb5bf66ef2ee09ed,native_selected,11,4,307,pending_no_gpu_admission,,,,13090,2026-10-17T10:10:00-06:00
cb5bf66ef2ee09ed,native_selected,23,1,101,pending_no_gpu_admission,,,,13150,2026-10-17T11:10:00-06:00
cb5bf66ef2ee09ed,native_selected,23,1,211,pending_no_gpu_admission,,,,13150,2026-10-17T11:10:00-06:00
cb5bf66ef2ee09ed,native_selected,23,1,307,pending_no_gpu_admission,,,,13150,2026-10-17T11:10:00-06:00
cb5bf66ef2ee09ed,native_selected,23,4,101,pending_no_gpu_admission,,,,13150,2026-10-17T11:10:00-06:00
cb5bf66ef2ee09ed,native_selected,23,4,211,pending_no_gpu_admission,,,,13150,2026-10-17T11:10:00-06:00
cb5bf66ef2ee09ed,native_selected,23,4,307,pending_no_gpu_admission,,,,13150,2026-10-17T11:10:00-06:00
cb5bf66ef2ee09ed,native_selected,37,1,101,pending_no_gpu_admission,,,,13160,2026-10-17T11:20:00-06:00
cb5bf66ef2ee09ed,native_selected,37,1,211,pending_no_gpu_admission,,,,13160,2026-10-17T11:20:00-06:00
cb5bf66ef2ee09ed,native_selected,37,1,307,pending_no_gpu_admission,,,,13160,2026-10-17T11:20:00-06:00
cb5bf66ef2ee09ed,native_selected,37,4,101,pending_no_gpu_admission,,,,13160,2026-10-17T11:20:00-06:00
cb5bf66ef2ee09ed,native_selected,37,4,211,pending_no_gpu_admission,,,,13160,2026-10-17T11:20:00-06:00
cb5bf66ef2ee09ed,native_selected,37,4,307,pending_no_gpu_admission,,,,13160,2026-10-17T11:20:00-06:00
cb5bf66ef2ee09ed,native_selected,53,1,101,pending_no_gpu_admission,,,,13170,2026-10-17T11:30:00-06:00
cb5bf66ef2ee09ed,native_selected,53,1,211,pending_no_gpu_admission,,,,13170,2026-10-17T11:30:00-06:00
cb5bf66ef2ee09ed,native_selected,53,1,307,pending_no_gpu_admission,,,,13170,2026-10-17T11:30:00-06:00
cb5bf66ef2ee09ed,native_selected,53,4,101,pending_no_gpu_admission,,,,13170,2026-10-17T11:30:00-06:00
cb5bf66ef2ee09ed,native_selected,53,4,211,pending_no_gpu_admission,,,,13170,2026-10-17T11:30:00-06:00
cb5bf66ef2ee09ed,native_selected,53,4,307,pending_no_gpu_admission,,,,13170,2026-10-17T11:30:00-06:00
cb5bf66ef2ee09ed,native_selected,71,1,101,pending_no_gpu_admission,,,,13180,2026-10-17T11:40:00-06:00
cb5bf66ef2ee09ed,native_selected,71,1,211,pending_no_gpu_admission,,,,13180,2026-10-17T11:40:00-06:00
cb5bf66ef2ee09ed,native_selected,71,1,307,pending_no_gpu_admission,,,,13180,2026-10-17T11:40:00-06:00
cb5bf66ef2ee09ed,native_selected,71,4,101,pending_no_gpu_admission,,,,13180,2026-10-17T11:40:00-06:00
cb5bf66ef2ee09ed,native_selected,71,4,211,pending_no_gpu_admission,,,,13180,2026-10-17T11:40:00-06:00
cb5bf66ef2ee09ed,native_selected,71,4,307,pending_no_gpu_admission,,,,13180,2026-10-17T11:40:00-06:00
cba8393879afd1dc,author_default,11,1,101,pending_no_gpu_admission,,,,13270,2026-10-17T13:10:00-06:00
cba8393879afd1dc,author_default,11,1,211,pending_no_gpu_admission,,,,13270,2026-10-17T13:10:00-06:00
cba8393879afd1dc,author_default,11,1,307,pending_no_gpu_admission,,,,13270,2026-10-17T13:10:00-06:00
cba8393879afd1dc,author_default,11,4,101,pending_no_gpu_admission,,,,13270,2026-10-17T13:10:00-06:00
cba8393879afd1dc,author_default,11,4,211,pending_no_gpu_admission,,,,13270,2026-10-17T13:10:00-06:00
cba8393879afd1dc,author_default,11,4,307,pending_no_gpu_admission,,,,13270,2026-10-17T13:10:00-06:00
cba8393879afd1dc,author_default,23,1,101,pending_no_gpu_admission,,,,13280,2026-10-17T13:20:00-06:00
cba8393879afd1dc,author_default,23,1,211,pending_no_gpu_admission,,,,13280,2026-10-17T13:20:00-06:00
cba8393879afd1dc,author_default,23,1,307,pending_no_gpu_admission,,,,13280,2026-10-17T13:20:00-06:00
cba8393879afd1dc,author_default,23,4,101,pending_no_gpu_admission,,,,13280,2026-10-17T13:20:00-06:00
cba8393879afd1dc,author_default,23,4,211,pending_no_gpu_admission,,,,13280,2026-10-17T13:20:00-06:00
cba8393879afd1dc,author_default,23,4,307,pending_no_gpu_admission,,,,13280,2026-10-17T13:20:00-06:00
cba8393879afd1dc,author_default,37,1,101,pending_no_gpu_admission,,,,13290,2026-10-17T13:30:00-06:00
cba8393879afd1dc,author_default,37,1,211,pending_no_gpu_admission,,,,13290,2026-10-17T13:30:00-06:00
cba8393879afd1dc,author_default,37,1,307,pending_no_gpu_admission,,,,13290,2026-10-17T13:30:00-06:00
cba8393879afd1dc,author_default,37,4,101,pending_no_gpu_admission,,,,13290,2026-10-17T13:30:00-06:00
cba8393879afd1dc,author_default,37,4,211,pending_no_gpu_admission,,,,13290,2026-10-17T13:30:00-06:00
cba8393879afd1dc,author_default,37,4,307,pending_no_gpu_admission,,,,13290,2026-10-17T13:30:00-06:00
cba8393879afd1dc,author_default,53,1,101,pending_no_gpu_admission,,,,13300,2026-10-17T13:40:00-06:00
cba8393879afd1dc,author_default,53,1,211,pending_no_gpu_admission,,,,13300,2026-10-17T13:40:00-06:00
cba8393879afd1dc,author_default,53,1,307,pending_no_gpu_admission,,,,13300,2026-10-17T13:40:00-06:00
cba8393879afd1dc,author_default,53,4,101,pending_no_gpu_admission,,,,13300,2026-10-17T13:40:00-06:00
cba8393879afd1dc,author_default,53,4,211,pending_no_gpu_admission,,,,13300,2026-10-17T13:40:00-06:00
cba8393879afd1dc,author_default,53,4,307,pending_no_gpu_admission,,,,13300,2026-10-17T13:40:00-06:00
cba8393879afd1dc,author_default,71,1,101,pending_no_gpu_admission,,,,13310,2026-10-17T13:50:00-06:00
cba8393879afd1dc,author_default,71,1,211,pending_no_gpu_admission,,,,13310,2026-10-17T13:50:00-06:00
cba8393879afd1dc,author_default,71,1,307,pending_no_gpu_admission,,,,13310,2026-10-17T13:50:00-06:00
cba8393879afd1dc,author_default,71,4,101,pending_no_gpu_admission,,,,13310,2026-10-17T13:50:00-06:00
cba8393879afd1dc,author_default,71,4,211,pending_no_gpu_admission,,,,13310,2026-10-17T13:50:00-06:00
cba8393879afd1dc,author_default,71,4,307,pending_no_gpu_admission,,,,13310,2026-10-17T13:50:00-06:00
cba8393879afd1dc,native_selected,11,1,101,pending_no_gpu_admission,,,,13260,2026-10-17T13:00:00-06:00
cba8393879afd1dc,native_selected,11,1,211,pending_no_gpu_admission,,,,13260,2026-10-17T13:00:00-06:00
cba8393879afd1dc,native_selected,11,1,307,pending_no_gpu_admission,,,,13260,2026-10-17T13:00:00-06:00
cba8393879afd1dc,native_selected,11,4,101,pending_no_gpu_admission,,,,13260,2026-10-17T13:00:00-06:00
cba8393879afd1dc,native_selected,11,4,211,pending_no_gpu_admission,,,,13260,2026-10-17T13:00:00-06:00
cba8393879afd1dc,native_selected,11,4,307,pending_no_gpu_admission,,,,13260,2026-10-17T13:00:00-06:00
cba8393879afd1dc,native_selected,23,1,101,pending_no_gpu_admission,,,,13320,2026-10-17T14:00:00-06:00
cba8393879afd1dc,native_selected,23,1,211,pending_no_gpu_admission,,,,13320,2026-10-17T14:00:00-06:00
cba8393879afd1dc,native_selected,23,1,307,pending_no_gpu_admission,,,,13320,2026-10-17T14:00:00-06:00
cba8393879afd1dc,native_selected,23,4,101,pending_no_gpu_admission,,,,13320,2026-10-17T14:00:00-06:00
cba8393879afd1dc,native_selected,23,4,211,pending_no_gpu_admission,,,,13320,2026-10-17T14:00:00-06:00
cba8393879afd1dc,native_selected,23,4,307,pending_no_gpu_admission,,,,13320,2026-10-17T14:00:00-06:00
cba8393879afd1dc,native_selected,37,1,101,pending_no_gpu_admission,,,,13330,2026-10-17T14:10:00-06:00
cba8393879afd1dc,native_selected,37,1,211,pending_no_gpu_admission,,,,13330,2026-10-17T14:10:00-06:00
cba8393879afd1dc,native_selected,37,1,307,pending_no_gpu_admission,,,,13330,2026-10-17T14:10:00-06:00
cba8393879afd1dc,native_selected,37,4,101,pending_no_gpu_admission,,,,13330,2026-10-17T14:10:00-06:00
cba8393879afd1dc,native_selected,37,4,211,pending_no_gpu_admission,,,,13330,2026-10-17T14:10:00-06:00
cba8393879afd1dc,native_selected,37,4,307,pending_no_gpu_admission,,,,13330,2026-10-17T14:10:00-06:00
cba8393879afd1dc,native_selected,53,1,101,pending_no_gpu_admission,,,,13340,2026-10-17T14:20:00-06:00
cba8393879afd1dc,native_selected,53,1,211,pending_no_gpu_admission,,,,13340,2026-10-17T14:20:00-06:00
cba8393879afd1dc,native_selected,53,1,307,pending_no_gpu_admission,,,,13340,2026-10-17T14:20:00-06:00
cba8393879afd1dc,native_selected,53,4,101,pending_no_gpu_admission,,,,13340,2026-10-17T14:20:00-06:00
cba8393879afd1dc,native_selected,53,4,211,pending_no_gpu_admission,,,,13340,2026-10-17T14:20:00-06:00
cba8393879afd1dc,native_selected,53,4,307,pending_no_gpu_admission,,,,13340,2026-10-17T14:20:00-06:00
cba8393879afd1dc,native_selected,71,1,101,pending_no_gpu_admission,,,,13350,2026-10-17T14:30:00-06:00
cba8393879afd1dc,native_selected,71,1,211,pending_no_gpu_admission,,,,13350,2026-10-17T14:30:00-06:00
cba8393879afd1dc,native_selected,71,1,307,pending_no_gpu_admission,,,,13350,2026-10-17T14:30:00-06:00
cba8393879afd1dc,native_selected,71,4,101,pending_no_gpu_admission,,,,13350,2026-10-17T14:30:00-06:00
cba8393879afd1dc,native_selected,71,4,211,pending_no_gpu_admission,,,,13350,2026-10-17T14:30:00-06:00
cba8393879afd1dc,native_selected,71,4,307,pending_no_gpu_admission,,,,13350,2026-10-17T14:30:00-06:00
ce1a79e2d658eb8a,author_default,11,1,101,pending_no_gpu_admission,,,,13440,2026-10-17T16:00:00-06:00
ce1a79e2d658eb8a,author_default,11,1,211,pending_no_gpu_admission,,,,13440,2026-10-17T16:00:00-06:00
ce1a79e2d658eb8a,author_default,11,1,307,pending_no_gpu_admission,,,,13440,2026-10-17T16:00:00-06:00
ce1a79e2d658eb8a,author_default,11,4,101,pending_no_gpu_admission,,,,13440,2026-10-17T16:00:00-06:00
ce1a79e2d658eb8a,author_default,11,4,211,pending_no_gpu_admission,,,,13440,2026-10-17T16:00:00-06:00
ce1a79e2d658eb8a,author_default,11,4,307,pending_no_gpu_admission,,,,13440,2026-10-17T16:00:00-06:00
ce1a79e2d658eb8a,author_default,23,1,101,pending_no_gpu_admission,,,,13450,2026-10-17T16:10:00-06:00
ce1a79e2d658eb8a,author_default,23,1,211,pending_no_gpu_admission,,,,13450,2026-10-17T16:10:00-06:00
ce1a79e2d658eb8a,author_default,23,1,307,pending_no_gpu_admission,,,,13450,2026-10-17T16:10:00-06:00
ce1a79e2d658eb8a,author_default,23,4,101,pending_no_gpu_admission,,,,13450,2026-10-17T16:10:00-06:00
ce1a79e2d658eb8a,author_default,23,4,211,pending_no_gpu_admission,,,,13450,2026-10-17T16:10:00-06:00
ce1a79e2d658eb8a,author_default,23,4,307,pending_no_gpu_admission,,,,13450,2026-10-17T16:10:00-06:00
ce1a79e2d658eb8a,author_default,37,1,101,pending_no_gpu_admission,,,,13460,2026-10-17T16:20:00-06:00
ce1a79e2d658eb8a,author_default,37,1,211,pending_no_gpu_admission,,,,13460,2026-10-17T16:20:00-06:00
ce1a79e2d658eb8a,author_default,37,1,307,pending_no_gpu_admission,,,,13460,2026-10-17T16:20:00-06:00
ce1a79e2d658eb8a,author_default,37,4,101,pending_no_gpu_admission,,,,13460,2026-10-17T16:20:00-06:00
ce1a79e2d658eb8a,author_default,37,4,211,pending_no_gpu_admission,,,,13460,2026-10-17T16:20:00-06:00
ce1a79e2d658eb8a,author_default,37,4,307,pending_no_gpu_admission,,,,13460,2026-10-17T16:20:00-06:00
ce1a79e2d658eb8a,author_default,53,1,101,pending_no_gpu_admission,,,,13470,2026-10-17T16:30:00-06:00
ce1a79e2d658eb8a,author_default,53,1,211,pending_no_gpu_admission,,,,13470,2026-10-17T16:30:00-06:00
ce1a79e2d658eb8a,author_default,53,1,307,pending_no_gpu_admission,,,,13470,2026-10-17T16:30:00-06:00
ce1a79e2d658eb8a,author_default,53,4,101,pending_no_gpu_admission,,,,13470,2026-10-17T16:30:00-06:00
ce1a79e2d658eb8a,author_default,53,4,211,pending_no_gpu_admission,,,,13470,2026-10-17T16:30:00-06:00
ce1a79e2d658eb8a,author_default,53,4,307,pending_no_gpu_admission,,,,13470,2026-10-17T16:30:00-06:00
ce1a79e2d658eb8a,author_default,71,1,101,pending_no_gpu_admission,,,,13480,2026-10-17T16:40:00-06:00
ce1a79e2d658eb8a,author_default,71,1,211,pending_no_gpu_admission,,,,13480,2026-10-17T16:40:00-06:00
ce1a79e2d658eb8a,author_default,71,1,307,pending_no_gpu_admission,,,,13480,2026-10-17T16:40:00-06:00
ce1a79e2d658eb8a,author_default,71,4,101,pending_no_gpu_admission,,,,13480,2026-10-17T16:40:00-06:00
ce1a79e2d658eb8a,author_default,71,4,211,pending_no_gpu_admission,,,,13480,2026-10-17T16:40:00-06:00
ce1a79e2d658eb8a,author_default,71,4,307,pending_no_gpu_admission,,,,13480,2026-10-17T16:40:00-06:00
ce1a79e2d658eb8a,native_selected,11,1,101,pending_no_gpu_admission,,,,13430,2026-10-17T15:50:00-06:00
ce1a79e2d658eb8a,native_selected,11,1,211,pending_no_gpu_admission,,,,13430,2026-10-17T15:50:00-06:00
ce1a79e2d658eb8a,native_selected,11,1,307,pending_no_gpu_admission,,,,13430,2026-10-17T15:50:00-06:00
ce1a79e2d658eb8a,native_selected,11,4,101,pending_no_gpu_admission,,,,13430,2026-10-17T15:50:00-06:00
ce1a79e2d658eb8a,native_selected,11,4,211,pending_no_gpu_admission,,,,13430,2026-10-17T15:50:00-06:00
ce1a79e2d658eb8a,native_selected,11,4,307,pending_no_gpu_admission,,,,13430,2026-10-17T15:50:00-06:00
ce1a79e2d658eb8a,native_selected,23,1,101,pending_no_gpu_admission,,,,13490,2026-10-17T16:50:00-06:00
ce1a79e2d658eb8a,native_selected,23,1,211,pending_no_gpu_admission,,,,13490,2026-10-17T16:50:00-06:00
ce1a79e2d658eb8a,native_selected,23,1,307,pending_no_gpu_admission,,,,13490,2026-10-17T16:50:00-06:00
ce1a79e2d658eb8a,native_selected,23,4,101,pending_no_gpu_admission,,,,13490,2026-10-17T16:50:00-06:00
ce1a79e2d658eb8a,native_selected,23,4,211,pending_no_gpu_admission,,,,13490,2026-10-17T16:50:00-06:00
ce1a79e2d658eb8a,native_selected,23,4,307,pending_no_gpu_admission,,,,13490,2026-10-17T16:50:00-06:00
ce1a79e2d658eb8a,native_selected,37,1,101,pending_no_gpu_admission,,,,13500,2026-10-17T17:00:00-06:00
ce1a79e2d658eb8a,native_selected,37,1,211,pending_no_gpu_admission,,,,13500,2026-10-17T17:00:00-06:00
ce1a79e2d658eb8a,native_selected,37,1,307,pending_no_gpu_admission,,,,13500,2026-10-17T17:00:00-06:00
ce1a79e2d658eb8a,native_selected,37,4,101,pending_no_gpu_admission,,,,13500,2026-10-17T17:00:00-06:00
ce1a79e2d658eb8a,native_selected,37,4,211,pending_no_gpu_admission,,,,13500,2026-10-17T17:00:00-06:00
ce1a79e2d658eb8a,native_selected,37,4,307,pending_no_gpu_admission,,,,13500,2026-10-17T17:00:00-06:00
ce1a79e2d658eb8a,native_selected,53,1,101,pending_no_gpu_admission,,,,13510,2026-10-17T17:10:00-06:00
ce1a79e2d658eb8a,native_selected,53,1,211,pending_no_gpu_admission,,,,13510,2026-10-17T17:10:00-06:00
ce1a79e2d658eb8a,native_selected,53,1,307,pending_no_gpu_admission,,,,13510,2026-10-17T17:10:00-06:00
ce1a79e2d658eb8a,native_selected,53,4,101,pending_no_gpu_admission,,,,13510,2026-10-17T17:10:00-06:00
ce1a79e2d658eb8a,native_selected,53,4,211,pending_no_gpu_admission,,,,13510,2026-10-17T17:10:00-06:00
ce1a79e2d658eb8a,native_selected,53,4,307,pending_no_gpu_admission,,,,13510,2026-10-17T17:10:00-06:00
ce1a79e2d658eb8a,native_selected,71,1,101,pending_no_gpu_admission,,,,13520,2026-10-17T17:20:00-06:00
ce1a79e2d658eb8a,native_selected,71,1,211,pending_no_gpu_admission,,,,13520,2026-10-17T17:20:00-06:00
ce1a79e2d658eb8a,native_selected,71,1,307,pending_no_gpu_admission,,,,13520,2026-10-17T17:20:00-06:00
ce1a79e2d658eb8a,native_selected,71,4,101,pending_no_gpu_admission,,,,13520,2026-10-17T17:20:00-06:00
ce1a79e2d658eb8a,native_selected,71,4,211,pending_no_gpu_admission,,,,13520,2026-10-17T17:20:00-06:00
ce1a79e2d658eb8a,native_selected,71,4,307,pending_no_gpu_admission,,,,13520,2026-10-17T17:20:00-06:00
ce837ccd24a3a18c,author_default,11,1,101,pending_no_gpu_admission,,,,13610,2026-10-17T18:50:00-06:00
ce837ccd24a3a18c,author_default,11,1,211,pending_no_gpu_admission,,,,13610,2026-10-17T18:50:00-06:00
ce837ccd24a3a18c,author_default,11,1,307,pending_no_gpu_admission,,,,13610,2026-10-17T18:50:00-06:00
ce837ccd24a3a18c,author_default,11,4,101,pending_no_gpu_admission,,,,13610,2026-10-17T18:50:00-06:00
ce837ccd24a3a18c,author_default,11,4,211,pending_no_gpu_admission,,,,13610,2026-10-17T18:50:00-06:00
ce837ccd24a3a18c,author_default,11,4,307,pending_no_gpu_admission,,,,13610,2026-10-17T18:50:00-06:00
ce837ccd24a3a18c,author_default,23,1,101,pending_no_gpu_admission,,,,13620,2026-10-17T19:00:00-06:00
ce837ccd24a3a18c,author_default,23,1,211,pending_no_gpu_admission,,,,13620,2026-10-17T19:00:00-06:00
ce837ccd24a3a18c,author_default,23,1,307,pending_no_gpu_admission,,,,13620,2026-10-17T19:00:00-06:00
ce837ccd24a3a18c,author_default,23,4,101,pending_no_gpu_admission,,,,13620,2026-10-17T19:00:00-06:00
ce837ccd24a3a18c,author_default,23,4,211,pending_no_gpu_admission,,,,13620,2026-10-17T19:00:00-06:00
ce837ccd24a3a18c,author_default,23,4,307,pending_no_gpu_admission,,,,13620,2026-10-17T19:00:00-06:00
ce837ccd24a3a18c,author_default,37,1,101,pending_no_gpu_admission,,,,13630,2026-10-17T19:10:00-06:00
ce837ccd24a3a18c,author_default,37,1,211,pending_no_gpu_admission,,,,13630,2026-10-17T19:10:00-06:00
ce837ccd24a3a18c,author_default,37,1,307,pending_no_gpu_admission,,,,13630,2026-10-17T19:10:00-06:00
ce837ccd24a3a18c,author_default,37,4,101,pending_no_gpu_admission,,,,13630,2026-10-17T19:10:00-06:00
ce837ccd24a3a18c,author_default,37,4,211,pending_no_gpu_admission,,,,13630,2026-10-17T19:10:00-06:00
ce837ccd24a3a18c,author_default,37,4,307,pending_no_gpu_admission,,,,13630,2026-10-17T19:10:00-06:00
ce837ccd24a3a18c,author_default,53,1,101,pending_no_gpu_admission,,,,13640,2026-10-17T19:20:00-06:00
ce837ccd24a3a18c,author_default,53,1,211,pending_no_gpu_admission,,,,13640,2026-10-17T19:20:00-06:00
ce837ccd24a3a18c,author_default,53,1,307,pending_no_gpu_admission,,,,13640,2026-10-17T19:20:00-06:00
ce837ccd24a3a18c,author_default,53,4,101,pending_no_gpu_admission,,,,13640,2026-10-17T19:20:00-06:00
ce837ccd24a3a18c,author_default,53,4,211,pending_no_gpu_admission,,,,13640,2026-10-17T19:20:00-06:00
ce837ccd24a3a18c,author_default,53,4,307,pending_no_gpu_admission,,,,13640,2026-10-17T19:20:00-06:00
ce837ccd24a3a18c,author_default,71,1,101,pending_no_gpu_admission,,,,13650,2026-10-17T19:30:00-06:00
ce837ccd24a3a18c,author_default,71,1,211,pending_no_gpu_admission,,,,13650,2026-10-17T19:30:00-06:00
ce837ccd24a3a18c,author_default,71,1,307,pending_no_gpu_admission,,,,13650,2026-10-17T19:30:00-06:00
ce837ccd24a3a18c,author_default,71,4,101,pending_no_gpu_admission,,,,13650,2026-10-17T19:30:00-06:00
ce837ccd24a3a18c,author_default,71,4,211,pending_no_gpu_admission,,,,13650,2026-10-17T19:30:00-06:00
ce837ccd24a3a18c,author_default,71,4,307,pending_no_gpu_admission,,,,13650,2026-10-17T19:30:00-06:00
ce837ccd24a3a18c,native_selected,11,1,101,pending_no_gpu_admission,,,,13600,2026-10-17T18:40:00-06:00
ce837ccd24a3a18c,native_selected,11,1,211,pending_no_gpu_admission,,,,13600,2026-10-17T18:40:00-06:00
ce837ccd24a3a18c,native_selected,11,1,307,pending_no_gpu_admission,,,,13600,2026-10-17T18:40:00-06:00
ce837ccd24a3a18c,native_selected,11,4,101,pending_no_gpu_admission,,,,13600,2026-10-17T18:40:00-06:00
ce837ccd24a3a18c,native_selected,11,4,211,pending_no_gpu_admission,,,,13600,2026-10-17T18:40:00-06:00
ce837ccd24a3a18c,native_selected,11,4,307,pending_no_gpu_admission,,,,13600,2026-10-17T18:40:00-06:00
ce837ccd24a3a18c,native_selected,23,1,101,pending_no_gpu_admission,,,,13660,2026-10-17T19:40:00-06:00
ce837ccd24a3a18c,native_selected,23,1,211,pending_no_gpu_admission,,,,13660,2026-10-17T19:40:00-06:00
ce837ccd24a3a18c,native_selected,23,1,307,pending_no_gpu_admission,,,,13660,2026-10-17T19:40:00-06:00
ce837ccd24a3a18c,native_selected,23,4,101,pending_no_gpu_admission,,,,13660,2026-10-17T19:40:00-06:00
ce837ccd24a3a18c,native_selected,23,4,211,pending_no_gpu_admission,,,,13660,2026-10-17T19:40:00-06:00
ce837ccd24a3a18c,native_selected,23,4,307,pending_no_gpu_admission,,,,13660,2026-10-17T19:40:00-06:00
ce837ccd24a3a18c,native_selected,37,1,101,pending_no_gpu_admission,,,,13670,2026-10-17T19:50:00-06:00
ce837ccd24a3a18c,native_selected,37,1,211,pending_no_gpu_admission,,,,13670,2026-10-17T19:50:00-06:00
ce837ccd24a3a18c,native_selected,37,1,307,pending_no_gpu_admission,,,,13670,2026-10-17T19:50:00-06:00
ce837ccd24a3a18c,native_selected,37,4,101,pending_no_gpu_admission,,,,13670,2026-10-17T19:50:00-06:00
ce837ccd24a3a18c,native_selected,37,4,211,pending_no_gpu_admission,,,,13670,2026-10-17T19:50:00-06:00
ce837ccd24a3a18c,native_selected,37,4,307,pending_no_gpu_admission,,,,13670,2026-10-17T19:50:00-06:00
ce837ccd24a3a18c,native_selected,53,1,101,pending_no_gpu_admission,,,,13680,2026-10-17T20:00:00-06:00
ce837ccd24a3a18c,native_selected,53,1,211,pending_no_gpu_admission,,,,13680,2026-10-17T20:00:00-06:00
ce837ccd24a3a18c,native_selected,53,1,307,pending_no_gpu_admission,,,,13680,2026-10-17T20:00:00-06:00
ce837ccd24a3a18c,native_selected,53,4,101,pending_no_gpu_admission,,,,13680,2026-10-17T20:00:00-06:00
ce837ccd24a3a18c,native_selected,53,4,211,pending_no_gpu_admission,,,,13680,2026-10-17T20:00:00-06:00
ce837ccd24a3a18c,native_selected,53,4,307,pending_no_gpu_admission,,,,13680,2026-10-17T20:00:00-06:00
ce837ccd24a3a18c,native_selected,71,1,101,pending_no_gpu_admission,,,,13690,2026-10-17T20:10:00-06:00
ce837ccd24a3a18c,native_selected,71,1,211,pending_no_gpu_admission,,,,13690,2026-10-17T20:10:00-06:00
ce837ccd24a3a18c,native_selected,71,1,307,pending_no_gpu_admission,,,,13690,2026-10-17T20:10:00-06:00
ce837ccd24a3a18c,native_selected,71,4,101,pending_no_gpu_admission,,,,13690,2026-10-17T20:10:00-06:00
ce837ccd24a3a18c,native_selected,71,4,211,pending_no_gpu_admission,,,,13690,2026-10-17T20:10:00-06:00
ce837ccd24a3a18c,native_selected,71,4,307,pending_no_gpu_admission,,,,13690,2026-10-17T20:10:00-06:00
cee6f811d0bf199d,author_default,11,1,101,pending_no_gpu_admission,,,,13780,2026-10-17T21:40:00-06:00
cee6f811d0bf199d,author_default,11,1,211,pending_no_gpu_admission,,,,13780,2026-10-17T21:40:00-06:00
cee6f811d0bf199d,author_default,11,1,307,pending_no_gpu_admission,,,,13780,2026-10-17T21:40:00-06:00
cee6f811d0bf199d,author_default,11,4,101,pending_no_gpu_admission,,,,13780,2026-10-17T21:40:00-06:00
cee6f811d0bf199d,author_default,11,4,211,pending_no_gpu_admission,,,,13780,2026-10-17T21:40:00-06:00
cee6f811d0bf199d,author_default,11,4,307,pending_no_gpu_admission,,,,13780,2026-10-17T21:40:00-06:00
cee6f811d0bf199d,author_default,23,1,101,pending_no_gpu_admission,,,,13790,2026-10-17T21:50:00-06:00
cee6f811d0bf199d,author_default,23,1,211,pending_no_gpu_admission,,,,13790,2026-10-17T21:50:00-06:00
cee6f811d0bf199d,author_default,23,1,307,pending_no_gpu_admission,,,,13790,2026-10-17T21:50:00-06:00
cee6f811d0bf199d,author_default,23,4,101,pending_no_gpu_admission,,,,13790,2026-10-17T21:50:00-06:00
cee6f811d0bf199d,author_default,23,4,211,pending_no_gpu_admission,,,,13790,2026-10-17T21:50:00-06:00
cee6f811d0bf199d,author_default,23,4,307,pending_no_gpu_admission,,,,13790,2026-10-17T21:50:00-06:00
cee6f811d0bf199d,author_default,37,1,101,pending_no_gpu_admission,,,,13800,2026-10-17T22:00:00-06:00
cee6f811d0bf199d,author_default,37,1,211,pending_no_gpu_admission,,,,13800,2026-10-17T22:00:00-06:00
cee6f811d0bf199d,author_default,37,1,307,pending_no_gpu_admission,,,,13800,2026-10-17T22:00:00-06:00
cee6f811d0bf199d,author_default,37,4,101,pending_no_gpu_admission,,,,13800,2026-10-17T22:00:00-06:00
cee6f811d0bf199d,author_default,37,4,211,pending_no_gpu_admission,,,,13800,2026-10-17T22:00:00-06:00
cee6f811d0bf199d,author_default,37,4,307,pending_no_gpu_admission,,,,13800,2026-10-17T22:00:00-06:00
cee6f811d0bf199d,author_default,53,1,101,pending_no_gpu_admission,,,,13810,2026-10-17T22:10:00-06:00
cee6f811d0bf199d,author_default,53,1,211,pending_no_gpu_admission,,,,13810,2026-10-17T22:10:00-06:00
cee6f811d0bf199d,author_default,53,1,307,pending_no_gpu_admission,,,,13810,2026-10-17T22:10:00-06:00
cee6f811d0bf199d,author_default,53,4,101,pending_no_gpu_admission,,,,13810,2026-10-17T22:10:00-06:00
cee6f811d0bf199d,author_default,53,4,211,pending_no_gpu_admission,,,,13810,2026-10-17T22:10:00-06:00
cee6f811d0bf199d,author_default,53,4,307,pending_no_gpu_admission,,,,13810,2026-10-17T22:10:00-06:00
cee6f811d0bf199d,author_default,71,1,101,pending_no_gpu_admission,,,,13820,2026-10-17T22:20:00-06:00
cee6f811d0bf199d,author_default,71,1,211,pending_no_gpu_admission,,,,13820,2026-10-17T22:20:00-06:00
cee6f811d0bf199d,author_default,71,1,307,pending_no_gpu_admission,,,,13820,2026-10-17T22:20:00-06:00
cee6f811d0bf199d,author_default,71,4,101,pending_no_gpu_admission,,,,13820,2026-10-17T22:20:00-06:00
cee6f811d0bf199d,author_default,71,4,211,pending_no_gpu_admission,,,,13820,2026-10-17T22:20:00-06:00
cee6f811d0bf199d,author_default,71,4,307,pending_no_gpu_admission,,,,13820,2026-10-17T22:20:00-06:00
cee6f811d0bf199d,native_selected,11,1,101,pending_no_gpu_admission,,,,13770,2026-10-17T21:30:00-06:00
cee6f811d0bf199d,native_selected,11,1,211,pending_no_gpu_admission,,,,13770,2026-10-17T21:30:00-06:00
cee6f811d0bf199d,native_selected,11,1,307,pending_no_gpu_admission,,,,13770,2026-10-17T21:30:00-06:00
cee6f811d0bf199d,native_selected,11,4,101,pending_no_gpu_admission,,,,13770,2026-10-17T21:30:00-06:00
cee6f811d0bf199d,native_selected,11,4,211,pending_no_gpu_admission,,,,13770,2026-10-17T21:30:00-06:00
cee6f811d0bf199d,native_selected,11,4,307,pending_no_gpu_admission,,,,13770,2026-10-17T21:30:00-06:00
cee6f811d0bf199d,native_selected,23,1,101,pending_no_gpu_admission,,,,13830,2026-10-17T22:30:00-06:00
cee6f811d0bf199d,native_selected,23,1,211,pending_no_gpu_admission,,,,13830,2026-10-17T22:30:00-06:00
cee6f811d0bf199d,native_selected,23,1,307,pending_no_gpu_admission,,,,13830,2026-10-17T22:30:00-06:00
cee6f811d0bf199d,native_selected,23,4,101,pending_no_gpu_admission,,,,13830,2026-10-17T22:30:00-06:00
cee6f811d0bf199d,native_selected,23,4,211,pending_no_gpu_admission,,,,13830,2026-10-17T22:30:00-06:00
cee6f811d0bf199d,native_selected,23,4,307,pending_no_gpu_admission,,,,13830,2026-10-17T22:30:00-06:00
cee6f811d0bf199d,native_selected,37,1,101,pending_no_gpu_admission,,,,13840,2026-10-17T22:40:00-06:00
cee6f811d0bf199d,native_selected,37,1,211,pending_no_gpu_admission,,,,13840,2026-10-17T22:40:00-06:00
cee6f811d0bf199d,native_selected,37,1,307,pending_no_gpu_admission,,,,13840,2026-10-17T22:40:00-06:00
cee6f811d0bf199d,native_selected,37,4,101,pending_no_gpu_admission,,,,13840,2026-10-17T22:40:00-06:00
cee6f811d0bf199d,native_selected,37,4,211,pending_no_gpu_admission,,,,13840,2026-10-17T22:40:00-06:00
cee6f811d0bf199d,native_selected,37,4,307,pending_no_gpu_admission,,,,13840,2026-10-17T22:40:00-06:00
cee6f811d0bf199d,native_selected,53,1,101,pending_no_gpu_admission,,,,13850,2026-10-17T22:50:00-06:00
cee6f811d0bf199d,native_selected,53,1,211,pending_no_gpu_admission,,,,13850,2026-10-17T22:50:00-06:00
cee6f811d0bf199d,native_selected,53,1,307,pending_no_gpu_admission,,,,13850,2026-10-17T22:50:00-06:00
cee6f811d0bf199d,native_selected,53,4,101,pending_no_gpu_admission,,,,13850,2026-10-17T22:50:00-06:00
cee6f811d0bf199d,native_selected,53,4,211,pending_no_gpu_admission,,,,13850,2026-10-17T22:50:00-06:00
cee6f811d0bf199d,native_selected,53,4,307,pending_no_gpu_admission,,,,13850,2026-10-17T22:50:00-06:00
cee6f811d0bf199d,native_selected,71,1,101,pending_no_gpu_admission,,,,13860,2026-10-17T23:00:00-06:00
cee6f811d0bf199d,native_selected,71,1,211,pending_no_gpu_admission,,,,13860,2026-10-17T23:00:00-06:00
cee6f811d0bf199d,native_selected,71,1,307,pending_no_gpu_admission,,,,13860,2026-10-17T23:00:00-06:00
cee6f811d0bf199d,native_selected,71,4,101,pending_no_gpu_admission,,,,13860,2026-10-17T23:00:00-06:00
cee6f811d0bf199d,native_selected,71,4,211,pending_no_gpu_admission,,,,13860,2026-10-17T23:00:00-06:00
cee6f811d0bf199d,native_selected,71,4,307,pending_no_gpu_admission,,,,13860,2026-10-17T23:00:00-06:00
d255d3a2e1c8dbf4,author_default,11,1,101,pending_no_gpu_admission,,,,13950,2026-10-18T00:30:00-06:00
d255d3a2e1c8dbf4,author_default,11,1,211,pending_no_gpu_admission,,,,13950,2026-10-18T00:30:00-06:00
d255d3a2e1c8dbf4,author_default,11,1,307,pending_no_gpu_admission,,,,13950,2026-10-18T00:30:00-06:00
d255d3a2e1c8dbf4,author_default,11,4,101,pending_no_gpu_admission,,,,13950,2026-10-18T00:30:00-06:00
d255d3a2e1c8dbf4,author_default,11,4,211,pending_no_gpu_admission,,,,13950,2026-10-18T00:30:00-06:00
d255d3a2e1c8dbf4,author_default,11,4,307,pending_no_gpu_admission,,,,13950,2026-10-18T00:30:00-06:00
d255d3a2e1c8dbf4,author_default,23,1,101,pending_no_gpu_admission,,,,13960,2026-10-18T00:40:00-06:00
d255d3a2e1c8dbf4,author_default,23,1,211,pending_no_gpu_admission,,,,13960,2026-10-18T00:40:00-06:00
d255d3a2e1c8dbf4,author_default,23,1,307,pending_no_gpu_admission,,,,13960,2026-10-18T00:40:00-06:00
d255d3a2e1c8dbf4,author_default,23,4,101,pending_no_gpu_admission,,,,13960,2026-10-18T00:40:00-06:00
d255d3a2e1c8dbf4,author_default,23,4,211,pending_no_gpu_admission,,,,13960,2026-10-18T00:40:00-06:00
d255d3a2e1c8dbf4,author_default,23,4,307,pending_no_gpu_admission,,,,13960,2026-10-18T00:40:00-06:00
d255d3a2e1c8dbf4,author_default,37,1,101,pending_no_gpu_admission,,,,13970,2026-10-18T00:50:00-06:00
d255d3a2e1c8dbf4,author_default,37,1,211,pending_no_gpu_admission,,,,13970,2026-10-18T00:50:00-06:00
d255d3a2e1c8dbf4,author_default,37,1,307,pending_no_gpu_admission,,,,13970,2026-10-18T00:50:00-06:00
d255d3a2e1c8dbf4,author_default,37,4,101,pending_no_gpu_admission,,,,13970,2026-10-18T00:50:00-06:00
d255d3a2e1c8dbf4,author_default,37,4,211,pending_no_gpu_admission,,,,13970,2026-10-18T00:50:00-06:00
d255d3a2e1c8dbf4,author_default,37,4,307,pending_no_gpu_admission,,,,13970,2026-10-18T00:50:00-06:00
d255d3a2e1c8dbf4,author_default,53,1,101,pending_no_gpu_admission,,,,13980,2026-10-18T01:00:00-06:00
d255d3a2e1c8dbf4,author_default,53,1,211,pending_no_gpu_admission,,,,13980,2026-10-18T01:00:00-06:00
d255d3a2e1c8dbf4,author_default,53,1,307,pending_no_gpu_admission,,,,13980,2026-10-18T01:00:00-06:00
d255d3a2e1c8dbf4,author_default,53,4,101,pending_no_gpu_admission,,,,13980,2026-10-18T01:00:00-06:00
d255d3a2e1c8dbf4,author_default,53,4,211,pending_no_gpu_admission,,,,13980,2026-10-18T01:00:00-06:00
d255d3a2e1c8dbf4,author_default,53,4,307,pending_no_gpu_admission,,,,13980,2026-10-18T01:00:00-06:00
d255d3a2e1c8dbf4,author_default,71,1,101,pending_no_gpu_admission,,,,13990,2026-10-18T01:10:00-06:00
d255d3a2e1c8dbf4,author_default,71,1,211,pending_no_gpu_admission,,,,13990,2026-10-18T01:10:00-06:00
d255d3a2e1c8dbf4,author_default,71,1,307,pending_no_gpu_admission,,,,13990,2026-10-18T01:10:00-06:00
d255d3a2e1c8dbf4,author_default,71,4,101,pending_no_gpu_admission,,,,13990,2026-10-18T01:10:00-06:00
d255d3a2e1c8dbf4,author_default,71,4,211,pending_no_gpu_admission,,,,13990,2026-10-18T01:10:00-06:00
d255d3a2e1c8dbf4,author_default,71,4,307,pending_no_gpu_admission,,,,13990,2026-10-18T01:10:00-06:00
d255d3a2e1c8dbf4,native_selected,11,1,101,pending_no_gpu_admission,,,,13940,2026-10-18T00:20:00-06:00
d255d3a2e1c8dbf4,native_selected,11,1,211,pending_no_gpu_admission,,,,13940,2026-10-18T00:20:00-06:00
d255d3a2e1c8dbf4,native_selected,11,1,307,pending_no_gpu_admission,,,,13940,2026-10-18T00:20:00-06:00
d255d3a2e1c8dbf4,native_selected,11,4,101,pending_no_gpu_admission,,,,13940,2026-10-18T00:20:00-06:00
d255d3a2e1c8dbf4,native_selected,11,4,211,pending_no_gpu_admission,,,,13940,2026-10-18T00:20:00-06:00
d255d3a2e1c8dbf4,native_selected,11,4,307,pending_no_gpu_admission,,,,13940,2026-10-18T00:20:00-06:00
d255d3a2e1c8dbf4,native_selected,23,1,101,pending_no_gpu_admission,,,,14000,2026-10-18T01:20:00-06:00
d255d3a2e1c8dbf4,native_selected,23,1,211,pending_no_gpu_admission,,,,14000,2026-10-18T01:20:00-06:00
d255d3a2e1c8dbf4,native_selected,23,1,307,pending_no_gpu_admission,,,,14000,2026-10-18T01:20:00-06:00
d255d3a2e1c8dbf4,native_selected,23,4,101,pending_no_gpu_admission,,,,14000,2026-10-18T01:20:00-06:00
d255d3a2e1c8dbf4,native_selected,23,4,211,pending_no_gpu_admission,,,,14000,2026-10-18T01:20:00-06:00
d255d3a2e1c8dbf4,native_selected,23,4,307,pending_no_gpu_admission,,,,14000,2026-10-18T01:20:00-06:00
d255d3a2e1c8dbf4,native_selected,37,1,101,pending_no_gpu_admission,,,,14010,2026-10-18T01:30:00-06:00
d255d3a2e1c8dbf4,native_selected,37,1,211,pending_no_gpu_admission,,,,14010,2026-10-18T01:30:00-06:00
d255d3a2e1c8dbf4,native_selected,37,1,307,pending_no_gpu_admission,,,,14010,2026-10-18T01:30:00-06:00
d255d3a2e1c8dbf4,native_selected,37,4,101,pending_no_gpu_admission,,,,14010,2026-10-18T01:30:00-06:00
d255d3a2e1c8dbf4,native_selected,37,4,211,pending_no_gpu_admission,,,,14010,2026-10-18T01:30:00-06:00
d255d3a2e1c8dbf4,native_selected,37,4,307,pending_no_gpu_admission,,,,14010,2026-10-18T01:30:00-06:00
d255d3a2e1c8dbf4,native_selected,53,1,101,pending_no_gpu_admission,,,,14020,2026-10-18T01:40:00-06:00
d255d3a2e1c8dbf4,native_selected,53,1,211,pending_no_gpu_admission,,,,14020,2026-10-18T01:40:00-06:00
d255d3a2e1c8dbf4,native_selected,53,1,307,pending_no_gpu_admission,,,,14020,2026-10-18T01:40:00-06:00
d255d3a2e1c8dbf4,native_selected,53,4,101,pending_no_gpu_admission,,,,14020,2026-10-18T01:40:00-06:00
d255d3a2e1c8dbf4,native_selected,53,4,211,pending_no_gpu_admission,,,,14020,2026-10-18T01:40:00-06:00
d255d3a2e1c8dbf4,native_selected,53,4,307,pending_no_gpu_admission,,,,14020,2026-10-18T01:40:00-06:00
d255d3a2e1c8dbf4,native_selected,71,1,101,pending_no_gpu_admission,,,,14030,2026-10-18T01:50:00-06:00
d255d3a2e1c8dbf4,native_selected,71,1,211,pending_no_gpu_admission,,,,14030,2026-10-18T01:50:00-06:00
d255d3a2e1c8dbf4,native_selected,71,1,307,pending_no_gpu_admission,,,,14030,2026-10-18T01:50:00-06:00
d255d3a2e1c8dbf4,native_selected,71,4,101,pending_no_gpu_admission,,,,14030,2026-10-18T01:50:00-06:00
d255d3a2e1c8dbf4,native_selected,71,4,211,pending_no_gpu_admission,,,,14030,2026-10-18T01:50:00-06:00
d255d3a2e1c8dbf4,native_selected,71,4,307,pending_no_gpu_admission,,,,14030,2026-10-18T01:50:00-06:00
d52bfd2b6ab1c850,author_default,11,1,101,pending_no_gpu_admission,,,,14120,2026-10-18T03:20:00-06:00
d52bfd2b6ab1c850,author_default,11,1,211,pending_no_gpu_admission,,,,14120,2026-10-18T03:20:00-06:00
d52bfd2b6ab1c850,author_default,11,1,307,pending_no_gpu_admission,,,,14120,2026-10-18T03:20:00-06:00
d52bfd2b6ab1c850,author_default,11,4,101,pending_no_gpu_admission,,,,14120,2026-10-18T03:20:00-06:00
d52bfd2b6ab1c850,author_default,11,4,211,pending_no_gpu_admission,,,,14120,2026-10-18T03:20:00-06:00
d52bfd2b6ab1c850,author_default,11,4,307,pending_no_gpu_admission,,,,14120,2026-10-18T03:20:00-06:00
d52bfd2b6ab1c850,author_default,23,1,101,pending_no_gpu_admission,,,,14130,2026-10-18T03:30:00-06:00
d52bfd2b6ab1c850,author_default,23,1,211,pending_no_gpu_admission,,,,14130,2026-10-18T03:30:00-06:00
d52bfd2b6ab1c850,author_default,23,1,307,pending_no_gpu_admission,,,,14130,2026-10-18T03:30:00-06:00
d52bfd2b6ab1c850,author_default,23,4,101,pending_no_gpu_admission,,,,14130,2026-10-18T03:30:00-06:00
d52bfd2b6ab1c850,author_default,23,4,211,pending_no_gpu_admission,,,,14130,2026-10-18T03:30:00-06:00
d52bfd2b6ab1c850,author_default,23,4,307,pending_no_gpu_admission,,,,14130,2026-10-18T03:30:00-06:00
d52bfd2b6ab1c850,author_default,37,1,101,pending_no_gpu_admission,,,,14140,2026-10-18T03:40:00-06:00
d52bfd2b6ab1c850,author_default,37,1,211,pending_no_gpu_admission,,,,14140,2026-10-18T03:40:00-06:00
d52bfd2b6ab1c850,author_default,37,1,307,pending_no_gpu_admission,,,,14140,2026-10-18T03:40:00-06:00
d52bfd2b6ab1c850,author_default,37,4,101,pending_no_gpu_admission,,,,14140,2026-10-18T03:40:00-06:00
d52bfd2b6ab1c850,author_default,37,4,211,pending_no_gpu_admission,,,,14140,2026-10-18T03:40:00-06:00
d52bfd2b6ab1c850,author_default,37,4,307,pending_no_gpu_admission,,,,14140,2026-10-18T03:40:00-06:00
d52bfd2b6ab1c850,author_default,53,1,101,pending_no_gpu_admission,,,,14150,2026-10-18T03:50:00-06:00
d52bfd2b6ab1c850,author_default,53,1,211,pending_no_gpu_admission,,,,14150,2026-10-18T03:50:00-06:00
d52bfd2b6ab1c850,author_default,53,1,307,pending_no_gpu_admission,,,,14150,2026-10-18T03:50:00-06:00
d52bfd2b6ab1c850,author_default,53,4,101,pending_no_gpu_admission,,,,14150,2026-10-18T03:50:00-06:00
d52bfd2b6ab1c850,author_default,53,4,211,pending_no_gpu_admission,,,,14150,2026-10-18T03:50:00-06:00
d52bfd2b6ab1c850,author_default,53,4,307,pending_no_gpu_admission,,,,14150,2026-10-18T03:50:00-06:00
d52bfd2b6ab1c850,author_default,71,1,101,pending_no_gpu_admission,,,,14160,2026-10-18T04:00:00-06:00
d52bfd2b6ab1c850,author_default,71,1,211,pending_no_gpu_admission,,,,14160,2026-10-18T04:00:00-06:00
d52bfd2b6ab1c850,author_default,71,1,307,pending_no_gpu_admission,,,,14160,2026-10-18T04:00:00-06:00
d52bfd2b6ab1c850,author_default,71,4,101,pending_no_gpu_admission,,,,14160,2026-10-18T04:00:00-06:00
d52bfd2b6ab1c850,author_default,71,4,211,pending_no_gpu_admission,,,,14160,2026-10-18T04:00:00-06:00
d52bfd2b6ab1c850,author_default,71,4,307,pending_no_gpu_admission,,,,14160,2026-10-18T04:00:00-06:00
d52bfd2b6ab1c850,native_selected,11,1,101,pending_no_gpu_admission,,,,14110,2026-10-18T03:10:00-06:00
d52bfd2b6ab1c850,native_selected,11,1,211,pending_no_gpu_admission,,,,14110,2026-10-18T03:10:00-06:00
d52bfd2b6ab1c850,native_selected,11,1,307,pending_no_gpu_admission,,,,14110,2026-10-18T03:10:00-06:00
d52bfd2b6ab1c850,native_selected,11,4,101,pending_no_gpu_admission,,,,14110,2026-10-18T03:10:00-06:00
d52bfd2b6ab1c850,native_selected,11,4,211,pending_no_gpu_admission,,,,14110,2026-10-18T03:10:00-06:00
d52bfd2b6ab1c850,native_selected,11,4,307,pending_no_gpu_admission,,,,14110,2026-10-18T03:10:00-06:00
d52bfd2b6ab1c850,native_selected,23,1,101,pending_no_gpu_admission,,,,14170,2026-10-18T04:10:00-06:00
d52bfd2b6ab1c850,native_selected,23,1,211,pending_no_gpu_admission,,,,14170,2026-10-18T04:10:00-06:00
d52bfd2b6ab1c850,native_selected,23,1,307,pending_no_gpu_admission,,,,14170,2026-10-18T04:10:00-06:00
d52bfd2b6ab1c850,native_selected,23,4,101,pending_no_gpu_admission,,,,14170,2026-10-18T04:10:00-06:00
d52bfd2b6ab1c850,native_selected,23,4,211,pending_no_gpu_admission,,,,14170,2026-10-18T04:10:00-06:00
d52bfd2b6ab1c850,native_selected,23,4,307,pending_no_gpu_admission,,,,14170,2026-10-18T04:10:00-06:00
d52bfd2b6ab1c850,native_selected,37,1,101,pending_no_gpu_admission,,,,14180,2026-10-18T04:20:00-06:00
d52bfd2b6ab1c850,native_selected,37,1,211,pending_no_gpu_admission,,,,14180,2026-10-18T04:20:00-06:00
d52bfd2b6ab1c850,native_selected,37,1,307,pending_no_gpu_admission,,,,14180,2026-10-18T04:20:00-06:00
d52bfd2b6ab1c850,native_selected,37,4,101,pending_no_gpu_admission,,,,14180,2026-10-18T04:20:00-06:00
d52bfd2b6ab1c850,native_selected,37,4,211,pending_no_gpu_admission,,,,14180,2026-10-18T04:20:00-06:00
d52bfd2b6ab1c850,native_selected,37,4,307,pending_no_gpu_admission,,,,14180,2026-10-18T04:20:00-06:00
d52bfd2b6ab1c850,native_selected,53,1,101,pending_no_gpu_admission,,,,14190,2026-10-18T04:30:00-06:00
d52bfd2b6ab1c850,native_selected,53,1,211,pending_no_gpu_admission,,,,14190,2026-10-18T04:30:00-06:00
d52bfd2b6ab1c850,native_selected,53,1,307,pending_no_gpu_admission,,,,14190,2026-10-18T04:30:00-06:00
d52bfd2b6ab1c850,native_selected,53,4,101,pending_no_gpu_admission,,,,14190,2026-10-18T04:30:00-06:00
d52bfd2b6ab1c850,native_selected,53,4,211,pending_no_gpu_admission,,,,14190,2026-10-18T04:30:00-06:00
d52bfd2b6ab1c850,native_selected,53,4,307,pending_no_gpu_admission,,,,14190,2026-10-18T04:30:00-06:00
d52bfd2b6ab1c850,native_selected,71,1,101,pending_no_gpu_admission,,,,14200,2026-10-18T04:40:00-06:00
d52bfd2b6ab1c850,native_selected,71,1,211,pending_no_gpu_admission,,,,14200,2026-10-18T04:40:00-06:00
d52bfd2b6ab1c850,native_selected,71,1,307,pending_no_gpu_admission,,,,14200,2026-10-18T04:40:00-06:00
d52bfd2b6ab1c850,native_selected,71,4,101,pending_no_gpu_admission,,,,14200,2026-10-18T04:40:00-06:00
d52bfd2b6ab1c850,native_selected,71,4,211,pending_no_gpu_admission,,,,14200,2026-10-18T04:40:00-06:00
d52bfd2b6ab1c850,native_selected,71,4,307,pending_no_gpu_admission,,,,14200,2026-10-18T04:40:00-06:00
d9a3408a840c9f48,author_default,11,1,101,pending_no_gpu_admission,,,,14290,2026-10-18T06:10:00-06:00
d9a3408a840c9f48,author_default,11,1,211,pending_no_gpu_admission,,,,14290,2026-10-18T06:10:00-06:00
d9a3408a840c9f48,author_default,11,1,307,pending_no_gpu_admission,,,,14290,2026-10-18T06:10:00-06:00
d9a3408a840c9f48,author_default,11,4,101,pending_no_gpu_admission,,,,14290,2026-10-18T06:10:00-06:00
d9a3408a840c9f48,author_default,11,4,211,pending_no_gpu_admission,,,,14290,2026-10-18T06:10:00-06:00
d9a3408a840c9f48,author_default,11,4,307,pending_no_gpu_admission,,,,14290,2026-10-18T06:10:00-06:00
d9a3408a840c9f48,author_default,23,1,101,pending_no_gpu_admission,,,,14300,2026-10-18T06:20:00-06:00
d9a3408a840c9f48,author_default,23,1,211,pending_no_gpu_admission,,,,14300,2026-10-18T06:20:00-06:00
d9a3408a840c9f48,author_default,23,1,307,pending_no_gpu_admission,,,,14300,2026-10-18T06:20:00-06:00
d9a3408a840c9f48,author_default,23,4,101,pending_no_gpu_admission,,,,14300,2026-10-18T06:20:00-06:00
d9a3408a840c9f48,author_default,23,4,211,pending_no_gpu_admission,,,,14300,2026-10-18T06:20:00-06:00
d9a3408a840c9f48,author_default,23,4,307,pending_no_gpu_admission,,,,14300,2026-10-18T06:20:00-06:00
d9a3408a840c9f48,author_default,37,1,101,pending_no_gpu_admission,,,,14310,2026-10-18T06:30:00-06:00
d9a3408a840c9f48,author_default,37,1,211,pending_no_gpu_admission,,,,14310,2026-10-18T06:30:00-06:00
d9a3408a840c9f48,author_default,37,1,307,pending_no_gpu_admission,,,,14310,2026-10-18T06:30:00-06:00
d9a3408a840c9f48,author_default,37,4,101,pending_no_gpu_admission,,,,14310,2026-10-18T06:30:00-06:00
d9a3408a840c9f48,author_default,37,4,211,pending_no_gpu_admission,,,,14310,2026-10-18T06:30:00-06:00
d9a3408a840c9f48,author_default,37,4,307,pending_no_gpu_admission,,,,14310,2026-10-18T06:30:00-06:00
d9a3408a840c9f48,author_default,53,1,101,pending_no_gpu_admission,,,,14320,2026-10-18T06:40:00-06:00
d9a3408a840c9f48,author_default,53,1,211,pending_no_gpu_admission,,,,14320,2026-10-18T06:40:00-06:00
d9a3408a840c9f48,author_default,53,1,307,pending_no_gpu_admission,,,,14320,2026-10-18T06:40:00-06:00
d9a3408a840c9f48,author_default,53,4,101,pending_no_gpu_admission,,,,14320,2026-10-18T06:40:00-06:00
d9a3408a840c9f48,author_default,53,4,211,pending_no_gpu_admission,,,,14320,2026-10-18T06:40:00-06:00
d9a3408a840c9f48,author_default,53,4,307,pending_no_gpu_admission,,,,14320,2026-10-18T06:40:00-06:00
d9a3408a840c9f48,author_default,71,1,101,pending_no_gpu_admission,,,,14330,2026-10-18T06:50:00-06:00
d9a3408a840c9f48,author_default,71,1,211,pending_no_gpu_admission,,,,14330,2026-10-18T06:50:00-06:00
d9a3408a840c9f48,author_default,71,1,307,pending_no_gpu_admission,,,,14330,2026-10-18T06:50:00-06:00
d9a3408a840c9f48,author_default,71,4,101,pending_no_gpu_admission,,,,14330,2026-10-18T06:50:00-06:00
d9a3408a840c9f48,author_default,71,4,211,pending_no_gpu_admission,,,,14330,2026-10-18T06:50:00-06:00
d9a3408a840c9f48,author_default,71,4,307,pending_no_gpu_admission,,,,14330,2026-10-18T06:50:00-06:00
d9a3408a840c9f48,native_selected,11,1,101,pending_no_gpu_admission,,,,14280,2026-10-18T06:00:00-06:00
d9a3408a840c9f48,native_selected,11,1,211,pending_no_gpu_admission,,,,14280,2026-10-18T06:00:00-06:00
d9a3408a840c9f48,native_selected,11,1,307,pending_no_gpu_admission,,,,14280,2026-10-18T06:00:00-06:00
d9a3408a840c9f48,native_selected,11,4,101,pending_no_gpu_admission,,,,14280,2026-10-18T06:00:00-06:00
d9a3408a840c9f48,native_selected,11,4,211,pending_no_gpu_admission,,,,14280,2026-10-18T06:00:00-06:00
d9a3408a840c9f48,native_selected,11,4,307,pending_no_gpu_admission,,,,14280,2026-10-18T06:00:00-06:00
d9a3408a840c9f48,native_selected,23,1,101,pending_no_gpu_admission,,,,14340,2026-10-18T07:00:00-06:00
d9a3408a840c9f48,native_selected,23,1,211,pending_no_gpu_admission,,,,14340,2026-10-18T07:00:00-06:00
d9a3408a840c9f48,native_selected,23,1,307,pending_no_gpu_admission,,,,14340,2026-10-18T07:00:00-06:00
d9a3408a840c9f48,native_selected,23,4,101,pending_no_gpu_admission,,,,14340,2026-10-18T07:00:00-06:00
d9a3408a840c9f48,native_selected,23,4,211,pending_no_gpu_admission,,,,14340,2026-10-18T07:00:00-06:00
d9a3408a840c9f48,native_selected,23,4,307,pending_no_gpu_admission,,,,14340,2026-10-18T07:00:00-06:00
d9a3408a840c9f48,native_selected,37,1,101,pending_no_gpu_admission,,,,14350,2026-10-18T07:10:00-06:00
d9a3408a840c9f48,native_selected,37,1,211,pending_no_gpu_admission,,,,14350,2026-10-18T07:10:00-06:00
d9a3408a840c9f48,native_selected,37,1,307,pending_no_gpu_admission,,,,14350,2026-10-18T07:10:00-06:00
d9a3408a840c9f48,native_selected,37,4,101,pending_no_gpu_admission,,,,14350,2026-10-18T07:10:00-06:00
d9a3408a840c9f48,native_selected,37,4,211,pending_no_gpu_admission,,,,14350,2026-10-18T07:10:00-06:00
d9a3408a840c9f48,native_selected,37,4,307,pending_no_gpu_admission,,,,14350,2026-10-18T07:10:00-06:00
d9a3408a840c9f48,native_selected,53,1,101,pending_no_gpu_admission,,,,14360,2026-10-18T07:20:00-06:00
d9a3408a840c9f48,native_selected,53,1,211,pending_no_gpu_admission,,,,14360,2026-10-18T07:20:00-06:00
d9a3408a840c9f48,native_selected,53,1,307,pending_no_gpu_admission,,,,14360,2026-10-18T07:20:00-06:00
d9a3408a840c9f48,native_selected,53,4,101,pending_no_gpu_admission,,,,14360,2026-10-18T07:20:00-06:00
d9a3408a840c9f48,native_selected,53,4,211,pending_no_gpu_admission,,,,14360,2026-10-18T07:20:00-06:00
d9a3408a840c9f48,native_selected,53,4,307,pending_no_gpu_admission,,,,14360,2026-10-18T07:20:00-06:00
d9a3408a840c9f48,native_selected,71,1,101,pending_no_gpu_admission,,,,14370,2026-10-18T07:30:00-06:00
d9a3408a840c9f48,native_selected,71,1,211,pending_no_gpu_admission,,,,14370,2026-10-18T07:30:00-06:00
d9a3408a840c9f48,native_selected,71,1,307,pending_no_gpu_admission,,,,14370,2026-10-18T07:30:00-06:00
d9a3408a840c9f48,native_selected,71,4,101,pending_no_gpu_admission,,,,14370,2026-10-18T07:30:00-06:00
d9a3408a840c9f48,native_selected,71,4,211,pending_no_gpu_admission,,,,14370,2026-10-18T07:30:00-06:00
d9a3408a840c9f48,native_selected,71,4,307,pending_no_gpu_admission,,,,14370,2026-10-18T07:30:00-06:00
da290fae0d6c072f,author_default,11,1,101,pending_no_gpu_admission,,,,14460,2026-10-18T09:00:00-06:00
da290fae0d6c072f,author_default,11,1,211,pending_no_gpu_admission,,,,14460,2026-10-18T09:00:00-06:00
da290fae0d6c072f,author_default,11,1,307,pending_no_gpu_admission,,,,14460,2026-10-18T09:00:00-06:00
da290fae0d6c072f,author_default,11,4,101,pending_no_gpu_admission,,,,14460,2026-10-18T09:00:00-06:00
da290fae0d6c072f,author_default,11,4,211,pending_no_gpu_admission,,,,14460,2026-10-18T09:00:00-06:00
da290fae0d6c072f,author_default,11,4,307,pending_no_gpu_admission,,,,14460,2026-10-18T09:00:00-06:00
da290fae0d6c072f,author_default,23,1,101,pending_no_gpu_admission,,,,14470,2026-10-18T09:10:00-06:00
da290fae0d6c072f,author_default,23,1,211,pending_no_gpu_admission,,,,14470,2026-10-18T09:10:00-06:00
da290fae0d6c072f,author_default,23,1,307,pending_no_gpu_admission,,,,14470,2026-10-18T09:10:00-06:00
da290fae0d6c072f,author_default,23,4,101,pending_no_gpu_admission,,,,14470,2026-10-18T09:10:00-06:00
da290fae0d6c072f,author_default,23,4,211,pending_no_gpu_admission,,,,14470,2026-10-18T09:10:00-06:00
da290fae0d6c072f,author_default,23,4,307,pending_no_gpu_admission,,,,14470,2026-10-18T09:10:00-06:00
da290fae0d6c072f,author_default,37,1,101,pending_no_gpu_admission,,,,14480,2026-10-18T09:20:00-06:00
da290fae0d6c072f,author_default,37,1,211,pending_no_gpu_admission,,,,14480,2026-10-18T09:20:00-06:00
da290fae0d6c072f,author_default,37,1,307,pending_no_gpu_admission,,,,14480,2026-10-18T09:20:00-06:00
da290fae0d6c072f,author_default,37,4,101,pending_no_gpu_admission,,,,14480,2026-10-18T09:20:00-06:00
da290fae0d6c072f,author_default,37,4,211,pending_no_gpu_admission,,,,14480,2026-10-18T09:20:00-06:00
da290fae0d6c072f,author_default,37,4,307,pending_no_gpu_admission,,,,14480,2026-10-18T09:20:00-06:00
da290fae0d6c072f,author_default,53,1,101,pending_no_gpu_admission,,,,14490,2026-10-18T09:30:00-06:00
da290fae0d6c072f,author_default,53,1,211,pending_no_gpu_admission,,,,14490,2026-10-18T09:30:00-06:00
da290fae0d6c072f,author_default,53,1,307,pending_no_gpu_admission,,,,14490,2026-10-18T09:30:00-06:00
da290fae0d6c072f,author_default,53,4,101,pending_no_gpu_admission,,,,14490,2026-10-18T09:30:00-06:00
da290fae0d6c072f,author_default,53,4,211,pending_no_gpu_admission,,,,14490,2026-10-18T09:30:00-06:00
da290fae0d6c072f,author_default,53,4,307,pending_no_gpu_admission,,,,14490,2026-10-18T09:30:00-06:00
da290fae0d6c072f,author_default,71,1,101,pending_no_gpu_admission,,,,14500,2026-10-18T09:40:00-06:00
da290fae0d6c072f,author_default,71,1,211,pending_no_gpu_admission,,,,14500,2026-10-18T09:40:00-06:00
da290fae0d6c072f,author_default,71,1,307,pending_no_gpu_admission,,,,14500,2026-10-18T09:40:00-06:00
da290fae0d6c072f,author_default,71,4,101,pending_no_gpu_admission,,,,14500,2026-10-18T09:40:00-06:00
da290fae0d6c072f,author_default,71,4,211,pending_no_gpu_admission,,,,14500,2026-10-18T09:40:00-06:00
da290fae0d6c072f,author_default,71,4,307,pending_no_gpu_admission,,,,14500,2026-10-18T09:40:00-06:00
da290fae0d6c072f,native_selected,11,1,101,pending_no_gpu_admission,,,,14450,2026-10-18T08:50:00-06:00
da290fae0d6c072f,native_selected,11,1,211,pending_no_gpu_admission,,,,14450,2026-10-18T08:50:00-06:00
da290fae0d6c072f,native_selected,11,1,307,pending_no_gpu_admission,,,,14450,2026-10-18T08:50:00-06:00
da290fae0d6c072f,native_selected,11,4,101,pending_no_gpu_admission,,,,14450,2026-10-18T08:50:00-06:00
da290fae0d6c072f,native_selected,11,4,211,pending_no_gpu_admission,,,,14450,2026-10-18T08:50:00-06:00
da290fae0d6c072f,native_selected,11,4,307,pending_no_gpu_admission,,,,14450,2026-10-18T08:50:00-06:00
da290fae0d6c072f,native_selected,23,1,101,pending_no_gpu_admission,,,,14510,2026-10-18T09:50:00-06:00
da290fae0d6c072f,native_selected,23,1,211,pending_no_gpu_admission,,,,14510,2026-10-18T09:50:00-06:00
da290fae0d6c072f,native_selected,23,1,307,pending_no_gpu_admission,,,,14510,2026-10-18T09:50:00-06:00
da290fae0d6c072f,native_selected,23,4,101,pending_no_gpu_admission,,,,14510,2026-10-18T09:50:00-06:00
da290fae0d6c072f,native_selected,23,4,211,pending_no_gpu_admission,,,,14510,2026-10-18T09:50:00-06:00
da290fae0d6c072f,native_selected,23,4,307,pending_no_gpu_admission,,,,14510,2026-10-18T09:50:00-06:00
da290fae0d6c072f,native_selected,37,1,101,pending_no_gpu_admission,,,,14520,2026-10-18T10:00:00-06:00
da290fae0d6c072f,native_selected,37,1,211,pending_no_gpu_admission,,,,14520,2026-10-18T10:00:00-06:00
da290fae0d6c072f,native_selected,37,1,307,pending_no_gpu_admission,,,,14520,2026-10-18T10:00:00-06:00
da290fae0d6c072f,native_selected,37,4,101,pending_no_gpu_admission,,,,14520,2026-10-18T10:00:00-06:00
da290fae0d6c072f,native_selected,37,4,211,pending_no_gpu_admission,,,,14520,2026-10-18T10:00:00-06:00
da290fae0d6c072f,native_selected,37,4,307,pending_no_gpu_admission,,,,14520,2026-10-18T10:00:00-06:00
da290fae0d6c072f,native_selected,53,1,101,pending_no_gpu_admission,,,,14530,2026-10-18T10:10:00-06:00
da290fae0d6c072f,native_selected,53,1,211,pending_no_gpu_admission,,,,14530,2026-10-18T10:10:00-06:00
da290fae0d6c072f,native_selected,53,1,307,pending_no_gpu_admission,,,,14530,2026-10-18T10:10:00-06:00
da290fae0d6c072f,native_selected,53,4,101,pending_no_gpu_admission,,,,14530,2026-10-18T10:10:00-06:00
da290fae0d6c072f,native_selected,53,4,211,pending_no_gpu_admission,,,,14530,2026-10-18T10:10:00-06:00
da290fae0d6c072f,native_selected,53,4,307,pending_no_gpu_admission,,,,14530,2026-10-18T10:10:00-06:00
da290fae0d6c072f,native_selected,71,1,101,pending_no_gpu_admission,,,,14540,2026-10-18T10:20:00-06:00
da290fae0d6c072f,native_selected,71,1,211,pending_no_gpu_admission,,,,14540,2026-10-18T10:20:00-06:00
da290fae0d6c072f,native_selected,71,1,307,pending_no_gpu_admission,,,,14540,2026-10-18T10:20:00-06:00
da290fae0d6c072f,native_selected,71,4,101,pending_no_gpu_admission,,,,14540,2026-10-18T10:20:00-06:00
da290fae0d6c072f,native_selected,71,4,211,pending_no_gpu_admission,,,,14540,2026-10-18T10:20:00-06:00
da290fae0d6c072f,native_selected,71,4,307,pending_no_gpu_admission,,,,14540,2026-10-18T10:20:00-06:00
da78606950f100cd,author_default,11,1,101,pending_no_gpu_admission,,,,14630,2026-10-18T11:50:00-06:00
da78606950f100cd,author_default,11,1,211,pending_no_gpu_admission,,,,14630,2026-10-18T11:50:00-06:00
da78606950f100cd,author_default,11,1,307,pending_no_gpu_admission,,,,14630,2026-10-18T11:50:00-06:00
da78606950f100cd,author_default,11,4,101,pending_no_gpu_admission,,,,14630,2026-10-18T11:50:00-06:00
da78606950f100cd,author_default,11,4,211,pending_no_gpu_admission,,,,14630,2026-10-18T11:50:00-06:00
da78606950f100cd,author_default,11,4,307,pending_no_gpu_admission,,,,14630,2026-10-18T11:50:00-06:00
da78606950f100cd,author_default,23,1,101,pending_no_gpu_admission,,,,14640,2026-10-18T12:00:00-06:00
da78606950f100cd,author_default,23,1,211,pending_no_gpu_admission,,,,14640,2026-10-18T12:00:00-06:00
da78606950f100cd,author_default,23,1,307,pending_no_gpu_admission,,,,14640,2026-10-18T12:00:00-06:00
da78606950f100cd,author_default,23,4,101,pending_no_gpu_admission,,,,14640,2026-10-18T12:00:00-06:00
da78606950f100cd,author_default,23,4,211,pending_no_gpu_admission,,,,14640,2026-10-18T12:00:00-06:00
da78606950f100cd,author_default,23,4,307,pending_no_gpu_admission,,,,14640,2026-10-18T12:00:00-06:00
da78606950f100cd,author_default,37,1,101,pending_no_gpu_admission,,,,14650,2026-10-18T12:10:00-06:00
da78606950f100cd,author_default,37,1,211,pending_no_gpu_admission,,,,14650,2026-10-18T12:10:00-06:00
da78606950f100cd,author_default,37,1,307,pending_no_gpu_admission,,,,14650,2026-10-18T12:10:00-06:00
da78606950f100cd,author_default,37,4,101,pending_no_gpu_admission,,,,14650,2026-10-18T12:10:00-06:00
da78606950f100cd,author_default,37,4,211,pending_no_gpu_admission,,,,14650,2026-10-18T12:10:00-06:00
da78606950f100cd,author_default,37,4,307,pending_no_gpu_admission,,,,14650,2026-10-18T12:10:00-06:00
da78606950f100cd,author_default,53,1,101,pending_no_gpu_admission,,,,14660,2026-10-18T12:20:00-06:00
da78606950f100cd,author_default,53,1,211,pending_no_gpu_admission,,,,14660,2026-10-18T12:20:00-06:00
da78606950f100cd,author_default,53,1,307,pending_no_gpu_admission,,,,14660,2026-10-18T12:20:00-06:00
da78606950f100cd,author_default,53,4,101,pending_no_gpu_admission,,,,14660,2026-10-18T12:20:00-06:00
da78606950f100cd,author_default,53,4,211,pending_no_gpu_admission,,,,14660,2026-10-18T12:20:00-06:00
da78606950f100cd,author_default,53,4,307,pending_no_gpu_admission,,,,14660,2026-10-18T12:20:00-06:00
da78606950f100cd,author_default,71,1,101,pending_no_gpu_admission,,,,14670,2026-10-18T12:30:00-06:00
da78606950f100cd,author_default,71,1,211,pending_no_gpu_admission,,,,14670,2026-10-18T12:30:00-06:00
da78606950f100cd,author_default,71,1,307,pending_no_gpu_admission,,,,14670,2026-10-18T12:30:00-06:00
da78606950f100cd,author_default,71,4,101,pending_no_gpu_admission,,,,14670,2026-10-18T12:30:00-06:00
da78606950f100cd,author_default,71,4,211,pending_no_gpu_admission,,,,14670,2026-10-18T12:30:00-06:00
da78606950f100cd,author_default,71,4,307,pending_no_gpu_admission,,,,14670,2026-10-18T12:30:00-06:00
da78606950f100cd,native_selected,11,1,101,pending_no_gpu_admission,,,,14620,2026-10-18T11:40:00-06:00
da78606950f100cd,native_selected,11,1,211,pending_no_gpu_admission,,,,14620,2026-10-18T11:40:00-06:00
da78606950f100cd,native_selected,11,1,307,pending_no_gpu_admission,,,,14620,2026-10-18T11:40:00-06:00
da78606950f100cd,native_selected,11,4,101,pending_no_gpu_admission,,,,14620,2026-10-18T11:40:00-06:00
da78606950f100cd,native_selected,11,4,211,pending_no_gpu_admission,,,,14620,2026-10-18T11:40:00-06:00
da78606950f100cd,native_selected,11,4,307,pending_no_gpu_admission,,,,14620,2026-10-18T11:40:00-06:00
da78606950f100cd,native_selected,23,1,101,pending_no_gpu_admission,,,,14680,2026-10-18T12:40:00-06:00
da78606950f100cd,native_selected,23,1,211,pending_no_gpu_admission,,,,14680,2026-10-18T12:40:00-06:00
da78606950f100cd,native_selected,23,1,307,pending_no_gpu_admission,,,,14680,2026-10-18T12:40:00-06:00
da78606950f100cd,native_selected,23,4,101,pending_no_gpu_admission,,,,14680,2026-10-18T12:40:00-06:00
da78606950f100cd,native_selected,23,4,211,pending_no_gpu_admission,,,,14680,2026-10-18T12:40:00-06:00
da78606950f100cd,native_selected,23,4,307,pending_no_gpu_admission,,,,14680,2026-10-18T12:40:00-06:00
da78606950f100cd,native_selected,37,1,101,pending_no_gpu_admission,,,,14690,2026-10-18T12:50:00-06:00
da78606950f100cd,native_selected,37,1,211,pending_no_gpu_admission,,,,14690,2026-10-18T12:50:00-06:00
da78606950f100cd,native_selected,37,1,307,pending_no_gpu_admission,,,,14690,2026-10-18T12:50:00-06:00
da78606950f100cd,native_selected,37,4,101,pending_no_gpu_admission,,,,14690,2026-10-18T12:50:00-06:00
da78606950f100cd,native_selected,37,4,211,pending_no_gpu_admission,,,,14690,2026-10-18T12:50:00-06:00
da78606950f100cd,native_selected,37,4,307,pending_no_gpu_admission,,,,14690,2026-10-18T12:50:00-06:00
da78606950f100cd,native_selected,53,1,101,pending_no_gpu_admission,,,,14700,2026-10-18T13:00:00-06:00
da78606950f100cd,native_selected,53,1,211,pending_no_gpu_admission,,,,14700,2026-10-18T13:00:00-06:00
da78606950f100cd,native_selected,53,1,307,pending_no_gpu_admission,,,,14700,2026-10-18T13:00:00-06:00
da78606950f100cd,native_selected,53,4,101,pending_no_gpu_admission,,,,14700,2026-10-18T13:00:00-06:00
da78606950f100cd,native_selected,53,4,211,pending_no_gpu_admission,,,,14700,2026-10-18T13:00:00-06:00
da78606950f100cd,native_selected,53,4,307,pending_no_gpu_admission,,,,14700,2026-10-18T13:00:00-06:00
da78606950f100cd,native_selected,71,1,101,pending_no_gpu_admission,,,,14710,2026-10-18T13:10:00-06:00
da78606950f100cd,native_selected,71,1,211,pending_no_gpu_admission,,,,14710,2026-10-18T13:10:00-06:00
da78606950f100cd,native_selected,71,1,307,pending_no_gpu_admission,,,,14710,2026-10-18T13:10:00-06:00
da78606950f100cd,native_selected,71,4,101,pending_no_gpu_admission,,,,14710,2026-10-18T13:10:00-06:00
da78606950f100cd,native_selected,71,4,211,pending_no_gpu_admission,,,,14710,2026-10-18T13:10:00-06:00
da78606950f100cd,native_selected,71,4,307,pending_no_gpu_admission,,,,14710,2026-10-18T13:10:00-06:00
dd16ac872ffb8673,author_default,11,1,101,pending_no_gpu_admission,,,,14800,2026-10-18T14:40:00-06:00
dd16ac872ffb8673,author_default,11,1,211,pending_no_gpu_admission,,,,14800,2026-10-18T14:40:00-06:00
dd16ac872ffb8673,author_default,11,1,307,pending_no_gpu_admission,,,,14800,2026-10-18T14:40:00-06:00
dd16ac872ffb8673,author_default,11,4,101,pending_no_gpu_admission,,,,14800,2026-10-18T14:40:00-06:00
dd16ac872ffb8673,author_default,11,4,211,pending_no_gpu_admission,,,,14800,2026-10-18T14:40:00-06:00
dd16ac872ffb8673,author_default,11,4,307,pending_no_gpu_admission,,,,14800,2026-10-18T14:40:00-06:00
dd16ac872ffb8673,author_default,23,1,101,pending_no_gpu_admission,,,,14810,2026-10-18T14:50:00-06:00
dd16ac872ffb8673,author_default,23,1,211,pending_no_gpu_admission,,,,14810,2026-10-18T14:50:00-06:00
dd16ac872ffb8673,author_default,23,1,307,pending_no_gpu_admission,,,,14810,2026-10-18T14:50:00-06:00
dd16ac872ffb8673,author_default,23,4,101,pending_no_gpu_admission,,,,14810,2026-10-18T14:50:00-06:00
dd16ac872ffb8673,author_default,23,4,211,pending_no_gpu_admission,,,,14810,2026-10-18T14:50:00-06:00
dd16ac872ffb8673,author_default,23,4,307,pending_no_gpu_admission,,,,14810,2026-10-18T14:50:00-06:00
dd16ac872ffb8673,author_default,37,1,101,pending_no_gpu_admission,,,,14820,2026-10-18T15:00:00-06:00
dd16ac872ffb8673,author_default,37,1,211,pending_no_gpu_admission,,,,14820,2026-10-18T15:00:00-06:00
dd16ac872ffb8673,author_default,37,1,307,pending_no_gpu_admission,,,,14820,2026-10-18T15:00:00-06:00
dd16ac872ffb8673,author_default,37,4,101,pending_no_gpu_admission,,,,14820,2026-10-18T15:00:00-06:00
dd16ac872ffb8673,author_default,37,4,211,pending_no_gpu_admission,,,,14820,2026-10-18T15:00:00-06:00
dd16ac872ffb8673,author_default,37,4,307,pending_no_gpu_admission,,,,14820,2026-10-18T15:00:00-06:00
dd16ac872ffb8673,author_default,53,1,101,pending_no_gpu_admission,,,,14830,2026-10-18T15:10:00-06:00
dd16ac872ffb8673,author_default,53,1,211,pending_no_gpu_admission,,,,14830,2026-10-18T15:10:00-06:00
dd16ac872ffb8673,author_default,53,1,307,pending_no_gpu_admission,,,,14830,2026-10-18T15:10:00-06:00
dd16ac872ffb8673,author_default,53,4,101,pending_no_gpu_admission,,,,14830,2026-10-18T15:10:00-06:00
dd16ac872ffb8673,author_default,53,4,211,pending_no_gpu_admission,,,,14830,2026-10-18T15:10:00-06:00
dd16ac872ffb8673,author_default,53,4,307,pending_no_gpu_admission,,,,14830,2026-10-18T15:10:00-06:00
dd16ac872ffb8673,author_default,71,1,101,pending_no_gpu_admission,,,,14840,2026-10-18T15:20:00-06:00
dd16ac872ffb8673,author_default,71,1,211,pending_no_gpu_admission,,,,14840,2026-10-18T15:20:00-06:00
dd16ac872ffb8673,author_default,71,1,307,pending_no_gpu_admission,,,,14840,2026-10-18T15:20:00-06:00
dd16ac872ffb8673,author_default,71,4,101,pending_no_gpu_admission,,,,14840,2026-10-18T15:20:00-06:00
dd16ac872ffb8673,author_default,71,4,211,pending_no_gpu_admission,,,,14840,2026-10-18T15:20:00-06:00
dd16ac872ffb8673,author_default,71,4,307,pending_no_gpu_admission,,,,14840,2026-10-18T15:20:00-06:00
dd16ac872ffb8673,native_selected,11,1,101,pending_no_gpu_admission,,,,14790,2026-10-18T14:30:00-06:00
dd16ac872ffb8673,native_selected,11,1,211,pending_no_gpu_admission,,,,14790,2026-10-18T14:30:00-06:00
dd16ac872ffb8673,native_selected,11,1,307,pending_no_gpu_admission,,,,14790,2026-10-18T14:30:00-06:00
dd16ac872ffb8673,native_selected,11,4,101,pending_no_gpu_admission,,,,14790,2026-10-18T14:30:00-06:00
dd16ac872ffb8673,native_selected,11,4,211,pending_no_gpu_admission,,,,14790,2026-10-18T14:30:00-06:00
dd16ac872ffb8673,native_selected,11,4,307,pending_no_gpu_admission,,,,14790,2026-10-18T14:30:00-06:00
dd16ac872ffb8673,native_selected,23,1,101,pending_no_gpu_admission,,,,14850,2026-10-18T15:30:00-06:00
dd16ac872ffb8673,native_selected,23,1,211,pending_no_gpu_admission,,,,14850,2026-10-18T15:30:00-06:00
dd16ac872ffb8673,native_selected,23,1,307,pending_no_gpu_admission,,,,14850,2026-10-18T15:30:00-06:00
dd16ac872ffb8673,native_selected,23,4,101,pending_no_gpu_admission,,,,14850,2026-10-18T15:30:00-06:00
dd16ac872ffb8673,native_selected,23,4,211,pending_no_gpu_admission,,,,14850,2026-10-18T15:30:00-06:00
dd16ac872ffb8673,native_selected,23,4,307,pending_no_gpu_admission,,,,14850,2026-10-18T15:30:00-06:00
dd16ac872ffb8673,native_selected,37,1,101,pending_no_gpu_admission,,,,14860,2026-10-18T15:40:00-06:00
dd16ac872ffb8673,native_selected,37,1,211,pending_no_gpu_admission,,,,14860,2026-10-18T15:40:00-06:00
dd16ac872ffb8673,native_selected,37,1,307,pending_no_gpu_admission,,,,14860,2026-10-18T15:40:00-06:00
dd16ac872ffb8673,native_selected,37,4,101,pending_no_gpu_admission,,,,14860,2026-10-18T15:40:00-06:00
dd16ac872ffb8673,native_selected,37,4,211,pending_no_gpu_admission,,,,14860,2026-10-18T15:40:00-06:00
dd16ac872ffb8673,native_selected,37,4,307,pending_no_gpu_admission,,,,14860,2026-10-18T15:40:00-06:00
dd16ac872ffb8673,native_selected,53,1,101,pending_no_gpu_admission,,,,14870,2026-10-18T15:50:00-06:00
dd16ac872ffb8673,native_selected,53,1,211,pending_no_gpu_admission,,,,14870,2026-10-18T15:50:00-06:00
dd16ac872ffb8673,native_selected,53,1,307,pending_no_gpu_admission,,,,14870,2026-10-18T15:50:00-06:00
dd16ac872ffb8673,native_selected,53,4,101,pending_no_gpu_admission,,,,14870,2026-10-18T15:50:00-06:00
dd16ac872ffb8673,native_selected,53,4,211,pending_no_gpu_admission,,,,14870,2026-10-18T15:50:00-06:00
dd16ac872ffb8673,native_selected,53,4,307,pending_no_gpu_admission,,,,14870,2026-10-18T15:50:00-06:00
dd16ac872ffb8673,native_selected,71,1,101,pending_no_gpu_admission,,,,14880,2026-10-18T16:00:00-06:00
dd16ac872ffb8673,native_selected,71,1,211,pending_no_gpu_admission,,,,14880,2026-10-18T16:00:00-06:00
dd16ac872ffb8673,native_selected,71,1,307,pending_no_gpu_admission,,,,14880,2026-10-18T16:00:00-06:00
dd16ac872ffb8673,native_selected,71,4,101,pending_no_gpu_admission,,,,14880,2026-10-18T16:00:00-06:00
dd16ac872ffb8673,native_selected,71,4,211,pending_no_gpu_admission,,,,14880,2026-10-18T16:00:00-06:00
dd16ac872ffb8673,native_selected,71,4,307,pending_no_gpu_admission,,,,14880,2026-10-18T16:00:00-06:00
de2868ac837699fd,author_default,11,1,101,pending_no_gpu_admission,,,,14970,2026-10-18T17:30:00-06:00
de2868ac837699fd,author_default,11,1,211,pending_no_gpu_admission,,,,14970,2026-10-18T17:30:00-06:00
de2868ac837699fd,author_default,11,1,307,pending_no_gpu_admission,,,,14970,2026-10-18T17:30:00-06:00
de2868ac837699fd,author_default,11,4,101,pending_no_gpu_admission,,,,14970,2026-10-18T17:30:00-06:00
de2868ac837699fd,author_default,11,4,211,pending_no_gpu_admission,,,,14970,2026-10-18T17:30:00-06:00
de2868ac837699fd,author_default,11,4,307,pending_no_gpu_admission,,,,14970,2026-10-18T17:30:00-06:00
de2868ac837699fd,author_default,23,1,101,pending_no_gpu_admission,,,,14980,2026-10-18T17:40:00-06:00
de2868ac837699fd,author_default,23,1,211,pending_no_gpu_admission,,,,14980,2026-10-18T17:40:00-06:00
de2868ac837699fd,author_default,23,1,307,pending_no_gpu_admission,,,,14980,2026-10-18T17:40:00-06:00
de2868ac837699fd,author_default,23,4,101,pending_no_gpu_admission,,,,14980,2026-10-18T17:40:00-06:00
de2868ac837699fd,author_default,23,4,211,pending_no_gpu_admission,,,,14980,2026-10-18T17:40:00-06:00
de2868ac837699fd,author_default,23,4,307,pending_no_gpu_admission,,,,14980,2026-10-18T17:40:00-06:00
de2868ac837699fd,author_default,37,1,101,pending_no_gpu_admission,,,,14990,2026-10-18T17:50:00-06:00
de2868ac837699fd,author_default,37,1,211,pending_no_gpu_admission,,,,14990,2026-10-18T17:50:00-06:00
de2868ac837699fd,author_default,37,1,307,pending_no_gpu_admission,,,,14990,2026-10-18T17:50:00-06:00
de2868ac837699fd,author_default,37,4,101,pending_no_gpu_admission,,,,14990,2026-10-18T17:50:00-06:00
de2868ac837699fd,author_default,37,4,211,pending_no_gpu_admission,,,,14990,2026-10-18T17:50:00-06:00
de2868ac837699fd,author_default,37,4,307,pending_no_gpu_admission,,,,14990,2026-10-18T17:50:00-06:00
de2868ac837699fd,author_default,53,1,101,pending_no_gpu_admission,,,,15000,2026-10-18T18:00:00-06:00
de2868ac837699fd,author_default,53,1,211,pending_no_gpu_admission,,,,15000,2026-10-18T18:00:00-06:00
de2868ac837699fd,author_default,53,1,307,pending_no_gpu_admission,,,,15000,2026-10-18T18:00:00-06:00
de2868ac837699fd,author_default,53,4,101,pending_no_gpu_admission,,,,15000,2026-10-18T18:00:00-06:00
de2868ac837699fd,author_default,53,4,211,pending_no_gpu_admission,,,,15000,2026-10-18T18:00:00-06:00
de2868ac837699fd,author_default,53,4,307,pending_no_gpu_admission,,,,15000,2026-10-18T18:00:00-06:00
de2868ac837699fd,author_default,71,1,101,pending_no_gpu_admission,,,,15010,2026-10-18T18:10:00-06:00
de2868ac837699fd,author_default,71,1,211,pending_no_gpu_admission,,,,15010,2026-10-18T18:10:00-06:00
de2868ac837699fd,author_default,71,1,307,pending_no_gpu_admission,,,,15010,2026-10-18T18:10:00-06:00
de2868ac837699fd,author_default,71,4,101,pending_no_gpu_admission,,,,15010,2026-10-18T18:10:00-06:00
de2868ac837699fd,author_default,71,4,211,pending_no_gpu_admission,,,,15010,2026-10-18T18:10:00-06:00
de2868ac837699fd,author_default,71,4,307,pending_no_gpu_admission,,,,15010,2026-10-18T18:10:00-06:00
de2868ac837699fd,native_selected,11,1,101,pending_no_gpu_admission,,,,14960,2026-10-18T17:20:00-06:00
de2868ac837699fd,native_selected,11,1,211,pending_no_gpu_admission,,,,14960,2026-10-18T17:20:00-06:00
de2868ac837699fd,native_selected,11,1,307,pending_no_gpu_admission,,,,14960,2026-10-18T17:20:00-06:00
de2868ac837699fd,native_selected,11,4,101,pending_no_gpu_admission,,,,14960,2026-10-18T17:20:00-06:00
de2868ac837699fd,native_selected,11,4,211,pending_no_gpu_admission,,,,14960,2026-10-18T17:20:00-06:00
de2868ac837699fd,native_selected,11,4,307,pending_no_gpu_admission,,,,14960,2026-10-18T17:20:00-06:00
de2868ac837699fd,native_selected,23,1,101,pending_no_gpu_admission,,,,15020,2026-10-18T18:20:00-06:00
de2868ac837699fd,native_selected,23,1,211,pending_no_gpu_admission,,,,15020,2026-10-18T18:20:00-06:00
de2868ac837699fd,native_selected,23,1,307,pending_no_gpu_admission,,,,15020,2026-10-18T18:20:00-06:00
de2868ac837699fd,native_selected,23,4,101,pending_no_gpu_admission,,,,15020,2026-10-18T18:20:00-06:00
de2868ac837699fd,native_selected,23,4,211,pending_no_gpu_admission,,,,15020,2026-10-18T18:20:00-06:00
de2868ac837699fd,native_selected,23,4,307,pending_no_gpu_admission,,,,15020,2026-10-18T18:20:00-06:00
de2868ac837699fd,native_selected,37,1,101,pending_no_gpu_admission,,,,15030,2026-10-18T18:30:00-06:00
de2868ac837699fd,native_selected,37,1,211,pending_no_gpu_admission,,,,15030,2026-10-18T18:30:00-06:00
de2868ac837699fd,native_selected,37,1,307,pending_no_gpu_admission,,,,15030,2026-10-18T18:30:00-06:00
de2868ac837699fd,native_selected,37,4,101,pending_no_gpu_admission,,,,15030,2026-10-18T18:30:00-06:00
de2868ac837699fd,native_selected,37,4,211,pending_no_gpu_admission,,,,15030,2026-10-18T18:30:00-06:00
de2868ac837699fd,native_selected,37,4,307,pending_no_gpu_admission,,,,15030,2026-10-18T18:30:00-06:00
de2868ac837699fd,native_selected,53,1,101,pending_no_gpu_admission,,,,15040,2026-10-18T18:40:00-06:00
de2868ac837699fd,native_selected,53,1,211,pending_no_gpu_admission,,,,15040,2026-10-18T18:40:00-06:00
de2868ac837699fd,native_selected,53,1,307,pending_no_gpu_admission,,,,15040,2026-10-18T18:40:00-06:00
de2868ac837699fd,native_selected,53,4,101,pending_no_gpu_admission,,,,15040,2026-10-18T18:40:00-06:00
de2868ac837699fd,native_selected,53,4,211,pending_no_gpu_admission,,,,15040,2026-10-18T18:40:00-06:00
de2868ac837699fd,native_selected,53,4,307,pending_no_gpu_admission,,,,15040,2026-10-18T18:40:00-06:00
de2868ac837699fd,native_selected,71,1,101,pending_no_gpu_admission,,,,15050,2026-10-18T18:50:00-06:00
de2868ac837699fd,native_selected,71,1,211,pending_no_gpu_admission,,,,15050,2026-10-18T18:50:00-06:00
de2868ac837699fd,native_selected,71,1,307,pending_no_gpu_admission,,,,15050,2026-10-18T18:50:00-06:00
de2868ac837699fd,native_selected,71,4,101,pending_no_gpu_admission,,,,15050,2026-10-18T18:50:00-06:00
de2868ac837699fd,native_selected,71,4,211,pending_no_gpu_admission,,,,15050,2026-10-18T18:50:00-06:00
de2868ac837699fd,native_selected,71,4,307,pending_no_gpu_admission,,,,15050,2026-10-18T18:50:00-06:00
e08f0b9931f93686,author_default,11,1,101,pending_no_gpu_admission,,,,15140,2026-10-18T20:20:00-06:00
e08f0b9931f93686,author_default,11,1,211,pending_no_gpu_admission,,,,15140,2026-10-18T20:20:00-06:00
e08f0b9931f93686,author_default,11,1,307,pending_no_gpu_admission,,,,15140,2026-10-18T20:20:00-06:00
e08f0b9931f93686,author_default,11,4,101,pending_no_gpu_admission,,,,15140,2026-10-18T20:20:00-06:00
e08f0b9931f93686,author_default,11,4,211,pending_no_gpu_admission,,,,15140,2026-10-18T20:20:00-06:00
e08f0b9931f93686,author_default,11,4,307,pending_no_gpu_admission,,,,15140,2026-10-18T20:20:00-06:00
e08f0b9931f93686,author_default,23,1,101,pending_no_gpu_admission,,,,15150,2026-10-18T20:30:00-06:00
e08f0b9931f93686,author_default,23,1,211,pending_no_gpu_admission,,,,15150,2026-10-18T20:30:00-06:00
e08f0b9931f93686,author_default,23,1,307,pending_no_gpu_admission,,,,15150,2026-10-18T20:30:00-06:00
e08f0b9931f93686,author_default,23,4,101,pending_no_gpu_admission,,,,15150,2026-10-18T20:30:00-06:00
e08f0b9931f93686,author_default,23,4,211,pending_no_gpu_admission,,,,15150,2026-10-18T20:30:00-06:00
e08f0b9931f93686,author_default,23,4,307,pending_no_gpu_admission,,,,15150,2026-10-18T20:30:00-06:00
e08f0b9931f93686,author_default,37,1,101,pending_no_gpu_admission,,,,15160,2026-10-18T20:40:00-06:00
e08f0b9931f93686,author_default,37,1,211,pending_no_gpu_admission,,,,15160,2026-10-18T20:40:00-06:00
e08f0b9931f93686,author_default,37,1,307,pending_no_gpu_admission,,,,15160,2026-10-18T20:40:00-06:00
e08f0b9931f93686,author_default,37,4,101,pending_no_gpu_admission,,,,15160,2026-10-18T20:40:00-06:00
e08f0b9931f93686,author_default,37,4,211,pending_no_gpu_admission,,,,15160,2026-10-18T20:40:00-06:00
e08f0b9931f93686,author_default,37,4,307,pending_no_gpu_admission,,,,15160,2026-10-18T20:40:00-06:00
e08f0b9931f93686,author_default,53,1,101,pending_no_gpu_admission,,,,15170,2026-10-18T20:50:00-06:00
e08f0b9931f93686,author_default,53,1,211,pending_no_gpu_admission,,,,15170,2026-10-18T20:50:00-06:00
e08f0b9931f93686,author_default,53,1,307,pending_no_gpu_admission,,,,15170,2026-10-18T20:50:00-06:00
e08f0b9931f93686,author_default,53,4,101,pending_no_gpu_admission,,,,15170,2026-10-18T20:50:00-06:00
e08f0b9931f93686,author_default,53,4,211,pending_no_gpu_admission,,,,15170,2026-10-18T20:50:00-06:00
e08f0b9931f93686,author_default,53,4,307,pending_no_gpu_admission,,,,15170,2026-10-18T20:50:00-06:00
e08f0b9931f93686,author_default,71,1,101,pending_no_gpu_admission,,,,15180,2026-10-18T21:00:00-06:00
e08f0b9931f93686,author_default,71,1,211,pending_no_gpu_admission,,,,15180,2026-10-18T21:00:00-06:00
e08f0b9931f93686,author_default,71,1,307,pending_no_gpu_admission,,,,15180,2026-10-18T21:00:00-06:00
e08f0b9931f93686,author_default,71,4,101,pending_no_gpu_admission,,,,15180,2026-10-18T21:00:00-06:00
e08f0b9931f93686,author_default,71,4,211,pending_no_gpu_admission,,,,15180,2026-10-18T21:00:00-06:00
e08f0b9931f93686,author_default,71,4,307,pending_no_gpu_admission,,,,15180,2026-10-18T21:00:00-06:00
e08f0b9931f93686,native_selected,11,1,101,pending_no_gpu_admission,,,,15130,2026-10-18T20:10:00-06:00
e08f0b9931f93686,native_selected,11,1,211,pending_no_gpu_admission,,,,15130,2026-10-18T20:10:00-06:00
e08f0b9931f93686,native_selected,11,1,307,pending_no_gpu_admission,,,,15130,2026-10-18T20:10:00-06:00
e08f0b9931f93686,native_selected,11,4,101,pending_no_gpu_admission,,,,15130,2026-10-18T20:10:00-06:00
e08f0b9931f93686,native_selected,11,4,211,pending_no_gpu_admission,,,,15130,2026-10-18T20:10:00-06:00
e08f0b9931f93686,native_selected,11,4,307,pending_no_gpu_admission,,,,15130,2026-10-18T20:10:00-06:00
e08f0b9931f93686,native_selected,23,1,101,pending_no_gpu_admission,,,,15190,2026-10-18T21:10:00-06:00
e08f0b9931f93686,native_selected,23,1,211,pending_no_gpu_admission,,,,15190,2026-10-18T21:10:00-06:00
e08f0b9931f93686,native_selected,23,1,307,pending_no_gpu_admission,,,,15190,2026-10-18T21:10:00-06:00
e08f0b9931f93686,native_selected,23,4,101,pending_no_gpu_admission,,,,15190,2026-10-18T21:10:00-06:00
e08f0b9931f93686,native_selected,23,4,211,pending_no_gpu_admission,,,,15190,2026-10-18T21:10:00-06:00
e08f0b9931f93686,native_selected,23,4,307,pending_no_gpu_admission,,,,15190,2026-10-18T21:10:00-06:00
e08f0b9931f93686,native_selected,37,1,101,pending_no_gpu_admission,,,,15200,2026-10-18T21:20:00-06:00
e08f0b9931f93686,native_selected,37,1,211,pending_no_gpu_admission,,,,15200,2026-10-18T21:20:00-06:00
e08f0b9931f93686,native_selected,37,1,307,pending_no_gpu_admission,,,,15200,2026-10-18T21:20:00-06:00
e08f0b9931f93686,native_selected,37,4,101,pending_no_gpu_admission,,,,15200,2026-10-18T21:20:00-06:00
e08f0b9931f93686,native_selected,37,4,211,pending_no_gpu_admission,,,,15200,2026-10-18T21:20:00-06:00
e08f0b9931f93686,native_selected,37,4,307,pending_no_gpu_admission,,,,15200,2026-10-18T21:20:00-06:00
e08f0b9931f93686,native_selected,53,1,101,pending_no_gpu_admission,,,,15210,2026-10-18T21:30:00-06:00
e08f0b9931f93686,native_selected,53,1,211,pending_no_gpu_admission,,,,15210,2026-10-18T21:30:00-06:00
e08f0b9931f93686,native_selected,53,1,307,pending_no_gpu_admission,,,,15210,2026-10-18T21:30:00-06:00
e08f0b9931f93686,native_selected,53,4,101,pending_no_gpu_admission,,,,15210,2026-10-18T21:30:00-06:00
e08f0b9931f93686,native_selected,53,4,211,pending_no_gpu_admission,,,,15210,2026-10-18T21:30:00-06:00
e08f0b9931f93686,native_selected,53,4,307,pending_no_gpu_admission,,,,15210,2026-10-18T21:30:00-06:00
e08f0b9931f93686,native_selected,71,1,101,pending_no_gpu_admission,,,,15220,2026-10-18T21:40:00-06:00
e08f0b9931f93686,native_selected,71,1,211,pending_no_gpu_admission,,,,15220,2026-10-18T21:40:00-06:00
e08f0b9931f93686,native_selected,71,1,307,pending_no_gpu_admission,,,,15220,2026-10-18T21:40:00-06:00
e08f0b9931f93686,native_selected,71,4,101,pending_no_gpu_admission,,,,15220,2026-10-18T21:40:00-06:00
e08f0b9931f93686,native_selected,71,4,211,pending_no_gpu_admission,,,,15220,2026-10-18T21:40:00-06:00
e08f0b9931f93686,native_selected,71,4,307,pending_no_gpu_admission,,,,15220,2026-10-18T21:40:00-06:00
e18350fb51a9d1b0,author_default,11,1,101,pending_no_gpu_admission,,,,15310,2026-10-18T23:10:00-06:00
e18350fb51a9d1b0,author_default,11,1,211,pending_no_gpu_admission,,,,15310,2026-10-18T23:10:00-06:00
e18350fb51a9d1b0,author_default,11,1,307,pending_no_gpu_admission,,,,15310,2026-10-18T23:10:00-06:00
e18350fb51a9d1b0,author_default,11,4,101,pending_no_gpu_admission,,,,15310,2026-10-18T23:10:00-06:00
e18350fb51a9d1b0,author_default,11,4,211,pending_no_gpu_admission,,,,15310,2026-10-18T23:10:00-06:00
e18350fb51a9d1b0,author_default,11,4,307,pending_no_gpu_admission,,,,15310,2026-10-18T23:10:00-06:00
e18350fb51a9d1b0,author_default,23,1,101,pending_no_gpu_admission,,,,15320,2026-10-18T23:20:00-06:00
e18350fb51a9d1b0,author_default,23,1,211,pending_no_gpu_admission,,,,15320,2026-10-18T23:20:00-06:00
e18350fb51a9d1b0,author_default,23,1,307,pending_no_gpu_admission,,,,15320,2026-10-18T23:20:00-06:00
e18350fb51a9d1b0,author_default,23,4,101,pending_no_gpu_admission,,,,15320,2026-10-18T23:20:00-06:00
e18350fb51a9d1b0,author_default,23,4,211,pending_no_gpu_admission,,,,15320,2026-10-18T23:20:00-06:00
e18350fb51a9d1b0,author_default,23,4,307,pending_no_gpu_admission,,,,15320,2026-10-18T23:20:00-06:00
e18350fb51a9d1b0,author_default,37,1,101,pending_no_gpu_admission,,,,15330,2026-10-18T23:30:00-06:00
e18350fb51a9d1b0,author_default,37,1,211,pending_no_gpu_admission,,,,15330,2026-10-18T23:30:00-06:00
e18350fb51a9d1b0,author_default,37,1,307,pending_no_gpu_admission,,,,15330,2026-10-18T23:30:00-06:00
e18350fb51a9d1b0,author_default,37,4,101,pending_no_gpu_admission,,,,15330,2026-10-18T23:30:00-06:00
e18350fb51a9d1b0,author_default,37,4,211,pending_no_gpu_admission,,,,15330,2026-10-18T23:30:00-06:00
e18350fb51a9d1b0,author_default,37,4,307,pending_no_gpu_admission,,,,15330,2026-10-18T23:30:00-06:00
e18350fb51a9d1b0,author_default,53,1,101,pending_no_gpu_admission,,,,15340,2026-10-18T23:40:00-06:00
e18350fb51a9d1b0,author_default,53,1,211,pending_no_gpu_admission,,,,15340,2026-10-18T23:40:00-06:00
e18350fb51a9d1b0,author_default,53,1,307,pending_no_gpu_admission,,,,15340,2026-10-18T23:40:00-06:00
e18350fb51a9d1b0,author_default,53,4,101,pending_no_gpu_admission,,,,15340,2026-10-18T23:40:00-06:00
e18350fb51a9d1b0,author_default,53,4,211,pending_no_gpu_admission,,,,15340,2026-10-18T23:40:00-06:00
e18350fb51a9d1b0,author_default,53,4,307,pending_no_gpu_admission,,,,15340,2026-10-18T23:40:00-06:00
e18350fb51a9d1b0,author_default,71,1,101,pending_no_gpu_admission,,,,15350,2026-10-18T23:50:00-06:00
e18350fb51a9d1b0,author_default,71,1,211,pending_no_gpu_admission,,,,15350,2026-10-18T23:50:00-06:00
e18350fb51a9d1b0,author_default,71,1,307,pending_no_gpu_admission,,,,15350,2026-10-18T23:50:00-06:00
e18350fb51a9d1b0,author_default,71,4,101,pending_no_gpu_admission,,,,15350,2026-10-18T23:50:00-06:00
e18350fb51a9d1b0,author_default,71,4,211,pending_no_gpu_admission,,,,15350,2026-10-18T23:50:00-06:00
e18350fb51a9d1b0,author_default,71,4,307,pending_no_gpu_admission,,,,15350,2026-10-18T23:50:00-06:00
e18350fb51a9d1b0,native_selected,11,1,101,pending_no_gpu_admission,,,,15300,2026-10-18T23:00:00-06:00
e18350fb51a9d1b0,native_selected,11,1,211,pending_no_gpu_admission,,,,15300,2026-10-18T23:00:00-06:00
e18350fb51a9d1b0,native_selected,11,1,307,pending_no_gpu_admission,,,,15300,2026-10-18T23:00:00-06:00
e18350fb51a9d1b0,native_selected,11,4,101,pending_no_gpu_admission,,,,15300,2026-10-18T23:00:00-06:00
e18350fb51a9d1b0,native_selected,11,4,211,pending_no_gpu_admission,,,,15300,2026-10-18T23:00:00-06:00
e18350fb51a9d1b0,native_selected,11,4,307,pending_no_gpu_admission,,,,15300,2026-10-18T23:00:00-06:00
e18350fb51a9d1b0,native_selected,23,1,101,pending_no_gpu_admission,,,,15360,2026-10-19T00:00:00-06:00
e18350fb51a9d1b0,native_selected,23,1,211,pending_no_gpu_admission,,,,15360,2026-10-19T00:00:00-06:00
e18350fb51a9d1b0,native_selected,23,1,307,pending_no_gpu_admission,,,,15360,2026-10-19T00:00:00-06:00
e18350fb51a9d1b0,native_selected,23,4,101,pending_no_gpu_admission,,,,15360,2026-10-19T00:00:00-06:00
e18350fb51a9d1b0,native_selected,23,4,211,pending_no_gpu_admission,,,,15360,2026-10-19T00:00:00-06:00
e18350fb51a9d1b0,native_selected,23,4,307,pending_no_gpu_admission,,,,15360,2026-10-19T00:00:00-06:00
e18350fb51a9d1b0,native_selected,37,1,101,pending_no_gpu_admission,,,,15370,2026-10-19T00:10:00-06:00
e18350fb51a9d1b0,native_selected,37,1,211,pending_no_gpu_admission,,,,15370,2026-10-19T00:10:00-06:00
e18350fb51a9d1b0,native_selected,37,1,307,pending_no_gpu_admission,,,,15370,2026-10-19T00:10:00-06:00
e18350fb51a9d1b0,native_selected,37,4,101,pending_no_gpu_admission,,,,15370,2026-10-19T00:10:00-06:00
e18350fb51a9d1b0,native_selected,37,4,211,pending_no_gpu_admission,,,,15370,2026-10-19T00:10:00-06:00
e18350fb51a9d1b0,native_selected,37,4,307,pending_no_gpu_admission,,,,15370,2026-10-19T00:10:00-06:00
e18350fb51a9d1b0,native_selected,53,1,101,pending_no_gpu_admission,,,,15380,2026-10-19T00:20:00-06:00
e18350fb51a9d1b0,native_selected,53,1,211,pending_no_gpu_admission,,,,15380,2026-10-19T00:20:00-06:00
e18350fb51a9d1b0,native_selected,53,1,307,pending_no_gpu_admission,,,,15380,2026-10-19T00:20:00-06:00
e18350fb51a9d1b0,native_selected,53,4,101,pending_no_gpu_admission,,,,15380,2026-10-19T00:20:00-06:00
e18350fb51a9d1b0,native_selected,53,4,211,pending_no_gpu_admission,,,,15380,2026-10-19T00:20:00-06:00
e18350fb51a9d1b0,native_selected,53,4,307,pending_no_gpu_admission,,,,15380,2026-10-19T00:20:00-06:00
e18350fb51a9d1b0,native_selected,71,1,101,pending_no_gpu_admission,,,,15390,2026-10-19T00:30:00-06:00
e18350fb51a9d1b0,native_selected,71,1,211,pending_no_gpu_admission,,,,15390,2026-10-19T00:30:00-06:00
e18350fb51a9d1b0,native_selected,71,1,307,pending_no_gpu_admission,,,,15390,2026-10-19T00:30:00-06:00
e18350fb51a9d1b0,native_selected,71,4,101,pending_no_gpu_admission,,,,15390,2026-10-19T00:30:00-06:00
e18350fb51a9d1b0,native_selected,71,4,211,pending_no_gpu_admission,,,,15390,2026-10-19T00:30:00-06:00
e18350fb51a9d1b0,native_selected,71,4,307,pending_no_gpu_admission,,,,15390,2026-10-19T00:30:00-06:00
e5a3a7b3668a1cc2,author_default,11,1,101,pending_no_gpu_admission,,,,15480,2026-10-19T02:00:00-06:00
e5a3a7b3668a1cc2,author_default,11,1,211,pending_no_gpu_admission,,,,15480,2026-10-19T02:00:00-06:00
e5a3a7b3668a1cc2,author_default,11,1,307,pending_no_gpu_admission,,,,15480,2026-10-19T02:00:00-06:00
e5a3a7b3668a1cc2,author_default,11,4,101,pending_no_gpu_admission,,,,15480,2026-10-19T02:00:00-06:00
e5a3a7b3668a1cc2,author_default,11,4,211,pending_no_gpu_admission,,,,15480,2026-10-19T02:00:00-06:00
e5a3a7b3668a1cc2,author_default,11,4,307,pending_no_gpu_admission,,,,15480,2026-10-19T02:00:00-06:00
e5a3a7b3668a1cc2,author_default,23,1,101,pending_no_gpu_admission,,,,15490,2026-10-19T02:10:00-06:00
e5a3a7b3668a1cc2,author_default,23,1,211,pending_no_gpu_admission,,,,15490,2026-10-19T02:10:00-06:00
e5a3a7b3668a1cc2,author_default,23,1,307,pending_no_gpu_admission,,,,15490,2026-10-19T02:10:00-06:00
e5a3a7b3668a1cc2,author_default,23,4,101,pending_no_gpu_admission,,,,15490,2026-10-19T02:10:00-06:00
e5a3a7b3668a1cc2,author_default,23,4,211,pending_no_gpu_admission,,,,15490,2026-10-19T02:10:00-06:00
e5a3a7b3668a1cc2,author_default,23,4,307,pending_no_gpu_admission,,,,15490,2026-10-19T02:10:00-06:00
e5a3a7b3668a1cc2,author_default,37,1,101,pending_no_gpu_admission,,,,15500,2026-10-19T02:20:00-06:00
e5a3a7b3668a1cc2,author_default,37,1,211,pending_no_gpu_admission,,,,15500,2026-10-19T02:20:00-06:00
e5a3a7b3668a1cc2,author_default,37,1,307,pending_no_gpu_admission,,,,15500,2026-10-19T02:20:00-06:00
e5a3a7b3668a1cc2,author_default,37,4,101,pending_no_gpu_admission,,,,15500,2026-10-19T02:20:00-06:00
e5a3a7b3668a1cc2,author_default,37,4,211,pending_no_gpu_admission,,,,15500,2026-10-19T02:20:00-06:00
e5a3a7b3668a1cc2,author_default,37,4,307,pending_no_gpu_admission,,,,15500,2026-10-19T02:20:00-06:00
e5a3a7b3668a1cc2,author_default,53,1,101,pending_no_gpu_admission,,,,15510,2026-10-19T02:30:00-06:00
e5a3a7b3668a1cc2,author_default,53,1,211,pending_no_gpu_admission,,,,15510,2026-10-19T02:30:00-06:00
e5a3a7b3668a1cc2,author_default,53,1,307,pending_no_gpu_admission,,,,15510,2026-10-19T02:30:00-06:00
e5a3a7b3668a1cc2,author_default,53,4,101,pending_no_gpu_admission,,,,15510,2026-10-19T02:30:00-06:00
e5a3a7b3668a1cc2,author_default,53,4,211,pending_no_gpu_admission,,,,15510,2026-10-19T02:30:00-06:00
e5a3a7b3668a1cc2,author_default,53,4,307,pending_no_gpu_admission,,,,15510,2026-10-19T02:30:00-06:00
e5a3a7b3668a1cc2,author_default,71,1,101,pending_no_gpu_admission,,,,15520,2026-10-19T02:40:00-06:00
e5a3a7b3668a1cc2,author_default,71,1,211,pending_no_gpu_admission,,,,15520,2026-10-19T02:40:00-06:00
e5a3a7b3668a1cc2,author_default,71,1,307,pending_no_gpu_admission,,,,15520,2026-10-19T02:40:00-06:00
e5a3a7b3668a1cc2,author_default,71,4,101,pending_no_gpu_admission,,,,15520,2026-10-19T02:40:00-06:00
e5a3a7b3668a1cc2,author_default,71,4,211,pending_no_gpu_admission,,,,15520,2026-10-19T02:40:00-06:00
e5a3a7b3668a1cc2,author_default,71,4,307,pending_no_gpu_admission,,,,15520,2026-10-19T02:40:00-06:00
e5a3a7b3668a1cc2,native_selected,11,1,101,pending_no_gpu_admission,,,,15470,2026-10-19T01:50:00-06:00
e5a3a7b3668a1cc2,native_selected,11,1,211,pending_no_gpu_admission,,,,15470,2026-10-19T01:50:00-06:00
e5a3a7b3668a1cc2,native_selected,11,1,307,pending_no_gpu_admission,,,,15470,2026-10-19T01:50:00-06:00
e5a3a7b3668a1cc2,native_selected,11,4,101,pending_no_gpu_admission,,,,15470,2026-10-19T01:50:00-06:00
e5a3a7b3668a1cc2,native_selected,11,4,211,pending_no_gpu_admission,,,,15470,2026-10-19T01:50:00-06:00
e5a3a7b3668a1cc2,native_selected,11,4,307,pending_no_gpu_admission,,,,15470,2026-10-19T01:50:00-06:00
e5a3a7b3668a1cc2,native_selected,23,1,101,pending_no_gpu_admission,,,,15530,2026-10-19T02:50:00-06:00
e5a3a7b3668a1cc2,native_selected,23,1,211,pending_no_gpu_admission,,,,15530,2026-10-19T02:50:00-06:00
e5a3a7b3668a1cc2,native_selected,23,1,307,pending_no_gpu_admission,,,,15530,2026-10-19T02:50:00-06:00
e5a3a7b3668a1cc2,native_selected,23,4,101,pending_no_gpu_admission,,,,15530,2026-10-19T02:50:00-06:00
e5a3a7b3668a1cc2,native_selected,23,4,211,pending_no_gpu_admission,,,,15530,2026-10-19T02:50:00-06:00
e5a3a7b3668a1cc2,native_selected,23,4,307,pending_no_gpu_admission,,,,15530,2026-10-19T02:50:00-06:00
e5a3a7b3668a1cc2,native_selected,37,1,101,pending_no_gpu_admission,,,,15540,2026-10-19T03:00:00-06:00
e5a3a7b3668a1cc2,native_selected,37,1,211,pending_no_gpu_admission,,,,15540,2026-10-19T03:00:00-06:00
e5a3a7b3668a1cc2,native_selected,37,1,307,pending_no_gpu_admission,,,,15540,2026-10-19T03:00:00-06:00
e5a3a7b3668a1cc2,native_selected,37,4,101,pending_no_gpu_admission,,,,15540,2026-10-19T03:00:00-06:00
e5a3a7b3668a1cc2,native_selected,37,4,211,pending_no_gpu_admission,,,,15540,2026-10-19T03:00:00-06:00
e5a3a7b3668a1cc2,native_selected,37,4,307,pending_no_gpu_admission,,,,15540,2026-10-19T03:00:00-06:00
e5a3a7b3668a1cc2,native_selected,53,1,101,pending_no_gpu_admission,,,,15550,2026-10-19T03:10:00-06:00
e5a3a7b3668a1cc2,native_selected,53,1,211,pending_no_gpu_admission,,,,15550,2026-10-19T03:10:00-06:00
e5a3a7b3668a1cc2,native_selected,53,1,307,pending_no_gpu_admission,,,,15550,2026-10-19T03:10:00-06:00
e5a3a7b3668a1cc2,native_selected,53,4,101,pending_no_gpu_admission,,,,15550,2026-10-19T03:10:00-06:00
e5a3a7b3668a1cc2,native_selected,53,4,211,pending_no_gpu_admission,,,,15550,2026-10-19T03:10:00-06:00
e5a3a7b3668a1cc2,native_selected,53,4,307,pending_no_gpu_admission,,,,15550,2026-10-19T03:10:00-06:00
e5a3a7b3668a1cc2,native_selected,71,1,101,pending_no_gpu_admission,,,,15560,2026-10-19T03:20:00-06:00
e5a3a7b3668a1cc2,native_selected,71,1,211,pending_no_gpu_admission,,,,15560,2026-10-19T03:20:00-06:00
e5a3a7b3668a1cc2,native_selected,71,1,307,pending_no_gpu_admission,,,,15560,2026-10-19T03:20:00-06:00
e5a3a7b3668a1cc2,native_selected,71,4,101,pending_no_gpu_admission,,,,15560,2026-10-19T03:20:00-06:00
e5a3a7b3668a1cc2,native_selected,71,4,211,pending_no_gpu_admission,,,,15560,2026-10-19T03:20:00-06:00
e5a3a7b3668a1cc2,native_selected,71,4,307,pending_no_gpu_admission,,,,15560,2026-10-19T03:20:00-06:00
e68fdd96cc63271b,author_default,11,1,101,pending_no_gpu_admission,,,,15650,2026-10-19T04:50:00-06:00
e68fdd96cc63271b,author_default,11,1,211,pending_no_gpu_admission,,,,15650,2026-10-19T04:50:00-06:00
e68fdd96cc63271b,author_default,11,1,307,pending_no_gpu_admission,,,,15650,2026-10-19T04:50:00-06:00
e68fdd96cc63271b,author_default,11,4,101,pending_no_gpu_admission,,,,15650,2026-10-19T04:50:00-06:00
e68fdd96cc63271b,author_default,11,4,211,pending_no_gpu_admission,,,,15650,2026-10-19T04:50:00-06:00
e68fdd96cc63271b,author_default,11,4,307,pending_no_gpu_admission,,,,15650,2026-10-19T04:50:00-06:00
e68fdd96cc63271b,author_default,23,1,101,pending_no_gpu_admission,,,,15660,2026-10-19T05:00:00-06:00
e68fdd96cc63271b,author_default,23,1,211,pending_no_gpu_admission,,,,15660,2026-10-19T05:00:00-06:00
e68fdd96cc63271b,author_default,23,1,307,pending_no_gpu_admission,,,,15660,2026-10-19T05:00:00-06:00
e68fdd96cc63271b,author_default,23,4,101,pending_no_gpu_admission,,,,15660,2026-10-19T05:00:00-06:00
e68fdd96cc63271b,author_default,23,4,211,pending_no_gpu_admission,,,,15660,2026-10-19T05:00:00-06:00
e68fdd96cc63271b,author_default,23,4,307,pending_no_gpu_admission,,,,15660,2026-10-19T05:00:00-06:00
e68fdd96cc63271b,author_default,37,1,101,pending_no_gpu_admission,,,,15670,2026-10-19T05:10:00-06:00
e68fdd96cc63271b,author_default,37,1,211,pending_no_gpu_admission,,,,15670,2026-10-19T05:10:00-06:00
e68fdd96cc63271b,author_default,37,1,307,pending_no_gpu_admission,,,,15670,2026-10-19T05:10:00-06:00
e68fdd96cc63271b,author_default,37,4,101,pending_no_gpu_admission,,,,15670,2026-10-19T05:10:00-06:00
e68fdd96cc63271b,author_default,37,4,211,pending_no_gpu_admission,,,,15670,2026-10-19T05:10:00-06:00
e68fdd96cc63271b,author_default,37,4,307,pending_no_gpu_admission,,,,15670,2026-10-19T05:10:00-06:00
e68fdd96cc63271b,author_default,53,1,101,pending_no_gpu_admission,,,,15680,2026-10-19T05:20:00-06:00
e68fdd96cc63271b,author_default,53,1,211,pending_no_gpu_admission,,,,15680,2026-10-19T05:20:00-06:00
e68fdd96cc63271b,author_default,53,1,307,pending_no_gpu_admission,,,,15680,2026-10-19T05:20:00-06:00
e68fdd96cc63271b,author_default,53,4,101,pending_no_gpu_admission,,,,15680,2026-10-19T05:20:00-06:00
e68fdd96cc63271b,author_default,53,4,211,pending_no_gpu_admission,,,,15680,2026-10-19T05:20:00-06:00
e68fdd96cc63271b,author_default,53,4,307,pending_no_gpu_admission,,,,15680,2026-10-19T05:20:00-06:00
e68fdd96cc63271b,author_default,71,1,101,pending_no_gpu_admission,,,,15690,2026-10-19T05:30:00-06:00
e68fdd96cc63271b,author_default,71,1,211,pending_no_gpu_admission,,,,15690,2026-10-19T05:30:00-06:00
e68fdd96cc63271b,author_default,71,1,307,pending_no_gpu_admission,,,,15690,2026-10-19T05:30:00-06:00
e68fdd96cc63271b,author_default,71,4,101,pending_no_gpu_admission,,,,15690,2026-10-19T05:30:00-06:00
e68fdd96cc63271b,author_default,71,4,211,pending_no_gpu_admission,,,,15690,2026-10-19T05:30:00-06:00
e68fdd96cc63271b,author_default,71,4,307,pending_no_gpu_admission,,,,15690,2026-10-19T05:30:00-06:00
e68fdd96cc63271b,native_selected,11,1,101,pending_no_gpu_admission,,,,15640,2026-10-19T04:40:00-06:00
e68fdd96cc63271b,native_selected,11,1,211,pending_no_gpu_admission,,,,15640,2026-10-19T04:40:00-06:00
e68fdd96cc63271b,native_selected,11,1,307,pending_no_gpu_admission,,,,15640,2026-10-19T04:40:00-06:00
e68fdd96cc63271b,native_selected,11,4,101,pending_no_gpu_admission,,,,15640,2026-10-19T04:40:00-06:00
e68fdd96cc63271b,native_selected,11,4,211,pending_no_gpu_admission,,,,15640,2026-10-19T04:40:00-06:00
e68fdd96cc63271b,native_selected,11,4,307,pending_no_gpu_admission,,,,15640,2026-10-19T04:40:00-06:00
e68fdd96cc63271b,native_selected,23,1,101,pending_no_gpu_admission,,,,15700,2026-10-19T05:40:00-06:00
e68fdd96cc63271b,native_selected,23,1,211,pending_no_gpu_admission,,,,15700,2026-10-19T05:40:00-06:00
e68fdd96cc63271b,native_selected,23,1,307,pending_no_gpu_admission,,,,15700,2026-10-19T05:40:00-06:00
e68fdd96cc63271b,native_selected,23,4,101,pending_no_gpu_admission,,,,15700,2026-10-19T05:40:00-06:00
e68fdd96cc63271b,native_selected,23,4,211,pending_no_gpu_admission,,,,15700,2026-10-19T05:40:00-06:00
e68fdd96cc63271b,native_selected,23,4,307,pending_no_gpu_admission,,,,15700,2026-10-19T05:40:00-06:00
e68fdd96cc63271b,native_selected,37,1,101,pending_no_gpu_admission,,,,15710,2026-10-19T05:50:00-06:00
e68fdd96cc63271b,native_selected,37,1,211,pending_no_gpu_admission,,,,15710,2026-10-19T05:50:00-06:00
e68fdd96cc63271b,native_selected,37,1,307,pending_no_gpu_admission,,,,15710,2026-10-19T05:50:00-06:00
e68fdd96cc63271b,native_selected,37,4,101,pending_no_gpu_admission,,,,15710,2026-10-19T05:50:00-06:00
e68fdd96cc63271b,native_selected,37,4,211,pending_no_gpu_admission,,,,15710,2026-10-19T05:50:00-06:00
e68fdd96cc63271b,native_selected,37,4,307,pending_no_gpu_admission,,,,15710,2026-10-19T05:50:00-06:00
e68fdd96cc63271b,native_selected,53,1,101,pending_no_gpu_admission,,,,15720,2026-10-19T06:00:00-06:00
e68fdd96cc63271b,native_selected,53,1,211,pending_no_gpu_admission,,,,15720,2026-10-19T06:00:00-06:00
e68fdd96cc63271b,native_selected,53,1,307,pending_no_gpu_admission,,,,15720,2026-10-19T06:00:00-06:00
e68fdd96cc63271b,native_selected,53,4,101,pending_no_gpu_admission,,,,15720,2026-10-19T06:00:00-06:00
e68fdd96cc63271b,native_selected,53,4,211,pending_no_gpu_admission,,,,15720,2026-10-19T06:00:00-06:00
e68fdd96cc63271b,native_selected,53,4,307,pending_no_gpu_admission,,,,15720,2026-10-19T06:00:00-06:00
e68fdd96cc63271b,native_selected,71,1,101,pending_no_gpu_admission,,,,15730,2026-10-19T06:10:00-06:00
e68fdd96cc63271b,native_selected,71,1,211,pending_no_gpu_admission,,,,15730,2026-10-19T06:10:00-06:00
e68fdd96cc63271b,native_selected,71,1,307,pending_no_gpu_admission,,,,15730,2026-10-19T06:10:00-06:00
e68fdd96cc63271b,native_selected,71,4,101,pending_no_gpu_admission,,,,15730,2026-10-19T06:10:00-06:00
e68fdd96cc63271b,native_selected,71,4,211,pending_no_gpu_admission,,,,15730,2026-10-19T06:10:00-06:00
e68fdd96cc63271b,native_selected,71,4,307,pending_no_gpu_admission,,,,15730,2026-10-19T06:10:00-06:00
ed2efb82fce4b098,author_default,11,1,101,pending_no_gpu_admission,,,,15820,2026-10-19T07:40:00-06:00
ed2efb82fce4b098,author_default,11,1,211,pending_no_gpu_admission,,,,15820,2026-10-19T07:40:00-06:00
ed2efb82fce4b098,author_default,11,1,307,pending_no_gpu_admission,,,,15820,2026-10-19T07:40:00-06:00
ed2efb82fce4b098,author_default,11,4,101,pending_no_gpu_admission,,,,15820,2026-10-19T07:40:00-06:00
ed2efb82fce4b098,author_default,11,4,211,pending_no_gpu_admission,,,,15820,2026-10-19T07:40:00-06:00
ed2efb82fce4b098,author_default,11,4,307,pending_no_gpu_admission,,,,15820,2026-10-19T07:40:00-06:00
ed2efb82fce4b098,author_default,23,1,101,pending_no_gpu_admission,,,,15830,2026-10-19T07:50:00-06:00
ed2efb82fce4b098,author_default,23,1,211,pending_no_gpu_admission,,,,15830,2026-10-19T07:50:00-06:00
ed2efb82fce4b098,author_default,23,1,307,pending_no_gpu_admission,,,,15830,2026-10-19T07:50:00-06:00
ed2efb82fce4b098,author_default,23,4,101,pending_no_gpu_admission,,,,15830,2026-10-19T07:50:00-06:00
ed2efb82fce4b098,author_default,23,4,211,pending_no_gpu_admission,,,,15830,2026-10-19T07:50:00-06:00
ed2efb82fce4b098,author_default,23,4,307,pending_no_gpu_admission,,,,15830,2026-10-19T07:50:00-06:00
ed2efb82fce4b098,author_default,37,1,101,pending_no_gpu_admission,,,,15840,2026-10-19T08:00:00-06:00
ed2efb82fce4b098,author_default,37,1,211,pending_no_gpu_admission,,,,15840,2026-10-19T08:00:00-06:00
ed2efb82fce4b098,author_default,37,1,307,pending_no_gpu_admission,,,,15840,2026-10-19T08:00:00-06:00
ed2efb82fce4b098,author_default,37,4,101,pending_no_gpu_admission,,,,15840,2026-10-19T08:00:00-06:00
ed2efb82fce4b098,author_default,37,4,211,pending_no_gpu_admission,,,,15840,2026-10-19T08:00:00-06:00
ed2efb82fce4b098,author_default,37,4,307,pending_no_gpu_admission,,,,15840,2026-10-19T08:00:00-06:00
ed2efb82fce4b098,author_default,53,1,101,pending_no_gpu_admission,,,,15850,2026-10-19T08:10:00-06:00
ed2efb82fce4b098,author_default,53,1,211,pending_no_gpu_admission,,,,15850,2026-10-19T08:10:00-06:00
ed2efb82fce4b098,author_default,53,1,307,pending_no_gpu_admission,,,,15850,2026-10-19T08:10:00-06:00
ed2efb82fce4b098,author_default,53,4,101,pending_no_gpu_admission,,,,15850,2026-10-19T08:10:00-06:00
ed2efb82fce4b098,author_default,53,4,211,pending_no_gpu_admission,,,,15850,2026-10-19T08:10:00-06:00
ed2efb82fce4b098,author_default,53,4,307,pending_no_gpu_admission,,,,15850,2026-10-19T08:10:00-06:00
ed2efb82fce4b098,author_default,71,1,101,pending_no_gpu_admission,,,,15860,2026-10-19T08:20:00-06:00
ed2efb82fce4b098,author_default,71,1,211,pending_no_gpu_admission,,,,15860,2026-10-19T08:20:00-06:00
ed2efb82fce4b098,author_default,71,1,307,pending_no_gpu_admission,,,,15860,2026-10-19T08:20:00-06:00
ed2efb82fce4b098,author_default,71,4,101,pending_no_gpu_admission,,,,15860,2026-10-19T08:20:00-06:00
ed2efb82fce4b098,author_default,71,4,211,pending_no_gpu_admission,,,,15860,2026-10-19T08:20:00-06:00
ed2efb82fce4b098,author_default,71,4,307,pending_no_gpu_admission,,,,15860,2026-10-19T08:20:00-06:00
ed2efb82fce4b098,native_selected,11,1,101,pending_no_gpu_admission,,,,15810,2026-10-19T07:30:00-06:00
ed2efb82fce4b098,native_selected,11,1,211,pending_no_gpu_admission,,,,15810,2026-10-19T07:30:00-06:00
ed2efb82fce4b098,native_selected,11,1,307,pending_no_gpu_admission,,,,15810,2026-10-19T07:30:00-06:00
ed2efb82fce4b098,native_selected,11,4,101,pending_no_gpu_admission,,,,15810,2026-10-19T07:30:00-06:00
ed2efb82fce4b098,native_selected,11,4,211,pending_no_gpu_admission,,,,15810,2026-10-19T07:30:00-06:00
ed2efb82fce4b098,native_selected,11,4,307,pending_no_gpu_admission,,,,15810,2026-10-19T07:30:00-06:00
ed2efb82fce4b098,native_selected,23,1,101,pending_no_gpu_admission,,,,15870,2026-10-19T08:30:00-06:00
ed2efb82fce4b098,native_selected,23,1,211,pending_no_gpu_admission,,,,15870,2026-10-19T08:30:00-06:00
ed2efb82fce4b098,native_selected,23,1,307,pending_no_gpu_admission,,,,15870,2026-10-19T08:30:00-06:00
ed2efb82fce4b098,native_selected,23,4,101,pending_no_gpu_admission,,,,15870,2026-10-19T08:30:00-06:00
ed2efb82fce4b098,native_selected,23,4,211,pending_no_gpu_admission,,,,15870,2026-10-19T08:30:00-06:00
ed2efb82fce4b098,native_selected,23,4,307,pending_no_gpu_admission,,,,15870,2026-10-19T08:30:00-06:00
ed2efb82fce4b098,native_selected,37,1,101,pending_no_gpu_admission,,,,15880,2026-10-19T08:40:00-06:00
ed2efb82fce4b098,native_selected,37,1,211,pending_no_gpu_admission,,,,15880,2026-10-19T08:40:00-06:00
ed2efb82fce4b098,native_selected,37,1,307,pending_no_gpu_admission,,,,15880,2026-10-19T08:40:00-06:00
ed2efb82fce4b098,native_selected,37,4,101,pending_no_gpu_admission,,,,15880,2026-10-19T08:40:00-06:00
ed2efb82fce4b098,native_selected,37,4,211,pending_no_gpu_admission,,,,15880,2026-10-19T08:40:00-06:00
ed2efb82fce4b098,native_selected,37,4,307,pending_no_gpu_admission,,,,15880,2026-10-19T08:40:00-06:00
ed2efb82fce4b098,native_selected,53,1,101,pending_no_gpu_admission,,,,15890,2026-10-19T08:50:00-06:00
ed2efb82fce4b098,native_selected,53,1,211,pending_no_gpu_admission,,,,15890,2026-10-19T08:50:00-06:00
ed2efb82fce4b098,native_selected,53,1,307,pending_no_gpu_admission,,,,15890,2026-10-19T08:50:00-06:00
ed2efb82fce4b098,native_selected,53,4,101,pending_no_gpu_admission,,,,15890,2026-10-19T08:50:00-06:00
ed2efb82fce4b098,native_selected,53,4,211,pending_no_gpu_admission,,,,15890,2026-10-19T08:50:00-06:00
ed2efb82fce4b098,native_selected,53,4,307,pending_no_gpu_admission,,,,15890,2026-10-19T08:50:00-06:00
ed2efb82fce4b098,native_selected,71,1,101,pending_no_gpu_admission,,,,15900,2026-10-19T09:00:00-06:00
ed2efb82fce4b098,native_selected,71,1,211,pending_no_gpu_admission,,,,15900,2026-10-19T09:00:00-06:00
ed2efb82fce4b098,native_selected,71,1,307,pending_no_gpu_admission,,,,15900,2026-10-19T09:00:00-06:00
ed2efb82fce4b098,native_selected,71,4,101,pending_no_gpu_admission,,,,15900,2026-10-19T09:00:00-06:00
ed2efb82fce4b098,native_selected,71,4,211,pending_no_gpu_admission,,,,15900,2026-10-19T09:00:00-06:00
ed2efb82fce4b098,native_selected,71,4,307,pending_no_gpu_admission,,,,15900,2026-10-19T09:00:00-06:00
edc9d41a298fdf60,author_default,11,1,101,pending_no_gpu_admission,,,,15990,2026-10-19T10:30:00-06:00
edc9d41a298fdf60,author_default,11,1,211,pending_no_gpu_admission,,,,15990,2026-10-19T10:30:00-06:00
edc9d41a298fdf60,author_default,11,1,307,pending_no_gpu_admission,,,,15990,2026-10-19T10:30:00-06:00
edc9d41a298fdf60,author_default,11,4,101,pending_no_gpu_admission,,,,15990,2026-10-19T10:30:00-06:00
edc9d41a298fdf60,author_default,11,4,211,pending_no_gpu_admission,,,,15990,2026-10-19T10:30:00-06:00
edc9d41a298fdf60,author_default,11,4,307,pending_no_gpu_admission,,,,15990,2026-10-19T10:30:00-06:00
edc9d41a298fdf60,author_default,23,1,101,pending_no_gpu_admission,,,,16000,2026-10-19T10:40:00-06:00
edc9d41a298fdf60,author_default,23,1,211,pending_no_gpu_admission,,,,16000,2026-10-19T10:40:00-06:00
edc9d41a298fdf60,author_default,23,1,307,pending_no_gpu_admission,,,,16000,2026-10-19T10:40:00-06:00
edc9d41a298fdf60,author_default,23,4,101,pending_no_gpu_admission,,,,16000,2026-10-19T10:40:00-06:00
edc9d41a298fdf60,author_default,23,4,211,pending_no_gpu_admission,,,,16000,2026-10-19T10:40:00-06:00
edc9d41a298fdf60,author_default,23,4,307,pending_no_gpu_admission,,,,16000,2026-10-19T10:40:00-06:00
edc9d41a298fdf60,author_default,37,1,101,pending_no_gpu_admission,,,,16010,2026-10-19T10:50:00-06:00
edc9d41a298fdf60,author_default,37,1,211,pending_no_gpu_admission,,,,16010,2026-10-19T10:50:00-06:00
edc9d41a298fdf60,author_default,37,1,307,pending_no_gpu_admission,,,,16010,2026-10-19T10:50:00-06:00
edc9d41a298fdf60,author_default,37,4,101,pending_no_gpu_admission,,,,16010,2026-10-19T10:50:00-06:00
edc9d41a298fdf60,author_default,37,4,211,pending_no_gpu_admission,,,,16010,2026-10-19T10:50:00-06:00
edc9d41a298fdf60,author_default,37,4,307,pending_no_gpu_admission,,,,16010,2026-10-19T10:50:00-06:00
edc9d41a298fdf60,author_default,53,1,101,pending_no_gpu_admission,,,,16020,2026-10-19T11:00:00-06:00
edc9d41a298fdf60,author_default,53,1,211,pending_no_gpu_admission,,,,16020,2026-10-19T11:00:00-06:00
edc9d41a298fdf60,author_default,53,1,307,pending_no_gpu_admission,,,,16020,2026-10-19T11:00:00-06:00
edc9d41a298fdf60,author_default,53,4,101,pending_no_gpu_admission,,,,16020,2026-10-19T11:00:00-06:00
edc9d41a298fdf60,author_default,53,4,211,pending_no_gpu_admission,,,,16020,2026-10-19T11:00:00-06:00
edc9d41a298fdf60,author_default,53,4,307,pending_no_gpu_admission,,,,16020,2026-10-19T11:00:00-06:00
edc9d41a298fdf60,author_default,71,1,101,pending_no_gpu_admission,,,,16030,2026-10-19T11:10:00-06:00
edc9d41a298fdf60,author_default,71,1,211,pending_no_gpu_admission,,,,16030,2026-10-19T11:10:00-06:00
edc9d41a298fdf60,author_default,71,1,307,pending_no_gpu_admission,,,,16030,2026-10-19T11:10:00-06:00
edc9d41a298fdf60,author_default,71,4,101,pending_no_gpu_admission,,,,16030,2026-10-19T11:10:00-06:00
edc9d41a298fdf60,author_default,71,4,211,pending_no_gpu_admission,,,,16030,2026-10-19T11:10:00-06:00
edc9d41a298fdf60,author_default,71,4,307,pending_no_gpu_admission,,,,16030,2026-10-19T11:10:00-06:00
edc9d41a298fdf60,native_selected,11,1,101,pending_no_gpu_admission,,,,15980,2026-10-19T10:20:00-06:00
edc9d41a298fdf60,native_selected,11,1,211,pending_no_gpu_admission,,,,15980,2026-10-19T10:20:00-06:00
edc9d41a298fdf60,native_selected,11,1,307,pending_no_gpu_admission,,,,15980,2026-10-19T10:20:00-06:00
edc9d41a298fdf60,native_selected,11,4,101,pending_no_gpu_admission,,,,15980,2026-10-19T10:20:00-06:00
edc9d41a298fdf60,native_selected,11,4,211,pending_no_gpu_admission,,,,15980,2026-10-19T10:20:00-06:00
edc9d41a298fdf60,native_selected,11,4,307,pending_no_gpu_admission,,,,15980,2026-10-19T10:20:00-06:00
edc9d41a298fdf60,native_selected,23,1,101,pending_no_gpu_admission,,,,16040,2026-10-19T11:20:00-06:00
edc9d41a298fdf60,native_selected,23,1,211,pending_no_gpu_admission,,,,16040,2026-10-19T11:20:00-06:00
edc9d41a298fdf60,native_selected,23,1,307,pending_no_gpu_admission,,,,16040,2026-10-19T11:20:00-06:00
edc9d41a298fdf60,native_selected,23,4,101,pending_no_gpu_admission,,,,16040,2026-10-19T11:20:00-06:00
edc9d41a298fdf60,native_selected,23,4,211,pending_no_gpu_admission,,,,16040,2026-10-19T11:20:00-06:00
edc9d41a298fdf60,native_selected,23,4,307,pending_no_gpu_admission,,,,16040,2026-10-19T11:20:00-06:00
edc9d41a298fdf60,native_selected,37,1,101,pending_no_gpu_admission,,,,16050,2026-10-19T11:30:00-06:00
edc9d41a298fdf60,native_selected,37,1,211,pending_no_gpu_admission,,,,16050,2026-10-19T11:30:00-06:00
edc9d41a298fdf60,native_selected,37,1,307,pending_no_gpu_admission,,,,16050,2026-10-19T11:30:00-06:00
edc9d41a298fdf60,native_selected,37,4,101,pending_no_gpu_admission,,,,16050,2026-10-19T11:30:00-06:00
edc9d41a298fdf60,native_selected,37,4,211,pending_no_gpu_admission,,,,16050,2026-10-19T11:30:00-06:00
edc9d41a298fdf60,native_selected,37,4,307,pending_no_gpu_admission,,,,16050,2026-10-19T11:30:00-06:00
edc9d41a298fdf60,native_selected,53,1,101,pending_no_gpu_admission,,,,16060,2026-10-19T11:40:00-06:00
edc9d41a298fdf60,native_selected,53,1,211,pending_no_gpu_admission,,,,16060,2026-10-19T11:40:00-06:00
edc9d41a298fdf60,native_selected,53,1,307,pending_no_gpu_admission,,,,16060,2026-10-19T11:40:00-06:00
edc9d41a298fdf60,native_selected,53,4,101,pending_no_gpu_admission,,,,16060,2026-10-19T11:40:00-06:00
edc9d41a298fdf60,native_selected,53,4,211,pending_no_gpu_admission,,,,16060,2026-10-19T11:40:00-06:00
edc9d41a298fdf60,native_selected,53,4,307,pending_no_gpu_admission,,,,16060,2026-10-19T11:40:00-06:00
edc9d41a298fdf60,native_selected,71,1,101,pending_no_gpu_admission,,,,16070,2026-10-19T11:50:00-06:00
edc9d41a298fdf60,native_selected,71,1,211,pending_no_gpu_admission,,,,16070,2026-10-19T11:50:00-06:00
edc9d41a298fdf60,native_selected,71,1,307,pending_no_gpu_admission,,,,16070,2026-10-19T11:50:00-06:00
edc9d41a298fdf60,native_selected,71,4,101,pending_no_gpu_admission,,,,16070,2026-10-19T11:50:00-06:00
edc9d41a298fdf60,native_selected,71,4,211,pending_no_gpu_admission,,,,16070,2026-10-19T11:50:00-06:00
edc9d41a298fdf60,native_selected,71,4,307,pending_no_gpu_admission,,,,16070,2026-10-19T11:50:00-06:00
efd53e9c0f36d608,author_default,11,1,101,pending_no_gpu_admission,,,,16160,2026-10-19T13:20:00-06:00
efd53e9c0f36d608,author_default,11,1,211,pending_no_gpu_admission,,,,16160,2026-10-19T13:20:00-06:00
efd53e9c0f36d608,author_default,11,1,307,pending_no_gpu_admission,,,,16160,2026-10-19T13:20:00-06:00
efd53e9c0f36d608,author_default,11,4,101,pending_no_gpu_admission,,,,16160,2026-10-19T13:20:00-06:00
efd53e9c0f36d608,author_default,11,4,211,pending_no_gpu_admission,,,,16160,2026-10-19T13:20:00-06:00
efd53e9c0f36d608,author_default,11,4,307,pending_no_gpu_admission,,,,16160,2026-10-19T13:20:00-06:00
efd53e9c0f36d608,author_default,23,1,101,pending_no_gpu_admission,,,,16170,2026-10-19T13:30:00-06:00
efd53e9c0f36d608,author_default,23,1,211,pending_no_gpu_admission,,,,16170,2026-10-19T13:30:00-06:00
efd53e9c0f36d608,author_default,23,1,307,pending_no_gpu_admission,,,,16170,2026-10-19T13:30:00-06:00
efd53e9c0f36d608,author_default,23,4,101,pending_no_gpu_admission,,,,16170,2026-10-19T13:30:00-06:00
efd53e9c0f36d608,author_default,23,4,211,pending_no_gpu_admission,,,,16170,2026-10-19T13:30:00-06:00
efd53e9c0f36d608,author_default,23,4,307,pending_no_gpu_admission,,,,16170,2026-10-19T13:30:00-06:00
efd53e9c0f36d608,author_default,37,1,101,pending_no_gpu_admission,,,,16180,2026-10-19T13:40:00-06:00
efd53e9c0f36d608,author_default,37,1,211,pending_no_gpu_admission,,,,16180,2026-10-19T13:40:00-06:00
efd53e9c0f36d608,author_default,37,1,307,pending_no_gpu_admission,,,,16180,2026-10-19T13:40:00-06:00
efd53e9c0f36d608,author_default,37,4,101,pending_no_gpu_admission,,,,16180,2026-10-19T13:40:00-06:00
efd53e9c0f36d608,author_default,37,4,211,pending_no_gpu_admission,,,,16180,2026-10-19T13:40:00-06:00
efd53e9c0f36d608,author_default,37,4,307,pending_no_gpu_admission,,,,16180,2026-10-19T13:40:00-06:00
efd53e9c0f36d608,author_default,53,1,101,pending_no_gpu_admission,,,,16190,2026-10-19T13:50:00-06:00
efd53e9c0f36d608,author_default,53,1,211,pending_no_gpu_admission,,,,16190,2026-10-19T13:50:00-06:00
efd53e9c0f36d608,author_default,53,1,307,pending_no_gpu_admission,,,,16190,2026-10-19T13:50:00-06:00
efd53e9c0f36d608,author_default,53,4,101,pending_no_gpu_admission,,,,16190,2026-10-19T13:50:00-06:00
efd53e9c0f36d608,author_default,53,4,211,pending_no_gpu_admission,,,,16190,2026-10-19T13:50:00-06:00
efd53e9c0f36d608,author_default,53,4,307,pending_no_gpu_admission,,,,16190,2026-10-19T13:50:00-06:00
efd53e9c0f36d608,author_default,71,1,101,pending_no_gpu_admission,,,,16200,2026-10-19T14:00:00-06:00
efd53e9c0f36d608,author_default,71,1,211,pending_no_gpu_admission,,,,16200,2026-10-19T14:00:00-06:00
efd53e9c0f36d608,author_default,71,1,307,pending_no_gpu_admission,,,,16200,2026-10-19T14:00:00-06:00
efd53e9c0f36d608,author_default,71,4,101,pending_no_gpu_admission,,,,16200,2026-10-19T14:00:00-06:00
efd53e9c0f36d608,author_default,71,4,211,pending_no_gpu_admission,,,,16200,2026-10-19T14:00:00-06:00
efd53e9c0f36d608,author_default,71,4,307,pending_no_gpu_admission,,,,16200,2026-10-19T14:00:00-06:00
efd53e9c0f36d608,native_selected,11,1,101,pending_no_gpu_admission,,,,16150,2026-10-19T13:10:00-06:00
efd53e9c0f36d608,native_selected,11,1,211,pending_no_gpu_admission,,,,16150,2026-10-19T13:10:00-06:00
efd53e9c0f36d608,native_selected,11,1,307,pending_no_gpu_admission,,,,16150,2026-10-19T13:10:00-06:00
efd53e9c0f36d608,native_selected,11,4,101,pending_no_gpu_admission,,,,16150,2026-10-19T13:10:00-06:00
efd53e9c0f36d608,native_selected,11,4,211,pending_no_gpu_admission,,,,16150,2026-10-19T13:10:00-06:00
efd53e9c0f36d608,native_selected,11,4,307,pending_no_gpu_admission,,,,16150,2026-10-19T13:10:00-06:00
efd53e9c0f36d608,native_selected,23,1,101,pending_no_gpu_admission,,,,16210,2026-10-19T14:10:00-06:00
efd53e9c0f36d608,native_selected,23,1,211,pending_no_gpu_admission,,,,16210,2026-10-19T14:10:00-06:00
efd53e9c0f36d608,native_selected,23,1,307,pending_no_gpu_admission,,,,16210,2026-10-19T14:10:00-06:00
efd53e9c0f36d608,native_selected,23,4,101,pending_no_gpu_admission,,,,16210,2026-10-19T14:10:00-06:00
efd53e9c0f36d608,native_selected,23,4,211,pending_no_gpu_admission,,,,16210,2026-10-19T14:10:00-06:00
efd53e9c0f36d608,native_selected,23,4,307,pending_no_gpu_admission,,,,16210,2026-10-19T14:10:00-06:00
efd53e9c0f36d608,native_selected,37,1,101,pending_no_gpu_admission,,,,16220,2026-10-19T14:20:00-06:00
efd53e9c0f36d608,native_selected,37,1,211,pending_no_gpu_admission,,,,16220,2026-10-19T14:20:00-06:00
efd53e9c0f36d608,native_selected,37,1,307,pending_no_gpu_admission,,,,16220,2026-10-19T14:20:00-06:00
efd53e9c0f36d608,native_selected,37,4,101,pending_no_gpu_admission,,,,16220,2026-10-19T14:20:00-06:00
efd53e9c0f36d608,native_selected,37,4,211,pending_no_gpu_admission,,,,16220,2026-10-19T14:20:00-06:00
efd53e9c0f36d608,native_selected,37,4,307,pending_no_gpu_admission,,,,16220,2026-10-19T14:20:00-06:00
efd53e9c0f36d608,native_selected,53,1,101,pending_no_gpu_admission,,,,16230,2026-10-19T14:30:00-06:00
efd53e9c0f36d608,native_selected,53,1,211,pending_no_gpu_admission,,,,16230,2026-10-19T14:30:00-06:00
efd53e9c0f36d608,native_selected,53,1,307,pending_no_gpu_admission,,,,16230,2026-10-19T14:30:00-06:00
efd53e9c0f36d608,native_selected,53,4,101,pending_no_gpu_admission,,,,16230,2026-10-19T14:30:00-06:00
efd53e9c0f36d608,native_selected,53,4,211,pending_no_gpu_admission,,,,16230,2026-10-19T14:30:00-06:00
efd53e9c0f36d608,native_selected,53,4,307,pending_no_gpu_admission,,,,16230,2026-10-19T14:30:00-06:00
efd53e9c0f36d608,native_selected,71,1,101,pending_no_gpu_admission,,,,16240,2026-10-19T14:40:00-06:00
efd53e9c0f36d608,native_selected,71,1,211,pending_no_gpu_admission,,,,16240,2026-10-19T14:40:00-06:00
efd53e9c0f36d608,native_selected,71,1,307,pending_no_gpu_admission,,,,16240,2026-10-19T14:40:00-06:00
efd53e9c0f36d608,native_selected,71,4,101,pending_no_gpu_admission,,,,16240,2026-10-19T14:40:00-06:00
efd53e9c0f36d608,native_selected,71,4,211,pending_no_gpu_admission,,,,16240,2026-10-19T14:40:00-06:00
efd53e9c0f36d608,native_selected,71,4,307,pending_no_gpu_admission,,,,16240,2026-10-19T14:40:00-06:00
f0a3d6881458f990,author_default,11,1,101,pending_no_gpu_admission,,,,16330,2026-10-19T16:10:00-06:00
f0a3d6881458f990,author_default,11,1,211,pending_no_gpu_admission,,,,16330,2026-10-19T16:10:00-06:00
f0a3d6881458f990,author_default,11,1,307,pending_no_gpu_admission,,,,16330,2026-10-19T16:10:00-06:00
f0a3d6881458f990,author_default,11,4,101,pending_no_gpu_admission,,,,16330,2026-10-19T16:10:00-06:00
f0a3d6881458f990,author_default,11,4,211,pending_no_gpu_admission,,,,16330,2026-10-19T16:10:00-06:00
f0a3d6881458f990,author_default,11,4,307,pending_no_gpu_admission,,,,16330,2026-10-19T16:10:00-06:00
f0a3d6881458f990,author_default,23,1,101,pending_no_gpu_admission,,,,16340,2026-10-19T16:20:00-06:00
f0a3d6881458f990,author_default,23,1,211,pending_no_gpu_admission,,,,16340,2026-10-19T16:20:00-06:00
f0a3d6881458f990,author_default,23,1,307,pending_no_gpu_admission,,,,16340,2026-10-19T16:20:00-06:00
f0a3d6881458f990,author_default,23,4,101,pending_no_gpu_admission,,,,16340,2026-10-19T16:20:00-06:00
f0a3d6881458f990,author_default,23,4,211,pending_no_gpu_admission,,,,16340,2026-10-19T16:20:00-06:00
f0a3d6881458f990,author_default,23,4,307,pending_no_gpu_admission,,,,16340,2026-10-19T16:20:00-06:00
f0a3d6881458f990,author_default,37,1,101,pending_no_gpu_admission,,,,16350,2026-10-19T16:30:00-06:00
f0a3d6881458f990,author_default,37,1,211,pending_no_gpu_admission,,,,16350,2026-10-19T16:30:00-06:00
f0a3d6881458f990,author_default,37,1,307,pending_no_gpu_admission,,,,16350,2026-10-19T16:30:00-06:00
f0a3d6881458f990,author_default,37,4,101,pending_no_gpu_admission,,,,16350,2026-10-19T16:30:00-06:00
f0a3d6881458f990,author_default,37,4,211,pending_no_gpu_admission,,,,16350,2026-10-19T16:30:00-06:00
f0a3d6881458f990,author_default,37,4,307,pending_no_gpu_admission,,,,16350,2026-10-19T16:30:00-06:00
f0a3d6881458f990,author_default,53,1,101,pending_no_gpu_admission,,,,16360,2026-10-19T16:40:00-06:00
f0a3d6881458f990,author_default,53,1,211,pending_no_gpu_admission,,,,16360,2026-10-19T16:40:00-06:00
f0a3d6881458f990,author_default,53,1,307,pending_no_gpu_admission,,,,16360,2026-10-19T16:40:00-06:00
f0a3d6881458f990,author_default,53,4,101,pending_no_gpu_admission,,,,16360,2026-10-19T16:40:00-06:00
f0a3d6881458f990,author_default,53,4,211,pending_no_gpu_admission,,,,16360,2026-10-19T16:40:00-06:00
f0a3d6881458f990,author_default,53,4,307,pending_no_gpu_admission,,,,16360,2026-10-19T16:40:00-06:00
f0a3d6881458f990,author_default,71,1,101,pending_no_gpu_admission,,,,16370,2026-10-19T16:50:00-06:00
f0a3d6881458f990,author_default,71,1,211,pending_no_gpu_admission,,,,16370,2026-10-19T16:50:00-06:00
f0a3d6881458f990,author_default,71,1,307,pending_no_gpu_admission,,,,16370,2026-10-19T16:50:00-06:00
f0a3d6881458f990,author_default,71,4,101,pending_no_gpu_admission,,,,16370,2026-10-19T16:50:00-06:00
f0a3d6881458f990,author_default,71,4,211,pending_no_gpu_admission,,,,16370,2026-10-19T16:50:00-06:00
f0a3d6881458f990,author_default,71,4,307,pending_no_gpu_admission,,,,16370,2026-10-19T16:50:00-06:00
f0a3d6881458f990,native_selected,11,1,101,pending_no_gpu_admission,,,,16320,2026-10-19T16:00:00-06:00
f0a3d6881458f990,native_selected,11,1,211,pending_no_gpu_admission,,,,16320,2026-10-19T16:00:00-06:00
f0a3d6881458f990,native_selected,11,1,307,pending_no_gpu_admission,,,,16320,2026-10-19T16:00:00-06:00
f0a3d6881458f990,native_selected,11,4,101,pending_no_gpu_admission,,,,16320,2026-10-19T16:00:00-06:00
f0a3d6881458f990,native_selected,11,4,211,pending_no_gpu_admission,,,,16320,2026-10-19T16:00:00-06:00
f0a3d6881458f990,native_selected,11,4,307,pending_no_gpu_admission,,,,16320,2026-10-19T16:00:00-06:00
f0a3d6881458f990,native_selected,23,1,101,pending_no_gpu_admission,,,,16380,2026-10-19T17:00:00-06:00
f0a3d6881458f990,native_selected,23,1,211,pending_no_gpu_admission,,,,16380,2026-10-19T17:00:00-06:00
f0a3d6881458f990,native_selected,23,1,307,pending_no_gpu_admission,,,,16380,2026-10-19T17:00:00-06:00
f0a3d6881458f990,native_selected,23,4,101,pending_no_gpu_admission,,,,16380,2026-10-19T17:00:00-06:00
f0a3d6881458f990,native_selected,23,4,211,pending_no_gpu_admission,,,,16380,2026-10-19T17:00:00-06:00
f0a3d6881458f990,native_selected,23,4,307,pending_no_gpu_admission,,,,16380,2026-10-19T17:00:00-06:00
f0a3d6881458f990,native_selected,37,1,101,pending_no_gpu_admission,,,,16390,2026-10-19T17:10:00-06:00
f0a3d6881458f990,native_selected,37,1,211,pending_no_gpu_admission,,,,16390,2026-10-19T17:10:00-06:00
f0a3d6881458f990,native_selected,37,1,307,pending_no_gpu_admission,,,,16390,2026-10-19T17:10:00-06:00
f0a3d6881458f990,native_selected,37,4,101,pending_no_gpu_admission,,,,16390,2026-10-19T17:10:00-06:00
f0a3d6881458f990,native_selected,37,4,211,pending_no_gpu_admission,,,,16390,2026-10-19T17:10:00-06:00
f0a3d6881458f990,native_selected,37,4,307,pending_no_gpu_admission,,,,16390,2026-10-19T17:10:00-06:00
f0a3d6881458f990,native_selected,53,1,101,pending_no_gpu_admission,,,,16400,2026-10-19T17:20:00-06:00
f0a3d6881458f990,native_selected,53,1,211,pending_no_gpu_admission,,,,16400,2026-10-19T17:20:00-06:00
f0a3d6881458f990,native_selected,53,1,307,pending_no_gpu_admission,,,,16400,2026-10-19T17:20:00-06:00
f0a3d6881458f990,native_selected,53,4,101,pending_no_gpu_admission,,,,16400,2026-10-19T17:20:00-06:00
f0a3d6881458f990,native_selected,53,4,211,pending_no_gpu_admission,,,,16400,2026-10-19T17:20:00-06:00
f0a3d6881458f990,native_selected,53,4,307,pending_no_gpu_admission,,,,16400,2026-10-19T17:20:00-06:00
f0a3d6881458f990,native_selected,71,1,101,pending_no_gpu_admission,,,,16410,2026-10-19T17:30:00-06:00
f0a3d6881458f990,native_selected,71,1,211,pending_no_gpu_admission,,,,16410,2026-10-19T17:30:00-06:00
f0a3d6881458f990,native_selected,71,1,307,pending_no_gpu_admission,,,,16410,2026-10-19T17:30:00-06:00
f0a3d6881458f990,native_selected,71,4,101,pending_no_gpu_admission,,,,16410,2026-10-19T17:30:00-06:00
f0a3d6881458f990,native_selected,71,4,211,pending_no_gpu_admission,,,,16410,2026-10-19T17:30:00-06:00
f0a3d6881458f990,native_selected,71,4,307,pending_no_gpu_admission,,,,16410,2026-10-19T17:30:00-06:00
f24e9383331c43e2,author_default,11,1,101,pending_no_gpu_admission,,,,16500,2026-10-19T19:00:00-06:00
f24e9383331c43e2,author_default,11,1,211,pending_no_gpu_admission,,,,16500,2026-10-19T19:00:00-06:00
f24e9383331c43e2,author_default,11,1,307,pending_no_gpu_admission,,,,16500,2026-10-19T19:00:00-06:00
f24e9383331c43e2,author_default,11,4,101,pending_no_gpu_admission,,,,16500,2026-10-19T19:00:00-06:00
f24e9383331c43e2,author_default,11,4,211,pending_no_gpu_admission,,,,16500,2026-10-19T19:00:00-06:00
f24e9383331c43e2,author_default,11,4,307,pending_no_gpu_admission,,,,16500,2026-10-19T19:00:00-06:00
f24e9383331c43e2,author_default,23,1,101,pending_no_gpu_admission,,,,16510,2026-10-19T19:10:00-06:00
f24e9383331c43e2,author_default,23,1,211,pending_no_gpu_admission,,,,16510,2026-10-19T19:10:00-06:00
f24e9383331c43e2,author_default,23,1,307,pending_no_gpu_admission,,,,16510,2026-10-19T19:10:00-06:00
f24e9383331c43e2,author_default,23,4,101,pending_no_gpu_admission,,,,16510,2026-10-19T19:10:00-06:00
f24e9383331c43e2,author_default,23,4,211,pending_no_gpu_admission,,,,16510,2026-10-19T19:10:00-06:00
f24e9383331c43e2,author_default,23,4,307,pending_no_gpu_admission,,,,16510,2026-10-19T19:10:00-06:00
f24e9383331c43e2,author_default,37,1,101,pending_no_gpu_admission,,,,16520,2026-10-19T19:20:00-06:00
f24e9383331c43e2,author_default,37,1,211,pending_no_gpu_admission,,,,16520,2026-10-19T19:20:00-06:00
f24e9383331c43e2,author_default,37,1,307,pending_no_gpu_admission,,,,16520,2026-10-19T19:20:00-06:00
f24e9383331c43e2,author_default,37,4,101,pending_no_gpu_admission,,,,16520,2026-10-19T19:20:00-06:00
f24e9383331c43e2,author_default,37,4,211,pending_no_gpu_admission,,,,16520,2026-10-19T19:20:00-06:00
f24e9383331c43e2,author_default,37,4,307,pending_no_gpu_admission,,,,16520,2026-10-19T19:20:00-06:00
f24e9383331c43e2,author_default,53,1,101,pending_no_gpu_admission,,,,16530,2026-10-19T19:30:00-06:00
f24e9383331c43e2,author_default,53,1,211,pending_no_gpu_admission,,,,16530,2026-10-19T19:30:00-06:00
f24e9383331c43e2,author_default,53,1,307,pending_no_gpu_admission,,,,16530,2026-10-19T19:30:00-06:00
f24e9383331c43e2,author_default,53,4,101,pending_no_gpu_admission,,,,16530,2026-10-19T19:30:00-06:00
f24e9383331c43e2,author_default,53,4,211,pending_no_gpu_admission,,,,16530,2026-10-19T19:30:00-06:00
f24e9383331c43e2,author_default,53,4,307,pending_no_gpu_admission,,,,16530,2026-10-19T19:30:00-06:00
f24e9383331c43e2,author_default,71,1,101,pending_no_gpu_admission,,,,16540,2026-10-19T19:40:00-06:00
f24e9383331c43e2,author_default,71,1,211,pending_no_gpu_admission,,,,16540,2026-10-19T19:40:00-06:00
f24e9383331c43e2,author_default,71,1,307,pending_no_gpu_admission,,,,16540,2026-10-19T19:40:00-06:00
f24e9383331c43e2,author_default,71,4,101,pending_no_gpu_admission,,,,16540,2026-10-19T19:40:00-06:00
f24e9383331c43e2,author_default,71,4,211,pending_no_gpu_admission,,,,16540,2026-10-19T19:40:00-06:00
f24e9383331c43e2,author_default,71,4,307,pending_no_gpu_admission,,,,16540,2026-10-19T19:40:00-06:00
f24e9383331c43e2,native_selected,11,1,101,pending_no_gpu_admission,,,,16490,2026-10-19T18:50:00-06:00
f24e9383331c43e2,native_selected,11,1,211,pending_no_gpu_admission,,,,16490,2026-10-19T18:50:00-06:00
f24e9383331c43e2,native_selected,11,1,307,pending_no_gpu_admission,,,,16490,2026-10-19T18:50:00-06:00
f24e9383331c43e2,native_selected,11,4,101,pending_no_gpu_admission,,,,16490,2026-10-19T18:50:00-06:00
f24e9383331c43e2,native_selected,11,4,211,pending_no_gpu_admission,,,,16490,2026-10-19T18:50:00-06:00
f24e9383331c43e2,native_selected,11,4,307,pending_no_gpu_admission,,,,16490,2026-10-19T18:50:00-06:00
f24e9383331c43e2,native_selected,23,1,101,pending_no_gpu_admission,,,,16550,2026-10-19T19:50:00-06:00
f24e9383331c43e2,native_selected,23,1,211,pending_no_gpu_admission,,,,16550,2026-10-19T19:50:00-06:00
f24e9383331c43e2,native_selected,23,1,307,pending_no_gpu_admission,,,,16550,2026-10-19T19:50:00-06:00
f24e9383331c43e2,native_selected,23,4,101,pending_no_gpu_admission,,,,16550,2026-10-19T19:50:00-06:00
f24e9383331c43e2,native_selected,23,4,211,pending_no_gpu_admission,,,,16550,2026-10-19T19:50:00-06:00
f24e9383331c43e2,native_selected,23,4,307,pending_no_gpu_admission,,,,16550,2026-10-19T19:50:00-06:00
f24e9383331c43e2,native_selected,37,1,101,pending_no_gpu_admission,,,,16560,2026-10-19T20:00:00-06:00
f24e9383331c43e2,native_selected,37,1,211,pending_no_gpu_admission,,,,16560,2026-10-19T20:00:00-06:00
f24e9383331c43e2,native_selected,37,1,307,pending_no_gpu_admission,,,,16560,2026-10-19T20:00:00-06:00
f24e9383331c43e2,native_selected,37,4,101,pending_no_gpu_admission,,,,16560,2026-10-19T20:00:00-06:00
f24e9383331c43e2,native_selected,37,4,211,pending_no_gpu_admission,,,,16560,2026-10-19T20:00:00-06:00
f24e9383331c43e2,native_selected,37,4,307,pending_no_gpu_admission,,,,16560,2026-10-19T20:00:00-06:00
f24e9383331c43e2,native_selected,53,1,101,pending_no_gpu_admission,,,,16570,2026-10-19T20:10:00-06:00
f24e9383331c43e2,native_selected,53,1,211,pending_no_gpu_admission,,,,16570,2026-10-19T20:10:00-06:00
f24e9383331c43e2,native_selected,53,1,307,pending_no_gpu_admission,,,,16570,2026-10-19T20:10:00-06:00
f24e9383331c43e2,native_selected,53,4,101,pending_no_gpu_admission,,,,16570,2026-10-19T20:10:00-06:00
f24e9383331c43e2,native_selected,53,4,211,pending_no_gpu_admission,,,,16570,2026-10-19T20:10:00-06:00
f24e9383331c43e2,native_selected,53,4,307,pending_no_gpu_admission,,,,16570,2026-10-19T20:10:00-06:00
f24e9383331c43e2,native_selected,71,1,101,pending_no_gpu_admission,,,,16580,2026-10-19T20:20:00-06:00
f24e9383331c43e2,native_selected,71,1,211,pending_no_gpu_admission,,,,16580,2026-10-19T20:20:00-06:00
f24e9383331c43e2,native_selected,71,1,307,pending_no_gpu_admission,,,,16580,2026-10-19T20:20:00-06:00
f24e9383331c43e2,native_selected,71,4,101,pending_no_gpu_admission,,,,16580,2026-10-19T20:20:00-06:00
f24e9383331c43e2,native_selected,71,4,211,pending_no_gpu_admission,,,,16580,2026-10-19T20:20:00-06:00
f24e9383331c43e2,native_selected,71,4,307,pending_no_gpu_admission,,,,16580,2026-10-19T20:20:00-06:00
f652ea96eff62654,author_default,11,1,101,pending_no_gpu_admission,,,,16670,2026-10-19T21:50:00-06:00
f652ea96eff62654,author_default,11,1,211,pending_no_gpu_admission,,,,16670,2026-10-19T21:50:00-06:00
f652ea96eff62654,author_default,11,1,307,pending_no_gpu_admission,,,,16670,2026-10-19T21:50:00-06:00
f652ea96eff62654,author_default,11,4,101,pending_no_gpu_admission,,,,16670,2026-10-19T21:50:00-06:00
f652ea96eff62654,author_default,11,4,211,pending_no_gpu_admission,,,,16670,2026-10-19T21:50:00-06:00
f652ea96eff62654,author_default,11,4,307,pending_no_gpu_admission,,,,16670,2026-10-19T21:50:00-06:00
f652ea96eff62654,author_default,23,1,101,pending_no_gpu_admission,,,,16680,2026-10-19T22:00:00-06:00
f652ea96eff62654,author_default,23,1,211,pending_no_gpu_admission,,,,16680,2026-10-19T22:00:00-06:00
f652ea96eff62654,author_default,23,1,307,pending_no_gpu_admission,,,,16680,2026-10-19T22:00:00-06:00
f652ea96eff62654,author_default,23,4,101,pending_no_gpu_admission,,,,16680,2026-10-19T22:00:00-06:00
f652ea96eff62654,author_default,23,4,211,pending_no_gpu_admission,,,,16680,2026-10-19T22:00:00-06:00
f652ea96eff62654,author_default,23,4,307,pending_no_gpu_admission,,,,16680,2026-10-19T22:00:00-06:00
f652ea96eff62654,author_default,37,1,101,pending_no_gpu_admission,,,,16690,2026-10-19T22:10:00-06:00
f652ea96eff62654,author_default,37,1,211,pending_no_gpu_admission,,,,16690,2026-10-19T22:10:00-06:00
f652ea96eff62654,author_default,37,1,307,pending_no_gpu_admission,,,,16690,2026-10-19T22:10:00-06:00
f652ea96eff62654,author_default,37,4,101,pending_no_gpu_admission,,,,16690,2026-10-19T22:10:00-06:00
f652ea96eff62654,author_default,37,4,211,pending_no_gpu_admission,,,,16690,2026-10-19T22:10:00-06:00
f652ea96eff62654,author_default,37,4,307,pending_no_gpu_admission,,,,16690,2026-10-19T22:10:00-06:00
f652ea96eff62654,author_default,53,1,101,pending_no_gpu_admission,,,,16700,2026-10-19T22:20:00-06:00
f652ea96eff62654,author_default,53,1,211,pending_no_gpu_admission,,,,16700,2026-10-19T22:20:00-06:00
f652ea96eff62654,author_default,53,1,307,pending_no_gpu_admission,,,,16700,2026-10-19T22:20:00-06:00
f652ea96eff62654,author_default,53,4,101,pending_no_gpu_admission,,,,16700,2026-10-19T22:20:00-06:00
f652ea96eff62654,author_default,53,4,211,pending_no_gpu_admission,,,,16700,2026-10-19T22:20:00-06:00
f652ea96eff62654,author_default,53,4,307,pending_no_gpu_admission,,,,16700,2026-10-19T22:20:00-06:00
f652ea96eff62654,author_default,71,1,101,pending_no_gpu_admission,,,,16710,2026-10-19T22:30:00-06:00
f652ea96eff62654,author_default,71,1,211,pending_no_gpu_admission,,,,16710,2026-10-19T22:30:00-06:00
f652ea96eff62654,author_default,71,1,307,pending_no_gpu_admission,,,,16710,2026-10-19T22:30:00-06:00
f652ea96eff62654,author_default,71,4,101,pending_no_gpu_admission,,,,16710,2026-10-19T22:30:00-06:00
f652ea96eff62654,author_default,71,4,211,pending_no_gpu_admission,,,,16710,2026-10-19T22:30:00-06:00
f652ea96eff62654,author_default,71,4,307,pending_no_gpu_admission,,,,16710,2026-10-19T22:30:00-06:00
f652ea96eff62654,native_selected,11,1,101,pending_no_gpu_admission,,,,16660,2026-10-19T21:40:00-06:00
f652ea96eff62654,native_selected,11,1,211,pending_no_gpu_admission,,,,16660,2026-10-19T21:40:00-06:00
f652ea96eff62654,native_selected,11,1,307,pending_no_gpu_admission,,,,16660,2026-10-19T21:40:00-06:00
f652ea96eff62654,native_selected,11,4,101,pending_no_gpu_admission,,,,16660,2026-10-19T21:40:00-06:00
f652ea96eff62654,native_selected,11,4,211,pending_no_gpu_admission,,,,16660,2026-10-19T21:40:00-06:00
f652ea96eff62654,native_selected,11,4,307,pending_no_gpu_admission,,,,16660,2026-10-19T21:40:00-06:00
f652ea96eff62654,native_selected,23,1,101,pending_no_gpu_admission,,,,16720,2026-10-19T22:40:00-06:00
f652ea96eff62654,native_selected,23,1,211,pending_no_gpu_admission,,,,16720,2026-10-19T22:40:00-06:00
f652ea96eff62654,native_selected,23,1,307,pending_no_gpu_admission,,,,16720,2026-10-19T22:40:00-06:00
f652ea96eff62654,native_selected,23,4,101,pending_no_gpu_admission,,,,16720,2026-10-19T22:40:00-06:00
f652ea96eff62654,native_selected,23,4,211,pending_no_gpu_admission,,,,16720,2026-10-19T22:40:00-06:00
f652ea96eff62654,native_selected,23,4,307,pending_no_gpu_admission,,,,16720,2026-10-19T22:40:00-06:00
f652ea96eff62654,native_selected,37,1,101,pending_no_gpu_admission,,,,16730,2026-10-19T22:50:00-06:00
f652ea96eff62654,native_selected,37,1,211,pending_no_gpu_admission,,,,16730,2026-10-19T22:50:00-06:00
f652ea96eff62654,native_selected,37,1,307,pending_no_gpu_admission,,,,16730,2026-10-19T22:50:00-06:00
f652ea96eff62654,native_selected,37,4,101,pending_no_gpu_admission,,,,16730,2026-10-19T22:50:00-06:00
f652ea96eff62654,native_selected,37,4,211,pending_no_gpu_admission,,,,16730,2026-10-19T22:50:00-06:00
f652ea96eff62654,native_selected,37,4,307,pending_no_gpu_admission,,,,16730,2026-10-19T22:50:00-06:00
f652ea96eff62654,native_selected,53,1,101,pending_no_gpu_admission,,,,16740,2026-10-19T23:00:00-06:00
f652ea96eff62654,native_selected,53,1,211,pending_no_gpu_admission,,,,16740,2026-10-19T23:00:00-06:00
f652ea96eff62654,native_selected,53,1,307,pending_no_gpu_admission,,,,16740,2026-10-19T23:00:00-06:00
f652ea96eff62654,native_selected,53,4,101,pending_no_gpu_admission,,,,16740,2026-10-19T23:00:00-06:00
f652ea96eff62654,native_selected,53,4,211,pending_no_gpu_admission,,,,16740,2026-10-19T23:00:00-06:00
f652ea96eff62654,native_selected,53,4,307,pending_no_gpu_admission,,,,16740,2026-10-19T23:00:00-06:00
f652ea96eff62654,native_selected,71,1,101,pending_no_gpu_admission,,,,16750,2026-10-19T23:10:00-06:00
f652ea96eff62654,native_selected,71,1,211,pending_no_gpu_admission,,,,16750,2026-10-19T23:10:00-06:00
f652ea96eff62654,native_selected,71,1,307,pending_no_gpu_admission,,,,16750,2026-10-19T23:10:00-06:00
f652ea96eff62654,native_selected,71,4,101,pending_no_gpu_admission,,,,16750,2026-10-19T23:10:00-06:00
f652ea96eff62654,native_selected,71,4,211,pending_no_gpu_admission,,,,16750,2026-10-19T23:10:00-06:00
f652ea96eff62654,native_selected,71,4,307,pending_no_gpu_admission,,,,16750,2026-10-19T23:10:00-06:00
f8cf362e371e8960,author_default,11,1,101,pending_no_gpu_admission,,,,16840,2026-10-20T00:40:00-06:00
f8cf362e371e8960,author_default,11,1,211,pending_no_gpu_admission,,,,16840,2026-10-20T00:40:00-06:00
f8cf362e371e8960,author_default,11,1,307,pending_no_gpu_admission,,,,16840,2026-10-20T00:40:00-06:00
f8cf362e371e8960,author_default,11,4,101,pending_no_gpu_admission,,,,16840,2026-10-20T00:40:00-06:00
f8cf362e371e8960,author_default,11,4,211,pending_no_gpu_admission,,,,16840,2026-10-20T00:40:00-06:00
f8cf362e371e8960,author_default,11,4,307,pending_no_gpu_admission,,,,16840,2026-10-20T00:40:00-06:00
f8cf362e371e8960,author_default,23,1,101,pending_no_gpu_admission,,,,16850,2026-10-20T00:50:00-06:00
f8cf362e371e8960,author_default,23,1,211,pending_no_gpu_admission,,,,16850,2026-10-20T00:50:00-06:00
f8cf362e371e8960,author_default,23,1,307,pending_no_gpu_admission,,,,16850,2026-10-20T00:50:00-06:00
f8cf362e371e8960,author_default,23,4,101,pending_no_gpu_admission,,,,16850,2026-10-20T00:50:00-06:00
f8cf362e371e8960,author_default,23,4,211,pending_no_gpu_admission,,,,16850,2026-10-20T00:50:00-06:00
f8cf362e371e8960,author_default,23,4,307,pending_no_gpu_admission,,,,16850,2026-10-20T00:50:00-06:00
f8cf362e371e8960,author_default,37,1,101,pending_no_gpu_admission,,,,16860,2026-10-20T01:00:00-06:00
f8cf362e371e8960,author_default,37,1,211,pending_no_gpu_admission,,,,16860,2026-10-20T01:00:00-06:00
f8cf362e371e8960,author_default,37,1,307,pending_no_gpu_admission,,,,16860,2026-10-20T01:00:00-06:00
f8cf362e371e8960,author_default,37,4,101,pending_no_gpu_admission,,,,16860,2026-10-20T01:00:00-06:00
f8cf362e371e8960,author_default,37,4,211,pending_no_gpu_admission,,,,16860,2026-10-20T01:00:00-06:00
f8cf362e371e8960,author_default,37,4,307,pending_no_gpu_admission,,,,16860,2026-10-20T01:00:00-06:00
f8cf362e371e8960,author_default,53,1,101,pending_no_gpu_admission,,,,16870,2026-10-20T01:10:00-06:00
f8cf362e371e8960,author_default,53,1,211,pending_no_gpu_admission,,,,16870,2026-10-20T01:10:00-06:00
f8cf362e371e8960,author_default,53,1,307,pending_no_gpu_admission,,,,16870,2026-10-20T01:10:00-06:00
f8cf362e371e8960,author_default,53,4,101,pending_no_gpu_admission,,,,16870,2026-10-20T01:10:00-06:00
f8cf362e371e8960,author_default,53,4,211,pending_no_gpu_admission,,,,16870,2026-10-20T01:10:00-06:00
f8cf362e371e8960,author_default,53,4,307,pending_no_gpu_admission,,,,16870,2026-10-20T01:10:00-06:00
f8cf362e371e8960,author_default,71,1,101,pending_no_gpu_admission,,,,16880,2026-10-20T01:20:00-06:00
f8cf362e371e8960,author_default,71,1,211,pending_no_gpu_admission,,,,16880,2026-10-20T01:20:00-06:00
f8cf362e371e8960,author_default,71,1,307,pending_no_gpu_admission,,,,16880,2026-10-20T01:20:00-06:00
f8cf362e371e8960,author_default,71,4,101,pending_no_gpu_admission,,,,16880,2026-10-20T01:20:00-06:00
f8cf362e371e8960,author_default,71,4,211,pending_no_gpu_admission,,,,16880,2026-10-20T01:20:00-06:00
f8cf362e371e8960,author_default,71,4,307,pending_no_gpu_admission,,,,16880,2026-10-20T01:20:00-06:00
f8cf362e371e8960,native_selected,11,1,101,pending_no_gpu_admission,,,,16830,2026-10-20T00:30:00-06:00
f8cf362e371e8960,native_selected,11,1,211,pending_no_gpu_admission,,,,16830,2026-10-20T00:30:00-06:00
f8cf362e371e8960,native_selected,11,1,307,pending_no_gpu_admission,,,,16830,2026-10-20T00:30:00-06:00
f8cf362e371e8960,native_selected,11,4,101,pending_no_gpu_admission,,,,16830,2026-10-20T00:30:00-06:00
f8cf362e371e8960,native_selected,11,4,211,pending_no_gpu_admission,,,,16830,2026-10-20T00:30:00-06:00
f8cf362e371e8960,native_selected,11,4,307,pending_no_gpu_admission,,,,16830,2026-10-20T00:30:00-06:00
f8cf362e371e8960,native_selected,23,1,101,pending_no_gpu_admission,,,,16890,2026-10-20T01:30:00-06:00
f8cf362e371e8960,native_selected,23,1,211,pending_no_gpu_admission,,,,16890,2026-10-20T01:30:00-06:00
f8cf362e371e8960,native_selected,23,1,307,pending_no_gpu_admission,,,,16890,2026-10-20T01:30:00-06:00
f8cf362e371e8960,native_selected,23,4,101,pending_no_gpu_admission,,,,16890,2026-10-20T01:30:00-06:00
f8cf362e371e8960,native_selected,23,4,211,pending_no_gpu_admission,,,,16890,2026-10-20T01:30:00-06:00
f8cf362e371e8960,native_selected,23,4,307,pending_no_gpu_admission,,,,16890,2026-10-20T01:30:00-06:00
f8cf362e371e8960,native_selected,37,1,101,pending_no_gpu_admission,,,,16900,2026-10-20T01:40:00-06:00
f8cf362e371e8960,native_selected,37,1,211,pending_no_gpu_admission,,,,16900,2026-10-20T01:40:00-06:00
f8cf362e371e8960,native_selected,37,1,307,pending_no_gpu_admission,,,,16900,2026-10-20T01:40:00-06:00
f8cf362e371e8960,native_selected,37,4,101,pending_no_gpu_admission,,,,16900,2026-10-20T01:40:00-06:00
f8cf362e371e8960,native_selected,37,4,211,pending_no_gpu_admission,,,,16900,2026-10-20T01:40:00-06:00
f8cf362e371e8960,native_selected,37,4,307,pending_no_gpu_admission,,,,16900,2026-10-20T01:40:00-06:00
f8cf362e371e8960,native_selected,53,1,101,pending_no_gpu_admission,,,,16910,2026-10-20T01:50:00-06:00
f8cf362e371e8960,native_selected,53,1,211,pending_no_gpu_admission,,,,16910,2026-10-20T01:50:00-06:00
f8cf362e371e8960,native_selected,53,1,307,pending_no_gpu_admission,,,,16910,2026-10-20T01:50:00-06:00
f8cf362e371e8960,native_selected,53,4,101,pending_no_gpu_admission,,,,16910,2026-10-20T01:50:00-06:00
f8cf362e371e8960,native_selected,53,4,211,pending_no_gpu_admission,,,,16910,2026-10-20T01:50:00-06:00
f8cf362e371e8960,native_selected,53,4,307,pending_no_gpu_admission,,,,16910,2026-10-20T01:50:00-06:00
f8cf362e371e8960,native_selected,71,1,101,pending_no_gpu_admission,,,,16920,2026-10-20T02:00:00-06:00
f8cf362e371e8960,native_selected,71,1,211,pending_no_gpu_admission,,,,16920,2026-10-20T02:00:00-06:00
f8cf362e371e8960,native_selected,71,1,307,pending_no_gpu_admission,,,,16920,2026-10-20T02:00:00-06:00
f8cf362e371e8960,native_selected,71,4,101,pending_no_gpu_admission,,,,16920,2026-10-20T02:00:00-06:00
f8cf362e371e8960,native_selected,71,4,211,pending_no_gpu_admission,,,,16920,2026-10-20T02:00:00-06:00
f8cf362e371e8960,native_selected,71,4,307,pending_no_gpu_admission,,,,16920,2026-10-20T02:00:00-06:00
fc3812567b5fdd64,author_default,11,1,101,pending_no_gpu_admission,,,,17010,2026-10-20T03:30:00-06:00
fc3812567b5fdd64,author_default,11,1,211,pending_no_gpu_admission,,,,17010,2026-10-20T03:30:00-06:00
fc3812567b5fdd64,author_default,11,1,307,pending_no_gpu_admission,,,,17010,2026-10-20T03:30:00-06:00
fc3812567b5fdd64,author_default,11,4,101,pending_no_gpu_admission,,,,17010,2026-10-20T03:30:00-06:00
fc3812567b5fdd64,author_default,11,4,211,pending_no_gpu_admission,,,,17010,2026-10-20T03:30:00-06:00
fc3812567b5fdd64,author_default,11,4,307,pending_no_gpu_admission,,,,17010,2026-10-20T03:30:00-06:00
fc3812567b5fdd64,author_default,23,1,101,pending_no_gpu_admission,,,,17020,2026-10-20T03:40:00-06:00
fc3812567b5fdd64,author_default,23,1,211,pending_no_gpu_admission,,,,17020,2026-10-20T03:40:00-06:00
fc3812567b5fdd64,author_default,23,1,307,pending_no_gpu_admission,,,,17020,2026-10-20T03:40:00-06:00
fc3812567b5fdd64,author_default,23,4,101,pending_no_gpu_admission,,,,17020,2026-10-20T03:40:00-06:00
fc3812567b5fdd64,author_default,23,4,211,pending_no_gpu_admission,,,,17020,2026-10-20T03:40:00-06:00
fc3812567b5fdd64,author_default,23,4,307,pending_no_gpu_admission,,,,17020,2026-10-20T03:40:00-06:00
fc3812567b5fdd64,author_default,37,1,101,pending_no_gpu_admission,,,,17030,2026-10-20T03:50:00-06:00
fc3812567b5fdd64,author_default,37,1,211,pending_no_gpu_admission,,,,17030,2026-10-20T03:50:00-06:00
fc3812567b5fdd64,author_default,37,1,307,pending_no_gpu_admission,,,,17030,2026-10-20T03:50:00-06:00
fc3812567b5fdd64,author_default,37,4,101,pending_no_gpu_admission,,,,17030,2026-10-20T03:50:00-06:00
fc3812567b5fdd64,author_default,37,4,211,pending_no_gpu_admission,,,,17030,2026-10-20T03:50:00-06:00
fc3812567b5fdd64,author_default,37,4,307,pending_no_gpu_admission,,,,17030,2026-10-20T03:50:00-06:00
fc3812567b5fdd64,author_default,53,1,101,pending_no_gpu_admission,,,,17040,2026-10-20T04:00:00-06:00
fc3812567b5fdd64,author_default,53,1,211,pending_no_gpu_admission,,,,17040,2026-10-20T04:00:00-06:00
fc3812567b5fdd64,author_default,53,1,307,pending_no_gpu_admission,,,,17040,2026-10-20T04:00:00-06:00
fc3812567b5fdd64,author_default,53,4,101,pending_no_gpu_admission,,,,17040,2026-10-20T04:00:00-06:00
fc3812567b5fdd64,author_default,53,4,211,pending_no_gpu_admission,,,,17040,2026-10-20T04:00:00-06:00
fc3812567b5fdd64,author_default,53,4,307,pending_no_gpu_admission,,,,17040,2026-10-20T04:00:00-06:00
fc3812567b5fdd64,author_default,71,1,101,pending_no_gpu_admission,,,,17050,2026-10-20T04:10:00-06:00
fc3812567b5fdd64,author_default,71,1,211,pending_no_gpu_admission,,,,17050,2026-10-20T04:10:00-06:00
fc3812567b5fdd64,author_default,71,1,307,pending_no_gpu_admission,,,,17050,2026-10-20T04:10:00-06:00
fc3812567b5fdd64,author_default,71,4,101,pending_no_gpu_admission,,,,17050,2026-10-20T04:10:00-06:00
fc3812567b5fdd64,author_default,71,4,211,pending_no_gpu_admission,,,,17050,2026-10-20T04:10:00-06:00
fc3812567b5fdd64,author_default,71,4,307,pending_no_gpu_admission,,,,17050,2026-10-20T04:10:00-06:00
fc3812567b5fdd64,native_selected,11,1,101,pending_no_gpu_admission,,,,17000,2026-10-20T03:20:00-06:00
fc3812567b5fdd64,native_selected,11,1,211,pending_no_gpu_admission,,,,17000,2026-10-20T03:20:00-06:00
fc3812567b5fdd64,native_selected,11,1,307,pending_no_gpu_admission,,,,17000,2026-10-20T03:20:00-06:00
fc3812567b5fdd64,native_selected,11,4,101,pending_no_gpu_admission,,,,17000,2026-10-20T03:20:00-06:00
fc3812567b5fdd64,native_selected,11,4,211,pending_no_gpu_admission,,,,17000,2026-10-20T03:20:00-06:00
fc3812567b5fdd64,native_selected,11,4,307,pending_no_gpu_admission,,,,17000,2026-10-20T03:20:00-06:00
fc3812567b5fdd64,native_selected,23,1,101,pending_no_gpu_admission,,,,17060,2026-10-20T04:20:00-06:00
fc3812567b5fdd64,native_selected,23,1,211,pending_no_gpu_admission,,,,17060,2026-10-20T04:20:00-06:00
fc3812567b5fdd64,native_selected,23,1,307,pending_no_gpu_admission,,,,17060,2026-10-20T04:20:00-06:00
fc3812567b5fdd64,native_selected,23,4,101,pending_no_gpu_admission,,,,17060,2026-10-20T04:20:00-06:00
fc3812567b5fdd64,native_selected,23,4,211,pending_no_gpu_admission,,,,17060,2026-10-20T04:20:00-06:00
fc3812567b5fdd64,native_selected,23,4,307,pending_no_gpu_admission,,,,17060,2026-10-20T04:20:00-06:00
fc3812567b5fdd64,native_selected,37,1,101,pending_no_gpu_admission,,,,17070,2026-10-20T04:30:00-06:00
fc3812567b5fdd64,native_selected,37,1,211,pending_no_gpu_admission,,,,17070,2026-10-20T04:30:00-06:00
fc3812567b5fdd64,native_selected,37,1,307,pending_no_gpu_admission,,,,17070,2026-10-20T04:30:00-06:00
fc3812567b5fdd64,native_selected,37,4,101,pending_no_gpu_admission,,,,17070,2026-10-20T04:30:00-06:00
fc3812567b5fdd64,native_selected,37,4,211,pending_no_gpu_admission,,,,17070,2026-10-20T04:30:00-06:00
fc3812567b5fdd64,native_selected,37,4,307,pending_no_gpu_admission,,,,17070,2026-10-20T04:30:00-06:00
fc3812567b5fdd64,native_selected,53,1,101,pending_no_gpu_admission,,,,17080,2026-10-20T04:40:00-06:00
fc3812567b5fdd64,native_selected,53,1,211,pending_no_gpu_admission,,,,17080,2026-10-20T04:40:00-06:00
fc3812567b5fdd64,native_selected,53,1,307,pending_no_gpu_admission,,,,17080,2026-10-20T04:40:00-06:00
fc3812567b5fdd64,native_selected,53,4,101,pending_no_gpu_admission,,,,17080,2026-10-20T04:40:00-06:00
fc3812567b5fdd64,native_selected,53,4,211,pending_no_gpu_admission,,,,17080,2026-10-20T04:40:00-06:00
fc3812567b5fdd64,native_selected,53,4,307,pending_no_gpu_admission,,,,17080,2026-10-20T04:40:00-06:00
fc3812567b5fdd64,native_selected,71,1,101,pending_no_gpu_admission,,,,17090,2026-10-20T04:50:00-06:00
fc3812567b5fdd64,native_selected,71,1,211,pending_no_gpu_admission,,,,17090,2026-10-20T04:50:00-06:00
fc3812567b5fdd64,native_selected,71,1,307,pending_no_gpu_admission,,,,17090,2026-10-20T04:50:00-06:00
fc3812567b5fdd64,native_selected,71,4,101,pending_no_gpu_admission,,,,17090,2026-10-20T04:50:00-06:00
fc3812567b5fdd64,native_selected,71,4,211,pending_no_gpu_admission,,,,17090,2026-10-20T04:50:00-06:00
fc3812567b5fdd64,native_selected,71,4,307,pending_no_gpu_admission,,,,17090,2026-10-20T04:50:00-06:00
fe6d7ac3fcd3129e,author_default,11,1,101,pending_no_gpu_admission,,,,17180,2026-10-20T06:20:00-06:00
fe6d7ac3fcd3129e,author_default,11,1,211,pending_no_gpu_admission,,,,17180,2026-10-20T06:20:00-06:00
fe6d7ac3fcd3129e,author_default,11,1,307,pending_no_gpu_admission,,,,17180,2026-10-20T06:20:00-06:00
fe6d7ac3fcd3129e,author_default,11,4,101,pending_no_gpu_admission,,,,17180,2026-10-20T06:20:00-06:00
fe6d7ac3fcd3129e,author_default,11,4,211,pending_no_gpu_admission,,,,17180,2026-10-20T06:20:00-06:00
fe6d7ac3fcd3129e,author_default,11,4,307,pending_no_gpu_admission,,,,17180,2026-10-20T06:20:00-06:00
fe6d7ac3fcd3129e,author_default,23,1,101,pending_no_gpu_admission,,,,17190,2026-10-20T06:30:00-06:00
fe6d7ac3fcd3129e,author_default,23,1,211,pending_no_gpu_admission,,,,17190,2026-10-20T06:30:00-06:00
fe6d7ac3fcd3129e,author_default,23,1,307,pending_no_gpu_admission,,,,17190,2026-10-20T06:30:00-06:00
fe6d7ac3fcd3129e,author_default,23,4,101,pending_no_gpu_admission,,,,17190,2026-10-20T06:30:00-06:00
fe6d7ac3fcd3129e,author_default,23,4,211,pending_no_gpu_admission,,,,17190,2026-10-20T06:30:00-06:00
fe6d7ac3fcd3129e,author_default,23,4,307,pending_no_gpu_admission,,,,17190,2026-10-20T06:30:00-06:00
fe6d7ac3fcd3129e,author_default,37,1,101,pending_no_gpu_admission,,,,17200,2026-10-20T06:40:00-06:00
fe6d7ac3fcd3129e,author_default,37,1,211,pending_no_gpu_admission,,,,17200,2026-10-20T06:40:00-06:00
fe6d7ac3fcd3129e,author_default,37,1,307,pending_no_gpu_admission,,,,17200,2026-10-20T06:40:00-06:00
fe6d7ac3fcd3129e,author_default,37,4,101,pending_no_gpu_admission,,,,17200,2026-10-20T06:40:00-06:00
fe6d7ac3fcd3129e,author_default,37,4,211,pending_no_gpu_admission,,,,17200,2026-10-20T06:40:00-06:00
fe6d7ac3fcd3129e,author_default,37,4,307,pending_no_gpu_admission,,,,17200,2026-10-20T06:40:00-06:00
fe6d7ac3fcd3129e,author_default,53,1,101,pending_no_gpu_admission,,,,17210,2026-10-20T06:50:00-06:00
fe6d7ac3fcd3129e,author_default,53,1,211,pending_no_gpu_admission,,,,17210,2026-10-20T06:50:00-06:00
fe6d7ac3fcd3129e,author_default,53,1,307,pending_no_gpu_admission,,,,17210,2026-10-20T06:50:00-06:00
fe6d7ac3fcd3129e,author_default,53,4,101,pending_no_gpu_admission,,,,17210,2026-10-20T06:50:00-06:00
fe6d7ac3fcd3129e,author_default,53,4,211,pending_no_gpu_admission,,,,17210,2026-10-20T06:50:00-06:00
fe6d7ac3fcd3129e,author_default,53,4,307,pending_no_gpu_admission,,,,17210,2026-10-20T06:50:00-06:00
fe6d7ac3fcd3129e,author_default,71,1,101,pending_no_gpu_admission,,,,17220,2026-10-20T07:00:00-06:00
fe6d7ac3fcd3129e,author_default,71,1,211,pending_no_gpu_admission,,,,17220,2026-10-20T07:00:00-06:00
fe6d7ac3fcd3129e,author_default,71,1,307,pending_no_gpu_admission,,,,17220,2026-10-20T07:00:00-06:00
fe6d7ac3fcd3129e,author_default,71,4,101,pending_no_gpu_admission,,,,17220,2026-10-20T07:00:00-06:00
fe6d7ac3fcd3129e,author_default,71,4,211,pending_no_gpu_admission,,,,17220,2026-10-20T07:00:00-06:00
fe6d7ac3fcd3129e,author_default,71,4,307,pending_no_gpu_admission,,,,17220,2026-10-20T07:00:00-06:00
fe6d7ac3fcd3129e,native_selected,11,1,101,pending_no_gpu_admission,,,,17170,2026-10-20T06:10:00-06:00
fe6d7ac3fcd3129e,native_selected,11,1,211,pending_no_gpu_admission,,,,17170,2026-10-20T06:10:00-06:00
fe6d7ac3fcd3129e,native_selected,11,1,307,pending_no_gpu_admission,,,,17170,2026-10-20T06:10:00-06:00
fe6d7ac3fcd3129e,native_selected,11,4,101,pending_no_gpu_admission,,,,17170,2026-10-20T06:10:00-06:00
fe6d7ac3fcd3129e,native_selected,11,4,211,pending_no_gpu_admission,,,,17170,2026-10-20T06:10:00-06:00
fe6d7ac3fcd3129e,native_selected,11,4,307,pending_no_gpu_admission,,,,17170,2026-10-20T06:10:00-06:00
fe6d7ac3fcd3129e,native_selected,23,1,101,pending_no_gpu_admission,,,,17230,2026-10-20T07:10:00-06:00
fe6d7ac3fcd3129e,native_selected,23,1,211,pending_no_gpu_admission,,,,17230,2026-10-20T07:10:00-06:00
fe6d7ac3fcd3129e,native_selected,23,1,307,pending_no_gpu_admission,,,,17230,2026-10-20T07:10:00-06:00
fe6d7ac3fcd3129e,native_selected,23,4,101,pending_no_gpu_admission,,,,17230,2026-10-20T07:10:00-06:00
fe6d7ac3fcd3129e,native_selected,23,4,211,pending_no_gpu_admission,,,,17230,2026-10-20T07:10:00-06:00
fe6d7ac3fcd3129e,native_selected,23,4,307,pending_no_gpu_admission,,,,17230,2026-10-20T07:10:00-06:00
fe6d7ac3fcd3129e,native_selected,37,1,101,pending_no_gpu_admission,,,,17240,2026-10-20T07:20:00-06:00
fe6d7ac3fcd3129e,native_selected,37,1,211,pending_no_gpu_admission,,,,17240,2026-10-20T07:20:00-06:00
fe6d7ac3fcd3129e,native_selected,37,1,307,pending_no_gpu_admission,,,,17240,2026-10-20T07:20:00-06:00
fe6d7ac3fcd3129e,native_selected,37,4,101,pending_no_gpu_admission,,,,17240,2026-10-20T07:20:00-06:00
fe6d7ac3fcd3129e,native_selected,37,4,211,pending_no_gpu_admission,,,,17240,2026-10-20T07:20:00-06:00
fe6d7ac3fcd3129e,native_selected,37,4,307,pending_no_gpu_admission,,,,17240,2026-10-20T07:20:00-06:00
fe6d7ac3fcd3129e,native_selected,53,1,101,pending_no_gpu_admission,,,,17250,2026-10-20T07:30:00-06:00
fe6d7ac3fcd3129e,native_selected,53,1,211,pending_no_gpu_admission,,,,17250,2026-10-20T07:30:00-06:00
fe6d7ac3fcd3129e,native_selected,53,1,307,pending_no_gpu_admission,,,,17250,2026-10-20T07:30:00-06:00
fe6d7ac3fcd3129e,native_selected,53,4,101,pending_no_gpu_admission,,,,17250,2026-10-20T07:30:00-06:00
fe6d7ac3fcd3129e,native_selected,53,4,211,pending_no_gpu_admission,,,,17250,2026-10-20T07:30:00-06:00
fe6d7ac3fcd3129e,native_selected,53,4,307,pending_no_gpu_admission,,,,17250,2026-10-20T07:30:00-06:00
fe6d7ac3fcd3129e,native_selected,71,1,101,pending_no_gpu_admission,,,,17260,2026-10-20T07:40:00-06:00
fe6d7ac3fcd3129e,native_selected,71,1,211,pending_no_gpu_admission,,,,17260,2026-10-20T07:40:00-06:00
fe6d7ac3fcd3129e,native_selected,71,1,307,pending_no_gpu_admission,,,,17260,2026-10-20T07:40:00-06:00
fe6d7ac3fcd3129e,native_selected,71,4,101,pending_no_gpu_admission,,,,17260,2026-10-20T07:40:00-06:00
fe6d7ac3fcd3129e,native_selected,71,4,211,pending_no_gpu_admission,,,,17260,2026-10-20T07:40:00-06:00
fe6d7ac3fcd3129e,native_selected,71,4,307,pending_no_gpu_admission,,,,17260,2026-10-20T07:40:00-06:00
